2026-03-18 00:00:21 [DEBUG] [com.zaxxer.hikari.pool.HikariPool] [logPoolState] [405] -> HikariPool-1 - Pool stats (total=10, active=0, idle=10, waiting=0)
2026-03-18 00:00:21 [DEBUG] [com.zaxxer.hikari.pool.HikariPool] [fillPool] [510] -> HikariPool-1 - Fill pool skipped, pool has sufficient level or currently being filled.
2026-03-18 00:00:51 [DEBUG] [com.zaxxer.hikari.pool.HikariPool] [logPoolState] [405] -> HikariPool-1 - Pool stats (total=10, active=0, idle=10, waiting=0)
2026-03-18 00:00:51 [DEBUG] [com.zaxxer.hikari.pool.HikariPool] [fillPool] [510] -> HikariPool-1 - Fill pool skipped, pool has sufficient level or currently being filled.
2026-03-18 00:01:21 [DEBUG] [com.zaxxer.hikari.pool.HikariPool] [logPoolState] [405] -> HikariPool-1 - Pool stats (total=10, active=0, idle=10, waiting=0)
2026-03-18 00:01:21 [DEBUG] [com.zaxxer.hikari.pool.HikariPool] [fillPool] [510] -> HikariPool-1 - Fill pool skipped, pool has sufficient level or currently being filled.
2026-03-18 00:01:51 [DEBUG] [com.zaxxer.hikari.pool.HikariPool] [logPoolState] [405] -> HikariPool-1 - Pool stats (total=10, active=0, idle=10, waiting=0)
2026-03-18 00:01:51 [DEBUG] [com.zaxxer.hikari.pool.HikariPool] [fillPool] [510] -> HikariPool-1 - Fill pool skipped, pool has sufficient level or currently being filled.
2026-03-18 00:02:21 [DEBUG] [com.zaxxer.hikari.pool.HikariPool] [logPoolState] [405] -> HikariPool-1 - Pool stats (total=10, active=0, idle=10, waiting=0)
2026-03-18 00:02:21 [DEBUG] [com.zaxxer.hikari.pool.HikariPool] [fillPool] [510] -> HikariPool-1 - Fill pool skipped, pool has sufficient level or currently being filled.
2026-03-18 00:02:51 [DEBUG] [com.zaxxer.hikari.pool.HikariPool] [logPoolState] [405] -> HikariPool-1 - Pool stats (total=10, active=0, idle=10, waiting=0)
2026-03-18 00:02:51 [DEBUG] [com.zaxxer.hikari.pool.HikariPool] [fillPool] [510] -> HikariPool-1 - Fill pool skipped, pool has sufficient level or currently being filled.
2026-03-18 00:03:21 [DEBUG] [com.zaxxer.hikari.pool.HikariPool] [logPoolState] [405] -> HikariPool-1 - Pool stats (total=10, active=0, idle=10, waiting=0)
2026-03-18 00:03:21 [DEBUG] [com.zaxxer.hikari.pool.HikariPool] [fillPool] [510] -> HikariPool-1 - Fill pool skipped, pool has sufficient level or currently being filled.
2026-03-18 00:03:51 [DEBUG] [com.zaxxer.hikari.pool.HikariPool] [logPoolState] [405] -> HikariPool-1 - Pool stats (total=10, active=0, idle=10, waiting=0)
2026-03-18 00:03:51 [DEBUG] [com.zaxxer.hikari.pool.HikariPool] [fillPool] [510] -> HikariPool-1 - Fill pool skipped, pool has sufficient level or currently being filled.
2026-03-18 00:04:21 [DEBUG] [com.zaxxer.hikari.pool.HikariPool] [logPoolState] [405] -> HikariPool-1 - Pool stats (total=10, active=0, idle=10, waiting=0)
2026-03-18 00:04:21 [DEBUG] [com.zaxxer.hikari.pool.HikariPool] [fillPool] [510] -> HikariPool-1 - Fill pool skipped, pool has sufficient level or currently being filled.
2026-03-18 00:04:51 [DEBUG] [com.zaxxer.hikari.pool.HikariPool] [logPoolState] [405] -> HikariPool-1 - Pool stats (total=10, active=0, idle=10, waiting=0)
2026-03-18 00:04:51 [DEBUG] [com.zaxxer.hikari.pool.HikariPool] [fillPool] [510] -> HikariPool-1 - Fill pool skipped, pool has sufficient level or currently being filled.
2026-03-18 00:05:21 [DEBUG] [com.zaxxer.hikari.pool.HikariPool] [logPoolState] [405] -> HikariPool-1 - Pool stats (total=10, active=0, idle=10, waiting=0)
2026-03-18 00:05:21 [DEBUG] [com.zaxxer.hikari.pool.HikariPool] [fillPool] [510] -> HikariPool-1 - Fill pool skipped, pool has sufficient level or currently being filled.
2026-03-18 00:05:51 [DEBUG] [com.zaxxer.hikari.pool.HikariPool] [logPoolState] [405] -> HikariPool-1 - Pool stats (total=10, active=0, idle=10, waiting=0)
2026-03-18 00:05:51 [DEBUG] [com.zaxxer.hikari.pool.HikariPool] [fillPool] [510] -> HikariPool-1 - Fill pool skipped, pool has sufficient level or currently being filled.
2026-03-18 00:06:21 [DEBUG] [com.zaxxer.hikari.pool.HikariPool] [logPoolState] [405] -> HikariPool-1 - Pool stats (total=10, active=0, idle=10, waiting=0)
2026-03-18 00:06:21 [DEBUG] [com.zaxxer.hikari.pool.HikariPool] [fillPool] [510] -> HikariPool-1 - Fill pool skipped, pool has sufficient level or currently being filled.
2026-03-18 00:06:51 [DEBUG] [com.zaxxer.hikari.pool.HikariPool] [logPoolState] [405] -> HikariPool-1 - Pool stats (total=10, active=0, idle=10, waiting=0)
2026-03-18 00:06:51 [DEBUG] [com.zaxxer.hikari.pool.HikariPool] [fillPool] [510] -> HikariPool-1 - Fill pool skipped, pool has sufficient level or currently being filled.
2026-03-18 00:07:21 [DEBUG] [com.zaxxer.hikari.pool.HikariPool] [logPoolState] [405] -> HikariPool-1 - Pool stats (total=10, active=0, idle=10, waiting=0)
2026-03-18 00:07:21 [DEBUG] [com.zaxxer.hikari.pool.HikariPool] [fillPool] [510] -> HikariPool-1 - Fill pool skipped, pool has sufficient level or currently being filled.
2026-03-18 00:07:51 [DEBUG] [com.zaxxer.hikari.pool.HikariPool] [logPoolState] [405] -> HikariPool-1 - Pool stats (total=10, active=0, idle=10, waiting=0)
2026-03-18 00:07:51 [DEBUG] [com.zaxxer.hikari.pool.HikariPool] [fillPool] [510] -> HikariPool-1 - Fill pool skipped, pool has sufficient level or currently being filled.
2026-03-18 00:08:21 [DEBUG] [com.zaxxer.hikari.pool.HikariPool] [logPoolState] [405] -> HikariPool-1 - Pool stats (total=10, active=0, idle=10, waiting=0)
2026-03-18 00:08:21 [DEBUG] [com.zaxxer.hikari.pool.HikariPool] [fillPool] [510] -> HikariPool-1 - Fill pool skipped, pool has sufficient level or currently being filled.
2026-03-18 00:08:51 [DEBUG] [com.zaxxer.hikari.pool.HikariPool] [logPoolState] [405] -> HikariPool-1 - Pool stats (total=10, active=0, idle=10, waiting=0)
2026-03-18 00:08:51 [DEBUG] [com.zaxxer.hikari.pool.HikariPool] [fillPool] [510] -> HikariPool-1 - Fill pool skipped, pool has sufficient level or currently being filled.
2026-03-18 00:09:21 [DEBUG] [com.zaxxer.hikari.pool.HikariPool] [logPoolState] [405] -> HikariPool-1 - Pool stats (total=10, active=0, idle=10, waiting=0)
2026-03-18 00:09:21 [DEBUG] [com.zaxxer.hikari.pool.HikariPool] [fillPool] [510] -> HikariPool-1 - Fill pool skipped, pool has sufficient level or currently being filled.
2026-03-18 00:09:51 [DEBUG] [com.zaxxer.hikari.pool.HikariPool] [logPoolState] [405] -> HikariPool-1 - Pool stats (total=10, active=0, idle=10, waiting=0)
2026-03-18 00:09:51 [DEBUG] [com.zaxxer.hikari.pool.HikariPool] [fillPool] [510] -> HikariPool-1 - Fill pool skipped, pool has sufficient level or currently being filled.
2026-03-18 00:10:21 [DEBUG] [com.zaxxer.hikari.pool.HikariPool] [logPoolState] [405] -> HikariPool-1 - Pool stats (total=10, active=0, idle=10, waiting=0)
2026-03-18 00:10:21 [DEBUG] [com.zaxxer.hikari.pool.HikariPool] [fillPool] [510] -> HikariPool-1 - Fill pool skipped, pool has sufficient level or currently being filled.
2026-03-18 00:10:51 [DEBUG] [com.zaxxer.hikari.pool.HikariPool] [logPoolState] [405] -> HikariPool-1 - Pool stats (total=10, active=0, idle=10, waiting=0)
2026-03-18 00:10:51 [DEBUG] [com.zaxxer.hikari.pool.HikariPool] [fillPool] [510] -> HikariPool-1 - Fill pool skipped, pool has sufficient level or currently being filled.
2026-03-18 00:11:21 [DEBUG] [com.zaxxer.hikari.pool.HikariPool] [logPoolState] [405] -> HikariPool-1 - Pool stats (total=10, active=0, idle=10, waiting=0)
2026-03-18 00:11:21 [DEBUG] [com.zaxxer.hikari.pool.HikariPool] [fillPool] [510] -> HikariPool-1 - Fill pool skipped, pool has sufficient level or currently being filled.
2026-03-18 00:11:51 [DEBUG] [com.zaxxer.hikari.pool.HikariPool] [logPoolState] [405] -> HikariPool-1 - Pool stats (total=10, active=0, idle=10, waiting=0)
2026-03-18 00:11:51 [DEBUG] [com.zaxxer.hikari.pool.HikariPool] [fillPool] [510] -> HikariPool-1 - Fill pool skipped, pool has sufficient level or currently being filled.
2026-03-18 00:12:21 [DEBUG] [com.zaxxer.hikari.pool.HikariPool] [logPoolState] [405] -> HikariPool-1 - Pool stats (total=10, active=0, idle=10, waiting=0)
2026-03-18 00:12:21 [DEBUG] [com.zaxxer.hikari.pool.HikariPool] [fillPool] [510] -> HikariPool-1 - Fill pool skipped, pool has sufficient level or currently being filled.
2026-03-18 00:12:51 [DEBUG] [com.zaxxer.hikari.pool.HikariPool] [logPoolState] [405] -> HikariPool-1 - Pool stats (total=10, active=0, idle=10, waiting=0)
2026-03-18 00:12:51 [DEBUG] [com.zaxxer.hikari.pool.HikariPool] [fillPool] [510] -> HikariPool-1 - Fill pool skipped, pool has sufficient level or currently being filled.
2026-03-18 00:13:21 [DEBUG] [com.zaxxer.hikari.pool.HikariPool] [logPoolState] [405] -> HikariPool-1 - Pool stats (total=10, active=0, idle=10, waiting=0)
2026-03-18 00:13:21 [DEBUG] [com.zaxxer.hikari.pool.HikariPool] [fillPool] [510] -> HikariPool-1 - Fill pool skipped, pool has sufficient level or currently being filled.
2026-03-18 00:13:51 [DEBUG] [com.zaxxer.hikari.pool.HikariPool] [logPoolState] [405] -> HikariPool-1 - Pool stats (total=10, active=0, idle=10, waiting=0)
2026-03-18 00:13:51 [DEBUG] [com.zaxxer.hikari.pool.HikariPool] [fillPool] [510] -> HikariPool-1 - Fill pool skipped, pool has sufficient level or currently being filled.
2026-03-18 00:14:21 [DEBUG] [com.zaxxer.hikari.pool.HikariPool] [logPoolState] [405] -> HikariPool-1 - Pool stats (total=10, active=0, idle=10, waiting=0)
2026-03-18 00:14:21 [DEBUG] [com.zaxxer.hikari.pool.HikariPool] [fillPool] [510] -> HikariPool-1 - Fill pool skipped, pool has sufficient level or currently being filled.
2026-03-18 00:14:51 [DEBUG] [com.zaxxer.hikari.pool.HikariPool] [logPoolState] [405] -> HikariPool-1 - Pool stats (total=10, active=0, idle=10, waiting=0)
2026-03-18 00:14:51 [DEBUG] [com.zaxxer.hikari.pool.HikariPool] [fillPool] [510] -> HikariPool-1 - Fill pool skipped, pool has sufficient level or currently being filled.
2026-03-18 00:15:21 [DEBUG] [com.zaxxer.hikari.pool.HikariPool] [logPoolState] [405] -> HikariPool-1 - Pool stats (total=10, active=0, idle=10, waiting=0)
2026-03-18 00:15:21 [DEBUG] [com.zaxxer.hikari.pool.HikariPool] [fillPool] [510] -> HikariPool-1 - Fill pool skipped, pool has sufficient level or currently being filled.
2026-03-18 00:15:52 [DEBUG] [com.zaxxer.hikari.pool.HikariPool] [logPoolState] [405] -> HikariPool-1 - Pool stats (total=10, active=0, idle=10, waiting=0)
2026-03-18 00:15:52 [DEBUG] [com.zaxxer.hikari.pool.HikariPool] [fillPool] [510] -> HikariPool-1 - Fill pool skipped, pool has sufficient level or currently being filled.
2026-03-18 00:16:22 [DEBUG] [com.zaxxer.hikari.pool.HikariPool] [logPoolState] [405] -> HikariPool-1 - Pool stats (total=10, active=0, idle=10, waiting=0)
2026-03-18 00:16:22 [DEBUG] [com.zaxxer.hikari.pool.HikariPool] [fillPool] [510] -> HikariPool-1 - Fill pool skipped, pool has sufficient level or currently being filled.
2026-03-18 00:16:52 [DEBUG] [com.zaxxer.hikari.pool.HikariPool] [logPoolState] [405] -> HikariPool-1 - Pool stats (total=10, active=0, idle=10, waiting=0)
2026-03-18 00:16:52 [DEBUG] [com.zaxxer.hikari.pool.HikariPool] [fillPool] [510] -> HikariPool-1 - Fill pool skipped, pool has sufficient level or currently being filled.
2026-03-18 00:17:22 [DEBUG] [com.zaxxer.hikari.pool.HikariPool] [logPoolState] [405] -> HikariPool-1 - Pool stats (total=10, active=0, idle=10, waiting=0)
2026-03-18 00:17:22 [DEBUG] [com.zaxxer.hikari.pool.HikariPool] [fillPool] [510] -> HikariPool-1 - Fill pool skipped, pool has sufficient level or currently being filled.
2026-03-18 00:17:52 [DEBUG] [com.zaxxer.hikari.pool.HikariPool] [logPoolState] [405] -> HikariPool-1 - Pool stats (total=10, active=0, idle=10, waiting=0)
2026-03-18 00:17:52 [DEBUG] [com.zaxxer.hikari.pool.HikariPool] [fillPool] [510] -> HikariPool-1 - Fill pool skipped, pool has sufficient level or currently being filled.
2026-03-18 00:18:22 [DEBUG] [com.zaxxer.hikari.pool.HikariPool] [logPoolState] [405] -> HikariPool-1 - Pool stats (total=10, active=0, idle=10, waiting=0)
2026-03-18 00:18:22 [DEBUG] [com.zaxxer.hikari.pool.HikariPool] [fillPool] [510] -> HikariPool-1 - Fill pool skipped, pool has sufficient level or currently being filled.
2026-03-18 00:18:52 [DEBUG] [com.zaxxer.hikari.pool.HikariPool] [logPoolState] [405] -> HikariPool-1 - Pool stats (total=10, active=0, idle=10, waiting=0)
2026-03-18 00:18:52 [DEBUG] [com.zaxxer.hikari.pool.HikariPool] [fillPool] [510] -> HikariPool-1 - Fill pool skipped, pool has sufficient level or currently being filled.
2026-03-18 00:19:22 [DEBUG] [com.zaxxer.hikari.pool.HikariPool] [logPoolState] [405] -> HikariPool-1 - Pool stats (total=10, active=0, idle=10, waiting=0)
2026-03-18 00:19:22 [DEBUG] [com.zaxxer.hikari.pool.HikariPool] [fillPool] [510] -> HikariPool-1 - Fill pool skipped, pool has sufficient level or currently being filled.
2026-03-18 00:19:52 [DEBUG] [com.zaxxer.hikari.pool.HikariPool] [logPoolState] [405] -> HikariPool-1 - Pool stats (total=10, active=0, idle=10, waiting=0)
2026-03-18 00:19:52 [DEBUG] [com.zaxxer.hikari.pool.HikariPool] [fillPool] [510] -> HikariPool-1 - Fill pool skipped, pool has sufficient level or currently being filled.
2026-03-18 00:20:22 [DEBUG] [com.zaxxer.hikari.pool.HikariPool] [logPoolState] [405] -> HikariPool-1 - Pool stats (total=10, active=0, idle=10, waiting=0)
2026-03-18 00:20:22 [DEBUG] [com.zaxxer.hikari.pool.HikariPool] [fillPool] [510] -> HikariPool-1 - Fill pool skipped, pool has sufficient level or currently being filled.
2026-03-18 00:20:52 [DEBUG] [com.zaxxer.hikari.pool.HikariPool] [logPoolState] [405] -> HikariPool-1 - Pool stats (total=10, active=0, idle=10, waiting=0)
2026-03-18 00:20:52 [DEBUG] [com.zaxxer.hikari.pool.HikariPool] [fillPool] [510] -> HikariPool-1 - Fill pool skipped, pool has sufficient level or currently being filled.
2026-03-18 00:21:22 [DEBUG] [com.zaxxer.hikari.pool.HikariPool] [logPoolState] [405] -> HikariPool-1 - Pool stats (total=10, active=0, idle=10, waiting=0)
2026-03-18 00:21:22 [DEBUG] [com.zaxxer.hikari.pool.HikariPool] [fillPool] [510] -> HikariPool-1 - Fill pool skipped, pool has sufficient level or currently being filled.
2026-03-18 00:21:52 [DEBUG] [com.zaxxer.hikari.pool.HikariPool] [logPoolState] [405] -> HikariPool-1 - Pool stats (total=10, active=0, idle=10, waiting=0)
2026-03-18 00:21:52 [DEBUG] [com.zaxxer.hikari.pool.HikariPool] [fillPool] [510] -> HikariPool-1 - Fill pool skipped, pool has sufficient level or currently being filled.
2026-03-18 00:22:09 [DEBUG] [com.zaxxer.hikari.pool.PoolBase] [quietlyCloseConnection] [133] -> HikariPool-1 - Closing connection com.mysql.cj.jdbc.ConnectionImpl@4618cc79: (connection has passed maxLifetime)
2026-03-18 00:22:10 [DEBUG] [com.zaxxer.hikari.pool.HikariPool] [call] [728] -> HikariPool-1 - Added connection com.mysql.cj.jdbc.ConnectionImpl@10744123
2026-03-18 00:22:10 [DEBUG] [com.zaxxer.hikari.pool.HikariPool] [logPoolState] [405] -> HikariPool-1 - Connection not added, stats (total=10, active=0, idle=10, waiting=0)
2026-03-18 00:22:14 [DEBUG] [com.zaxxer.hikari.pool.PoolBase] [quietlyCloseConnection] [133] -> HikariPool-1 - Closing connection com.mysql.cj.jdbc.ConnectionImpl@564d90c5: (connection has passed maxLifetime)
2026-03-18 00:22:14 [DEBUG] [com.zaxxer.hikari.pool.HikariPool] [call] [728] -> HikariPool-1 - Added connection com.mysql.cj.jdbc.ConnectionImpl@51494b18
2026-03-18 00:22:14 [DEBUG] [com.zaxxer.hikari.pool.HikariPool] [logPoolState] [405] -> HikariPool-1 - Connection not added, stats (total=10, active=0, idle=10, waiting=0)
2026-03-18 00:22:19 [DEBUG] [com.zaxxer.hikari.pool.PoolBase] [quietlyCloseConnection] [133] -> HikariPool-1 - Closing connection com.mysql.cj.jdbc.ConnectionImpl@17709afe: (connection has passed maxLifetime)
2026-03-18 00:22:19 [DEBUG] [com.zaxxer.hikari.pool.HikariPool] [call] [728] -> HikariPool-1 - Added connection com.mysql.cj.jdbc.ConnectionImpl@60523c19
2026-03-18 00:22:19 [DEBUG] [com.zaxxer.hikari.pool.HikariPool] [logPoolState] [405] -> HikariPool-1 - Connection not added, stats (total=10, active=0, idle=10, waiting=0)
2026-03-18 00:22:22 [DEBUG] [com.zaxxer.hikari.pool.HikariPool] [logPoolState] [405] -> HikariPool-1 - Pool stats (total=10, active=0, idle=10, waiting=0)
2026-03-18 00:22:22 [DEBUG] [com.zaxxer.hikari.pool.HikariPool] [fillPool] [510] -> HikariPool-1 - Fill pool skipped, pool has sufficient level or currently being filled.
2026-03-18 00:22:22 [DEBUG] [com.zaxxer.hikari.pool.PoolBase] [quietlyCloseConnection] [133] -> HikariPool-1 - Closing connection com.mysql.cj.jdbc.ConnectionImpl@775f65b1: (connection has passed maxLifetime)
2026-03-18 00:22:22 [DEBUG] [com.zaxxer.hikari.pool.HikariPool] [call] [728] -> HikariPool-1 - Added connection com.mysql.cj.jdbc.ConnectionImpl@3166b457
2026-03-18 00:22:22 [DEBUG] [com.zaxxer.hikari.pool.HikariPool] [logPoolState] [405] -> HikariPool-1 - Connection not added, stats (total=10, active=0, idle=10, waiting=0)
2026-03-18 00:22:27 [DEBUG] [com.zaxxer.hikari.pool.PoolBase] [quietlyCloseConnection] [133] -> HikariPool-1 - Closing connection com.mysql.cj.jdbc.ConnectionImpl@3e29dd77: (connection has passed maxLifetime)
2026-03-18 00:22:27 [DEBUG] [com.zaxxer.hikari.pool.HikariPool] [call] [728] -> HikariPool-1 - Added connection com.mysql.cj.jdbc.ConnectionImpl@7a137b4e
2026-03-18 00:22:27 [DEBUG] [com.zaxxer.hikari.pool.HikariPool] [logPoolState] [405] -> HikariPool-1 - Connection not added, stats (total=10, active=0, idle=10, waiting=0)
2026-03-18 00:22:29 [DEBUG] [com.zaxxer.hikari.pool.PoolBase] [quietlyCloseConnection] [133] -> HikariPool-1 - Closing connection com.mysql.cj.jdbc.ConnectionImpl@7f209b0a: (connection has passed maxLifetime)
2026-03-18 00:22:29 [DEBUG] [com.zaxxer.hikari.pool.HikariPool] [call] [728] -> HikariPool-1 - Added connection com.mysql.cj.jdbc.ConnectionImpl@35286980
2026-03-18 00:22:29 [DEBUG] [com.zaxxer.hikari.pool.HikariPool] [logPoolState] [405] -> HikariPool-1 - Connection not added, stats (total=10, active=0, idle=10, waiting=0)
2026-03-18 00:22:43 [DEBUG] [com.zaxxer.hikari.pool.PoolBase] [quietlyCloseConnection] [133] -> HikariPool-1 - Closing connection com.mysql.cj.jdbc.ConnectionImpl@24fc4b37: (connection has passed maxLifetime)
2026-03-18 00:22:43 [DEBUG] [com.zaxxer.hikari.pool.HikariPool] [call] [728] -> HikariPool-1 - Added connection com.mysql.cj.jdbc.ConnectionImpl@57a0bf63
2026-03-18 00:22:43 [DEBUG] [com.zaxxer.hikari.pool.HikariPool] [logPoolState] [405] -> HikariPool-1 - Connection not added, stats (total=10, active=0, idle=10, waiting=0)
2026-03-18 00:22:44 [DEBUG] [com.zaxxer.hikari.pool.PoolBase] [quietlyCloseConnection] [133] -> HikariPool-1 - Closing connection com.mysql.cj.jdbc.ConnectionImpl@7237820: (connection has passed maxLifetime)
2026-03-18 00:22:44 [DEBUG] [com.zaxxer.hikari.pool.HikariPool] [call] [728] -> HikariPool-1 - Added connection com.mysql.cj.jdbc.ConnectionImpl@169db558
2026-03-18 00:22:44 [DEBUG] [com.zaxxer.hikari.pool.HikariPool] [logPoolState] [405] -> HikariPool-1 - Connection not added, stats (total=10, active=0, idle=10, waiting=0)
2026-03-18 00:22:44 [DEBUG] [com.zaxxer.hikari.pool.PoolBase] [quietlyCloseConnection] [133] -> HikariPool-1 - Closing connection com.mysql.cj.jdbc.ConnectionImpl@262d8a07: (connection has passed maxLifetime)
2026-03-18 00:22:44 [DEBUG] [com.zaxxer.hikari.pool.HikariPool] [call] [728] -> HikariPool-1 - Added connection com.mysql.cj.jdbc.ConnectionImpl@2741c17b
2026-03-18 00:22:45 [DEBUG] [com.zaxxer.hikari.pool.HikariPool] [logPoolState] [405] -> HikariPool-1 - Connection not added, stats (total=10, active=0, idle=10, waiting=0)
2026-03-18 00:22:46 [DEBUG] [com.zaxxer.hikari.pool.PoolBase] [quietlyCloseConnection] [133] -> HikariPool-1 - Closing connection com.mysql.cj.jdbc.ConnectionImpl@7311fe47: (connection has passed maxLifetime)
2026-03-18 00:22:46 [DEBUG] [com.zaxxer.hikari.pool.HikariPool] [call] [728] -> HikariPool-1 - Added connection com.mysql.cj.jdbc.ConnectionImpl@76b24a17
2026-03-18 00:22:46 [DEBUG] [com.zaxxer.hikari.pool.HikariPool] [logPoolState] [405] -> HikariPool-1 - Connection not added, stats (total=10, active=0, idle=10, waiting=0)
2026-03-18 00:22:52 [DEBUG] [com.zaxxer.hikari.pool.HikariPool] [logPoolState] [405] -> HikariPool-1 - Pool stats (total=10, active=0, idle=10, waiting=0)
2026-03-18 00:22:52 [DEBUG] [com.zaxxer.hikari.pool.HikariPool] [fillPool] [510] -> HikariPool-1 - Fill pool skipped, pool has sufficient level or currently being filled.
2026-03-18 00:23:22 [DEBUG] [com.zaxxer.hikari.pool.HikariPool] [logPoolState] [405] -> HikariPool-1 - Pool stats (total=10, active=0, idle=10, waiting=0)
2026-03-18 00:23:22 [DEBUG] [com.zaxxer.hikari.pool.HikariPool] [fillPool] [510] -> HikariPool-1 - Fill pool skipped, pool has sufficient level or currently being filled.
2026-03-18 00:23:52 [DEBUG] [com.zaxxer.hikari.pool.HikariPool] [logPoolState] [405] -> HikariPool-1 - Pool stats (total=10, active=0, idle=10, waiting=0)
2026-03-18 00:23:52 [DEBUG] [com.zaxxer.hikari.pool.HikariPool] [fillPool] [510] -> HikariPool-1 - Fill pool skipped, pool has sufficient level or currently being filled.
2026-03-18 00:24:22 [DEBUG] [com.zaxxer.hikari.pool.HikariPool] [logPoolState] [405] -> HikariPool-1 - Pool stats (total=10, active=0, idle=10, waiting=0)
2026-03-18 00:24:22 [DEBUG] [com.zaxxer.hikari.pool.HikariPool] [fillPool] [510] -> HikariPool-1 - Fill pool skipped, pool has sufficient level or currently being filled.
2026-03-18 00:24:52 [DEBUG] [com.zaxxer.hikari.pool.HikariPool] [logPoolState] [405] -> HikariPool-1 - Pool stats (total=10, active=0, idle=10, waiting=0)
2026-03-18 00:24:52 [DEBUG] [com.zaxxer.hikari.pool.HikariPool] [fillPool] [510] -> HikariPool-1 - Fill pool skipped, pool has sufficient level or currently being filled.
2026-03-18 00:25:22 [DEBUG] [com.zaxxer.hikari.pool.HikariPool] [logPoolState] [405] -> HikariPool-1 - Pool stats (total=10, active=0, idle=10, waiting=0)
2026-03-18 00:25:22 [DEBUG] [com.zaxxer.hikari.pool.HikariPool] [fillPool] [510] -> HikariPool-1 - Fill pool skipped, pool has sufficient level or currently being filled.
2026-03-18 00:25:52 [DEBUG] [com.zaxxer.hikari.pool.HikariPool] [logPoolState] [405] -> HikariPool-1 - Pool stats (total=10, active=0, idle=10, waiting=0)
2026-03-18 00:25:52 [DEBUG] [com.zaxxer.hikari.pool.HikariPool] [fillPool] [510] -> HikariPool-1 - Fill pool skipped, pool has sufficient level or currently being filled.
2026-03-18 00:26:22 [DEBUG] [com.zaxxer.hikari.pool.HikariPool] [logPoolState] [405] -> HikariPool-1 - Pool stats (total=10, active=0, idle=10, waiting=0)
2026-03-18 00:26:22 [DEBUG] [com.zaxxer.hikari.pool.HikariPool] [fillPool] [510] -> HikariPool-1 - Fill pool skipped, pool has sufficient level or currently being filled.
2026-03-18 00:26:52 [DEBUG] [com.zaxxer.hikari.pool.HikariPool] [logPoolState] [405] -> HikariPool-1 - Pool stats (total=10, active=0, idle=10, waiting=0)
2026-03-18 00:26:52 [DEBUG] [com.zaxxer.hikari.pool.HikariPool] [fillPool] [510] -> HikariPool-1 - Fill pool skipped, pool has sufficient level or currently being filled.
2026-03-18 00:27:22 [DEBUG] [com.zaxxer.hikari.pool.HikariPool] [logPoolState] [405] -> HikariPool-1 - Pool stats (total=10, active=0, idle=10, waiting=0)
2026-03-18 00:27:22 [DEBUG] [com.zaxxer.hikari.pool.HikariPool] [fillPool] [510] -> HikariPool-1 - Fill pool skipped, pool has sufficient level or currently being filled.
2026-03-18 00:27:52 [DEBUG] [com.zaxxer.hikari.pool.HikariPool] [logPoolState] [405] -> HikariPool-1 - Pool stats (total=10, active=0, idle=10, waiting=0)
2026-03-18 00:27:52 [DEBUG] [com.zaxxer.hikari.pool.HikariPool] [fillPool] [510] -> HikariPool-1 - Fill pool skipped, pool has sufficient level or currently being filled.
2026-03-18 00:28:22 [DEBUG] [com.zaxxer.hikari.pool.HikariPool] [logPoolState] [405] -> HikariPool-1 - Pool stats (total=10, active=0, idle=10, waiting=0)
2026-03-18 00:28:22 [DEBUG] [com.zaxxer.hikari.pool.HikariPool] [fillPool] [510] -> HikariPool-1 - Fill pool skipped, pool has sufficient level or currently being filled.
2026-03-18 00:28:52 [DEBUG] [com.zaxxer.hikari.pool.HikariPool] [logPoolState] [405] -> HikariPool-1 - Pool stats (total=10, active=0, idle=10, waiting=0)
2026-03-18 00:28:52 [DEBUG] [com.zaxxer.hikari.pool.HikariPool] [fillPool] [510] -> HikariPool-1 - Fill pool skipped, pool has sufficient level or currently being filled.
2026-03-18 00:29:22 [DEBUG] [com.zaxxer.hikari.pool.HikariPool] [logPoolState] [405] -> HikariPool-1 - Pool stats (total=10, active=0, idle=10, waiting=0)
2026-03-18 00:29:22 [DEBUG] [com.zaxxer.hikari.pool.HikariPool] [fillPool] [510] -> HikariPool-1 - Fill pool skipped, pool has sufficient level or currently being filled.
2026-03-18 00:29:52 [DEBUG] [com.zaxxer.hikari.pool.HikariPool] [logPoolState] [405] -> HikariPool-1 - Pool stats (total=10, active=0, idle=10, waiting=0)
2026-03-18 00:29:52 [DEBUG] [com.zaxxer.hikari.pool.HikariPool] [fillPool] [510] -> HikariPool-1 - Fill pool skipped, pool has sufficient level or currently being filled.
2026-03-18 00:30:19 [DEBUG] [org.springframework.web.servlet.DispatcherServlet] [traceDebug] [120] -> POST "/account/wxLogin", parameters={}
2026-03-18 00:30:19 [DEBUG] [org.springframework.session.web.http.SessionRepositoryFilter.SESSION_LOGGER] [getSession] [301] -> No session found by id: Caching result for getSession(false) for this HttpServletRequest.
2026-03-18 00:30:19 [DEBUG] [org.springframework.web.servlet.mvc.method.annotation.RequestMappingHandlerMapping] [getHandler] [531] -> Mapped to com.javastudy.vocabease_api.controller.WechatLoginController#wxLogin(Map, HttpServletRequest)
2026-03-18 00:30:19 [DEBUG] [org.springframework.web.servlet.mvc.method.annotation.RequestResponseBodyMethodProcessor] [traceDebug] [120] -> Read "application/json;charset=UTF-8" to [{code=0a3OzlFa1fhgnL0HntFa1RQdzT2OzlF8, nickName=微信用户, avatarUrl=https://thirdwx.qlogo.cn/mmopen/vi_ (truncated)...]
2026-03-18 00:30:20 [DEBUG] [org.mybatis.spring.SqlSessionUtils] [debug] [49] -> Creating a new SqlSession
2026-03-18 00:30:20 [DEBUG] [org.mybatis.spring.SqlSessionUtils] [debug] [49] -> SqlSession [org.apache.ibatis.session.defaults.DefaultSqlSession@694f7900] was not registered for synchronization because synchronization is not active
2026-03-18 00:30:20 [DEBUG] [org.springframework.jdbc.datasource.DataSourceUtils] [doGetConnection] [117] -> Fetching JDBC Connection from DataSource
2026-03-18 00:30:20 [DEBUG] [org.mybatis.spring.transaction.SpringManagedTransaction] [debug] [49] -> JDBC Connection [HikariProxyConnection@1417381888 wrapping com.mysql.cj.jdbc.ConnectionImpl@10744123] will not be managed by Spring
2026-03-18 00:30:20 [DEBUG] [com.javastudy.vocabease_common.mappers.AppAccountMapper.selectByOpenId] [debug] [135] -> ==>  Preparing: select a.user_id,a.open_id,a.email,a.nick_name,a.avatar,a.password, a.gender,a.create_time,a.last_login_time,a.last_use_device_id,a.last_use_device_brand, a.last_login_ip,a.status from app_account a where open_id=? limit 1
2026-03-18 00:30:20 [DEBUG] [com.javastudy.vocabease_common.mappers.AppAccountMapper.selectByOpenId] [debug] [135] -> ==> Parameters: oNldS3WfYe__Ia7F01rIXU_dKArY(String)
2026-03-18 00:30:20 [DEBUG] [com.javastudy.vocabease_common.mappers.AppAccountMapper.selectByOpenId] [debug] [135] -> <==      Total: 1
2026-03-18 00:30:20 [DEBUG] [org.mybatis.spring.SqlSessionUtils] [debug] [49] -> Closing non transactional SqlSession [org.apache.ibatis.session.defaults.DefaultSqlSession@694f7900]
2026-03-18 00:30:20 [DEBUG] [org.mybatis.spring.SqlSessionUtils] [debug] [49] -> Creating a new SqlSession
2026-03-18 00:30:20 [DEBUG] [org.mybatis.spring.SqlSessionUtils] [debug] [49] -> SqlSession [org.apache.ibatis.session.defaults.DefaultSqlSession@a297b30] was not registered for synchronization because synchronization is not active
2026-03-18 00:30:20 [DEBUG] [org.springframework.jdbc.datasource.DataSourceUtils] [doGetConnection] [117] -> Fetching JDBC Connection from DataSource
2026-03-18 00:30:20 [DEBUG] [org.mybatis.spring.transaction.SpringManagedTransaction] [debug] [49] -> JDBC Connection [HikariProxyConnection@406623244 wrapping com.mysql.cj.jdbc.ConnectionImpl@10744123] will not be managed by Spring
2026-03-18 00:30:20 [DEBUG] [com.javastudy.vocabease_common.mappers.AppAccountMapper.updateByUserId] [debug] [135] -> ==>  Preparing: UPDATE app_account SET last_login_time = ?, last_use_device_id = ?, last_use_device_brand = ? where user_id=?
2026-03-18 00:30:20 [DEBUG] [com.javastudy.vocabease_common.mappers.AppAccountMapper.updateByUserId] [debug] [135] -> ==> Parameters: 2026-03-18 00:30:20.409(Timestamp), 17736468502392105274(String), devtools(String), DGRFD56pVa(String)
2026-03-18 00:30:20 [DEBUG] [com.javastudy.vocabease_common.mappers.AppAccountMapper.updateByUserId] [debug] [135] -> <==    Updates: 1
2026-03-18 00:30:20 [DEBUG] [org.mybatis.spring.SqlSessionUtils] [debug] [49] -> Closing non transactional SqlSession [org.apache.ibatis.session.defaults.DefaultSqlSession@a297b30]
2026-03-18 00:30:20 [DEBUG] [org.mybatis.spring.SqlSessionUtils] [debug] [49] -> Creating a new SqlSession
2026-03-18 00:30:20 [DEBUG] [org.mybatis.spring.SqlSessionUtils] [debug] [49] -> SqlSession [org.apache.ibatis.session.defaults.DefaultSqlSession@10a445e7] was not registered for synchronization because synchronization is not active
2026-03-18 00:30:20 [DEBUG] [org.springframework.jdbc.datasource.DataSourceUtils] [doGetConnection] [117] -> Fetching JDBC Connection from DataSource
2026-03-18 00:30:20 [DEBUG] [org.mybatis.spring.transaction.SpringManagedTransaction] [debug] [49] -> JDBC Connection [HikariProxyConnection@1368742968 wrapping com.mysql.cj.jdbc.ConnectionImpl@10744123] will not be managed by Spring
2026-03-18 00:30:20 [DEBUG] [com.javastudy.vocabease_common.mappers.AppAccountMapper.updateByUserId] [debug] [135] -> ==>  Preparing: UPDATE app_account SET last_login_time = ?, last_use_device_id = ?, last_use_device_brand = ?, last_login_ip = ? where user_id=?
2026-03-18 00:30:20 [DEBUG] [com.javastudy.vocabease_common.mappers.AppAccountMapper.updateByUserId] [debug] [135] -> ==> Parameters: 2026-03-18 00:30:20.431(Timestamp), 17736468502392105274(String), devtools(String), 0:0:0:0:0:0:0:1(String), DGRFD56pVa(String)
2026-03-18 00:30:20 [DEBUG] [com.javastudy.vocabease_common.mappers.AppAccountMapper.updateByUserId] [debug] [135] -> <==    Updates: 1
2026-03-18 00:30:20 [DEBUG] [org.mybatis.spring.SqlSessionUtils] [debug] [49] -> Closing non transactional SqlSession [org.apache.ibatis.session.defaults.DefaultSqlSession@10a445e7]
2026-03-18 00:30:20 [INFO] [com.javastudy.vocabease_common.utils.JWTUtil] [createToken] [32] -> === [生成 Token] 过期天数=604800, 计算出的毫秒增量=52254720000000, 过期时间=Wed Feb 04 00:30:20 CST 3682
2026-03-18 00:30:20 [INFO] [com.javastudy.vocabease_api.controller.WechatLoginController] [wxLogin] [84] -> === [登录接口] 生成 Token 使用的密钥：[test123456]
2026-03-18 00:30:20 [INFO] [com.javastudy.vocabease_api.controller.WechatLoginController] [wxLogin] [85] -> === [登录接口] 生成的 Token 前缀：[eyJ0eXAiOiJKV1QiLCJh...]
2026-03-18 00:30:20 [DEBUG] [org.springframework.web.servlet.mvc.method.annotation.RequestResponseBodyMethodProcessor] [writeWithMessageConverters] [275] -> Using 'application/json', given [*/*] and supported [application/json, application/*+json]
2026-03-18 00:30:20 [DEBUG] [org.springframework.web.servlet.mvc.method.annotation.RequestResponseBodyMethodProcessor] [traceDebug] [120] -> Writing [com.javastudy.vocabease_common.entity.vo.ResponseVO@768e42ff]
2026-03-18 00:30:20 [DEBUG] [org.springframework.web.servlet.DispatcherServlet] [logResult] [1138] -> Completed 200 OK
2026-03-18 00:30:20 [DEBUG] [org.springframework.session.web.http.SessionRepositoryFilter.SESSION_LOGGER] [getSession] [301] -> No session found by id: Caching result for getSession(false) for this HttpServletRequest.
2026-03-18 00:30:22 [DEBUG] [com.zaxxer.hikari.pool.HikariPool] [logPoolState] [405] -> HikariPool-1 - Pool stats (total=10, active=0, idle=10, waiting=0)
2026-03-18 00:30:22 [DEBUG] [com.zaxxer.hikari.pool.HikariPool] [fillPool] [510] -> HikariPool-1 - Fill pool skipped, pool has sufficient level or currently being filled.
2026-03-18 00:30:24 [DEBUG] [org.springframework.web.servlet.DispatcherServlet] [traceDebug] [120] -> GET "/myInfo/loadMyInfo", parameters={}
2026-03-18 00:30:24 [DEBUG] [org.springframework.session.web.http.SessionRepositoryFilter.SESSION_LOGGER] [getSession] [301] -> No session found by id: Caching result for getSession(false) for this HttpServletRequest.
2026-03-18 00:30:24 [DEBUG] [org.springframework.web.servlet.mvc.method.annotation.RequestMappingHandlerMapping] [getHandler] [531] -> Mapped to com.javastudy.vocabease_api.controller.MyInfoController#loadMyInfo(String)
2026-03-18 00:30:24 [INFO] [com.javastudy.vocabease_common.utils.JWTUtil] [getTokenData] [51] -> === [验证接口] 验证 Token 使用的密钥：[test123456]
2026-03-18 00:30:24 [INFO] [com.javastudy.vocabease_common.utils.JWTUtil] [getTokenData] [52] -> === [验证接口] 待验证 Token 前缀：[eyJ0eXAiOiJKV1QiLCJh...]
2026-03-18 00:30:24 [DEBUG] [org.mybatis.spring.SqlSessionUtils] [debug] [49] -> Creating a new SqlSession
2026-03-18 00:30:24 [DEBUG] [org.mybatis.spring.SqlSessionUtils] [debug] [49] -> SqlSession [org.apache.ibatis.session.defaults.DefaultSqlSession@29d8f3a4] was not registered for synchronization because synchronization is not active
2026-03-18 00:30:24 [DEBUG] [org.springframework.jdbc.datasource.DataSourceUtils] [doGetConnection] [117] -> Fetching JDBC Connection from DataSource
2026-03-18 00:30:24 [DEBUG] [org.mybatis.spring.transaction.SpringManagedTransaction] [debug] [49] -> JDBC Connection [HikariProxyConnection@656349423 wrapping com.mysql.cj.jdbc.ConnectionImpl@10744123] will not be managed by Spring
2026-03-18 00:30:24 [DEBUG] [com.javastudy.vocabease_common.mappers.AppAccountMapper.selectByUserId] [debug] [135] -> ==>  Preparing: select a.user_id,a.open_id,a.email,a.nick_name,a.avatar,a.password, a.gender,a.create_time,a.last_login_time,a.last_use_device_id,a.last_use_device_brand, a.last_login_ip,a.status from app_account a where user_id=?
2026-03-18 00:30:24 [DEBUG] [com.javastudy.vocabease_common.mappers.AppAccountMapper.selectByUserId] [debug] [135] -> ==> Parameters: DGRFD56pVa(String)
2026-03-18 00:30:24 [DEBUG] [com.javastudy.vocabease_common.mappers.AppAccountMapper.selectByUserId] [debug] [135] -> <==      Total: 1
2026-03-18 00:30:24 [DEBUG] [org.mybatis.spring.SqlSessionUtils] [debug] [49] -> Closing non transactional SqlSession [org.apache.ibatis.session.defaults.DefaultSqlSession@29d8f3a4]
2026-03-18 00:30:24 [DEBUG] [org.springframework.web.servlet.mvc.method.annotation.RequestResponseBodyMethodProcessor] [writeWithMessageConverters] [275] -> Using 'application/json', given [*/*] and supported [application/json, application/*+json]
2026-03-18 00:30:24 [DEBUG] [org.springframework.web.servlet.mvc.method.annotation.RequestResponseBodyMethodProcessor] [traceDebug] [120] -> Writing [com.javastudy.vocabease_common.entity.vo.ResponseVO@662212d4]
2026-03-18 00:30:24 [DEBUG] [org.springframework.web.servlet.DispatcherServlet] [logResult] [1138] -> Completed 200 OK
2026-03-18 00:30:24 [DEBUG] [org.springframework.session.web.http.SessionRepositoryFilter.SESSION_LOGGER] [getSession] [301] -> No session found by id: Caching result for getSession(false) for this HttpServletRequest.
2026-03-18 00:30:24 [DEBUG] [org.springframework.web.servlet.DispatcherServlet] [traceDebug] [120] -> GET "/VocabEase/avatar/DGRFD56pVa.jpeg", parameters={}
2026-03-18 00:30:25 [DEBUG] [org.springframework.session.web.http.SessionRepositoryFilter.SESSION_LOGGER] [getSession] [301] -> No session found by id: Caching result for getSession(false) for this HttpServletRequest.
2026-03-18 00:30:25 [DEBUG] [org.springframework.web.servlet.handler.SimpleUrlHandlerMapping] [getHandler] [531] -> Mapped to ResourceHttpRequestHandler [URL [file:/D:/IdeaProject/VocabEase/avatar/]]
2026-03-18 00:30:25 [DEBUG] [org.springframework.web.servlet.DispatcherServlet] [logResult] [1138] -> Completed 304 NOT_MODIFIED
2026-03-18 00:30:25 [DEBUG] [org.springframework.session.web.http.SessionRepositoryFilter.SESSION_LOGGER] [getSession] [301] -> No session found by id: Caching result for getSession(false) for this HttpServletRequest.
2026-03-18 00:30:27 [DEBUG] [org.springframework.web.servlet.DispatcherServlet] [traceDebug] [120] -> GET "/myInfo/loadMyCollect?collectType=2&PageNum=1", parameters={masked}
2026-03-18 00:30:27 [DEBUG] [org.springframework.session.web.http.SessionRepositoryFilter.SESSION_LOGGER] [getSession] [301] -> No session found by id: Caching result for getSession(false) for this HttpServletRequest.
2026-03-18 00:30:27 [DEBUG] [org.springframework.web.servlet.mvc.method.annotation.RequestMappingHandlerMapping] [getHandler] [531] -> Mapped to com.javastudy.vocabease_api.controller.MyInfoController#loadMyCollect(String, Integer)
2026-03-18 00:30:27 [INFO] [com.javastudy.vocabease_common.utils.JWTUtil] [getTokenData] [51] -> === [验证接口] 验证 Token 使用的密钥：[test123456]
2026-03-18 00:30:27 [INFO] [com.javastudy.vocabease_common.utils.JWTUtil] [getTokenData] [52] -> === [验证接口] 待验证 Token 前缀：[eyJ0eXAiOiJKV1QiLCJh...]
2026-03-18 00:30:27 [INFO] [com.javastudy.vocabease_common.utils.JWTUtil] [getTokenData] [51] -> === [验证接口] 验证 Token 使用的密钥：[test123456]
2026-03-18 00:30:27 [INFO] [com.javastudy.vocabease_common.utils.JWTUtil] [getTokenData] [52] -> === [验证接口] 待验证 Token 前缀：[eyJ0eXAiOiJKV1QiLCJh...]
2026-03-18 00:30:27 [DEBUG] [org.mybatis.spring.SqlSessionUtils] [debug] [49] -> Creating a new SqlSession
2026-03-18 00:30:27 [DEBUG] [org.mybatis.spring.SqlSessionUtils] [debug] [49] -> SqlSession [org.apache.ibatis.session.defaults.DefaultSqlSession@3f65e2a0] was not registered for synchronization because synchronization is not active
2026-03-18 00:30:27 [DEBUG] [org.springframework.jdbc.datasource.DataSourceUtils] [doGetConnection] [117] -> Fetching JDBC Connection from DataSource
2026-03-18 00:30:27 [DEBUG] [org.mybatis.spring.transaction.SpringManagedTransaction] [debug] [49] -> JDBC Connection [HikariProxyConnection@1914110673 wrapping com.mysql.cj.jdbc.ConnectionImpl@10744123] will not be managed by Spring
2026-03-18 00:30:27 [DEBUG] [com.javastudy.vocabease_common.mappers.AppCollectMapper.selectCount] [debug] [135] -> ==>  Preparing: SELECT count(1) FROM app_collect a WHERE a.user_id = ? and a.collect_type = ?
2026-03-18 00:30:27 [DEBUG] [com.javastudy.vocabease_common.mappers.AppCollectMapper.selectCount] [debug] [135] -> ==> Parameters: DGRFD56pVa(String), 2(Integer)
2026-03-18 00:30:27 [DEBUG] [com.javastudy.vocabease_common.mappers.AppCollectMapper.selectCount] [debug] [135] -> <==      Total: 1
2026-03-18 00:30:27 [DEBUG] [org.mybatis.spring.SqlSessionUtils] [debug] [49] -> Closing non transactional SqlSession [org.apache.ibatis.session.defaults.DefaultSqlSession@3f65e2a0]
2026-03-18 00:30:27 [DEBUG] [org.mybatis.spring.SqlSessionUtils] [debug] [49] -> Creating a new SqlSession
2026-03-18 00:30:27 [DEBUG] [org.mybatis.spring.SqlSessionUtils] [debug] [49] -> SqlSession [org.apache.ibatis.session.defaults.DefaultSqlSession@1827fc33] was not registered for synchronization because synchronization is not active
2026-03-18 00:30:27 [DEBUG] [org.springframework.jdbc.datasource.DataSourceUtils] [doGetConnection] [117] -> Fetching JDBC Connection from DataSource
2026-03-18 00:30:27 [DEBUG] [org.mybatis.spring.transaction.SpringManagedTransaction] [debug] [49] -> JDBC Connection [HikariProxyConnection@147291509 wrapping com.mysql.cj.jdbc.ConnectionImpl@10744123] will not be managed by Spring
2026-03-18 00:30:27 [DEBUG] [com.javastudy.vocabease_common.mappers.AppCollectMapper.selectList] [debug] [135] -> ==>  Preparing: SELECT a.collect_id,a.user_id,a.object_id,a.collect_type,a.collect_time FROM app_collect a WHERE a.user_id = ? and a.collect_type = ? order by collect_time desc limit ?,?
2026-03-18 00:30:27 [DEBUG] [com.javastudy.vocabease_common.mappers.AppCollectMapper.selectList] [debug] [135] -> ==> Parameters: DGRFD56pVa(String), 2(Integer), 0(Integer), 15(Integer)
2026-03-18 00:30:27 [DEBUG] [com.javastudy.vocabease_common.mappers.AppCollectMapper.selectList] [debug] [135] -> <==      Total: 2
2026-03-18 00:30:27 [DEBUG] [org.mybatis.spring.SqlSessionUtils] [debug] [49] -> Closing non transactional SqlSession [org.apache.ibatis.session.defaults.DefaultSqlSession@1827fc33]
2026-03-18 00:30:27 [DEBUG] [org.mybatis.spring.SqlSessionUtils] [debug] [49] -> Creating a new SqlSession
2026-03-18 00:30:27 [DEBUG] [org.mybatis.spring.SqlSessionUtils] [debug] [49] -> SqlSession [org.apache.ibatis.session.defaults.DefaultSqlSession@16ea1016] was not registered for synchronization because synchronization is not active
2026-03-18 00:30:27 [DEBUG] [org.springframework.jdbc.datasource.DataSourceUtils] [doGetConnection] [117] -> Fetching JDBC Connection from DataSource
2026-03-18 00:30:27 [DEBUG] [org.mybatis.spring.transaction.SpringManagedTransaction] [debug] [49] -> JDBC Connection [HikariProxyConnection@831238300 wrapping com.mysql.cj.jdbc.ConnectionImpl@10744123] will not be managed by Spring
2026-03-18 00:30:27 [DEBUG] [com.javastudy.vocabease_common.mappers.ArticleMapper.selectList] [debug] [135] -> ==>  Preparing: SELECT a.article_id,a.title,a.level, a.create_time,a.status,a.creater_id,a.read_count,a.collect_count, a.post_type,c.category_name as category_name,u.user_name as user_name FROM article a LEFT JOIN article2category a2c ON a.article_id = a2c.article_id LEFT JOIN category c ON a2c.category_id = c.category_id LEFT JOIN account u ON a.creater_id = u.user_id WHERE a.article_id in(?,? ) order by field(a.article_id,6,1)
2026-03-18 00:30:27 [DEBUG] [com.javastudy.vocabease_common.mappers.ArticleMapper.selectList] [debug] [135] -> ==> Parameters: 6(String), 1(String)
2026-03-18 00:30:27 [DEBUG] [com.javastudy.vocabease_common.mappers.ArticleMapper.selectList] [debug] [135] -> <==      Total: 2
2026-03-18 00:30:27 [DEBUG] [org.mybatis.spring.SqlSessionUtils] [debug] [49] -> Closing non transactional SqlSession [org.apache.ibatis.session.defaults.DefaultSqlSession@16ea1016]
2026-03-18 00:30:27 [DEBUG] [org.springframework.web.servlet.mvc.method.annotation.RequestResponseBodyMethodProcessor] [writeWithMessageConverters] [275] -> Using 'application/json', given [*/*] and supported [application/json, application/*+json]
2026-03-18 00:30:27 [DEBUG] [org.springframework.web.servlet.mvc.method.annotation.RequestResponseBodyMethodProcessor] [traceDebug] [120] -> Writing [com.javastudy.vocabease_common.entity.vo.ResponseVO@27843d2e]
2026-03-18 00:30:27 [DEBUG] [org.springframework.web.servlet.DispatcherServlet] [logResult] [1138] -> Completed 200 OK
2026-03-18 00:30:27 [DEBUG] [org.springframework.session.web.http.SessionRepositoryFilter.SESSION_LOGGER] [getSession] [301] -> No session found by id: Caching result for getSession(false) for this HttpServletRequest.
2026-03-18 00:30:52 [DEBUG] [com.zaxxer.hikari.pool.HikariPool] [logPoolState] [405] -> HikariPool-1 - Pool stats (total=10, active=0, idle=10, waiting=0)
2026-03-18 00:30:52 [DEBUG] [com.zaxxer.hikari.pool.HikariPool] [fillPool] [510] -> HikariPool-1 - Fill pool skipped, pool has sufficient level or currently being filled.
2026-03-18 00:31:22 [DEBUG] [com.zaxxer.hikari.pool.HikariPool] [logPoolState] [405] -> HikariPool-1 - Pool stats (total=10, active=0, idle=10, waiting=0)
2026-03-18 00:31:22 [DEBUG] [com.zaxxer.hikari.pool.HikariPool] [fillPool] [510] -> HikariPool-1 - Fill pool skipped, pool has sufficient level or currently being filled.
2026-03-18 00:31:32 [DEBUG] [org.springframework.web.servlet.DispatcherServlet] [traceDebug] [120] -> POST "/account/wxLogin", parameters={}
2026-03-18 00:31:32 [DEBUG] [org.springframework.session.web.http.SessionRepositoryFilter.SESSION_LOGGER] [getSession] [301] -> No session found by id: Caching result for getSession(false) for this HttpServletRequest.
2026-03-18 00:31:32 [DEBUG] [org.springframework.web.servlet.mvc.method.annotation.RequestMappingHandlerMapping] [getHandler] [531] -> Mapped to com.javastudy.vocabease_api.controller.WechatLoginController#wxLogin(Map, HttpServletRequest)
2026-03-18 00:31:32 [DEBUG] [org.springframework.web.servlet.mvc.method.annotation.RequestResponseBodyMethodProcessor] [traceDebug] [120] -> Read "application/json;charset=UTF-8" to [{code=0e3WWEkl2Q6cnh42EZkl2tlZOk3WWEk9, nickName=微信用户, avatarUrl=https://thirdwx.qlogo.cn/mmopen/vi_ (truncated)...]
2026-03-18 00:31:33 [DEBUG] [org.mybatis.spring.SqlSessionUtils] [debug] [49] -> Creating a new SqlSession
2026-03-18 00:31:33 [DEBUG] [org.mybatis.spring.SqlSessionUtils] [debug] [49] -> SqlSession [org.apache.ibatis.session.defaults.DefaultSqlSession@11f4b192] was not registered for synchronization because synchronization is not active
2026-03-18 00:31:33 [DEBUG] [org.springframework.jdbc.datasource.DataSourceUtils] [doGetConnection] [117] -> Fetching JDBC Connection from DataSource
2026-03-18 00:31:33 [DEBUG] [org.mybatis.spring.transaction.SpringManagedTransaction] [debug] [49] -> JDBC Connection [HikariProxyConnection@70563257 wrapping com.mysql.cj.jdbc.ConnectionImpl@10744123] will not be managed by Spring
2026-03-18 00:31:33 [DEBUG] [com.javastudy.vocabease_common.mappers.AppAccountMapper.selectByOpenId] [debug] [135] -> ==>  Preparing: select a.user_id,a.open_id,a.email,a.nick_name,a.avatar,a.password, a.gender,a.create_time,a.last_login_time,a.last_use_device_id,a.last_use_device_brand, a.last_login_ip,a.status from app_account a where open_id=? limit 1
2026-03-18 00:31:33 [DEBUG] [com.javastudy.vocabease_common.mappers.AppAccountMapper.selectByOpenId] [debug] [135] -> ==> Parameters: oNldS3WfYe__Ia7F01rIXU_dKArY(String)
2026-03-18 00:31:33 [DEBUG] [com.javastudy.vocabease_common.mappers.AppAccountMapper.selectByOpenId] [debug] [135] -> <==      Total: 1
2026-03-18 00:31:33 [DEBUG] [org.mybatis.spring.SqlSessionUtils] [debug] [49] -> Closing non transactional SqlSession [org.apache.ibatis.session.defaults.DefaultSqlSession@11f4b192]
2026-03-18 00:31:33 [DEBUG] [org.mybatis.spring.SqlSessionUtils] [debug] [49] -> Creating a new SqlSession
2026-03-18 00:31:33 [DEBUG] [org.mybatis.spring.SqlSessionUtils] [debug] [49] -> SqlSession [org.apache.ibatis.session.defaults.DefaultSqlSession@69411eed] was not registered for synchronization because synchronization is not active
2026-03-18 00:31:33 [DEBUG] [org.springframework.jdbc.datasource.DataSourceUtils] [doGetConnection] [117] -> Fetching JDBC Connection from DataSource
2026-03-18 00:31:33 [DEBUG] [org.mybatis.spring.transaction.SpringManagedTransaction] [debug] [49] -> JDBC Connection [HikariProxyConnection@1569540726 wrapping com.mysql.cj.jdbc.ConnectionImpl@10744123] will not be managed by Spring
2026-03-18 00:31:33 [DEBUG] [com.javastudy.vocabease_common.mappers.AppAccountMapper.updateByUserId] [debug] [135] -> ==>  Preparing: UPDATE app_account SET last_login_time = ?, last_use_device_id = ?, last_use_device_brand = ? where user_id=?
2026-03-18 00:31:33 [DEBUG] [com.javastudy.vocabease_common.mappers.AppAccountMapper.updateByUserId] [debug] [135] -> ==> Parameters: 2026-03-18 00:31:33.123(Timestamp), 17736468502392105274(String), devtools(String), DGRFD56pVa(String)
2026-03-18 00:31:33 [DEBUG] [com.javastudy.vocabease_common.mappers.AppAccountMapper.updateByUserId] [debug] [135] -> <==    Updates: 1
2026-03-18 00:31:33 [DEBUG] [org.mybatis.spring.SqlSessionUtils] [debug] [49] -> Closing non transactional SqlSession [org.apache.ibatis.session.defaults.DefaultSqlSession@69411eed]
2026-03-18 00:31:33 [DEBUG] [org.mybatis.spring.SqlSessionUtils] [debug] [49] -> Creating a new SqlSession
2026-03-18 00:31:33 [DEBUG] [org.mybatis.spring.SqlSessionUtils] [debug] [49] -> SqlSession [org.apache.ibatis.session.defaults.DefaultSqlSession@5fdb5841] was not registered for synchronization because synchronization is not active
2026-03-18 00:31:33 [DEBUG] [org.springframework.jdbc.datasource.DataSourceUtils] [doGetConnection] [117] -> Fetching JDBC Connection from DataSource
2026-03-18 00:31:33 [DEBUG] [org.mybatis.spring.transaction.SpringManagedTransaction] [debug] [49] -> JDBC Connection [HikariProxyConnection@1041007393 wrapping com.mysql.cj.jdbc.ConnectionImpl@10744123] will not be managed by Spring
2026-03-18 00:31:33 [DEBUG] [com.javastudy.vocabease_common.mappers.AppAccountMapper.updateByUserId] [debug] [135] -> ==>  Preparing: UPDATE app_account SET last_login_time = ?, last_use_device_id = ?, last_use_device_brand = ?, last_login_ip = ? where user_id=?
2026-03-18 00:31:33 [DEBUG] [com.javastudy.vocabease_common.mappers.AppAccountMapper.updateByUserId] [debug] [135] -> ==> Parameters: 2026-03-18 00:31:33.131(Timestamp), 17736468502392105274(String), devtools(String), 0:0:0:0:0:0:0:1(String), DGRFD56pVa(String)
2026-03-18 00:31:33 [DEBUG] [com.javastudy.vocabease_common.mappers.AppAccountMapper.updateByUserId] [debug] [135] -> <==    Updates: 1
2026-03-18 00:31:33 [DEBUG] [org.mybatis.spring.SqlSessionUtils] [debug] [49] -> Closing non transactional SqlSession [org.apache.ibatis.session.defaults.DefaultSqlSession@5fdb5841]
2026-03-18 00:31:33 [INFO] [com.javastudy.vocabease_common.utils.JWTUtil] [createToken] [32] -> === [生成 Token] 过期天数=604800, 计算出的毫秒增量=52254720000000, 过期时间=Wed Feb 04 00:31:33 CST 3682
2026-03-18 00:31:33 [INFO] [com.javastudy.vocabease_api.controller.WechatLoginController] [wxLogin] [84] -> === [登录接口] 生成 Token 使用的密钥：[test123456]
2026-03-18 00:31:33 [INFO] [com.javastudy.vocabease_api.controller.WechatLoginController] [wxLogin] [85] -> === [登录接口] 生成的 Token 前缀：[eyJ0eXAiOiJKV1QiLCJh...]
2026-03-18 00:31:33 [DEBUG] [org.springframework.web.servlet.mvc.method.annotation.RequestResponseBodyMethodProcessor] [writeWithMessageConverters] [275] -> Using 'application/json', given [*/*] and supported [application/json, application/*+json]
2026-03-18 00:31:33 [DEBUG] [org.springframework.web.servlet.mvc.method.annotation.RequestResponseBodyMethodProcessor] [traceDebug] [120] -> Writing [com.javastudy.vocabease_common.entity.vo.ResponseVO@5db553ea]
2026-03-18 00:31:33 [DEBUG] [org.springframework.web.servlet.DispatcherServlet] [logResult] [1138] -> Completed 200 OK
2026-03-18 00:31:33 [DEBUG] [org.springframework.session.web.http.SessionRepositoryFilter.SESSION_LOGGER] [getSession] [301] -> No session found by id: Caching result for getSession(false) for this HttpServletRequest.
2026-03-18 00:31:36 [DEBUG] [org.springframework.web.servlet.DispatcherServlet] [traceDebug] [120] -> GET "/myInfo/loadMyInfo", parameters={}
2026-03-18 00:31:36 [DEBUG] [org.springframework.session.web.http.SessionRepositoryFilter.SESSION_LOGGER] [getSession] [301] -> No session found by id: Caching result for getSession(false) for this HttpServletRequest.
2026-03-18 00:31:36 [DEBUG] [org.springframework.web.servlet.mvc.method.annotation.RequestMappingHandlerMapping] [getHandler] [531] -> Mapped to com.javastudy.vocabease_api.controller.MyInfoController#loadMyInfo(String)
2026-03-18 00:31:36 [INFO] [com.javastudy.vocabease_common.utils.JWTUtil] [getTokenData] [51] -> === [验证接口] 验证 Token 使用的密钥：[test123456]
2026-03-18 00:31:36 [INFO] [com.javastudy.vocabease_common.utils.JWTUtil] [getTokenData] [52] -> === [验证接口] 待验证 Token 前缀：[eyJ0eXAiOiJKV1QiLCJh...]
2026-03-18 00:31:36 [DEBUG] [org.mybatis.spring.SqlSessionUtils] [debug] [49] -> Creating a new SqlSession
2026-03-18 00:31:36 [DEBUG] [org.mybatis.spring.SqlSessionUtils] [debug] [49] -> SqlSession [org.apache.ibatis.session.defaults.DefaultSqlSession@65e136ec] was not registered for synchronization because synchronization is not active
2026-03-18 00:31:36 [DEBUG] [org.springframework.jdbc.datasource.DataSourceUtils] [doGetConnection] [117] -> Fetching JDBC Connection from DataSource
2026-03-18 00:31:36 [DEBUG] [org.mybatis.spring.transaction.SpringManagedTransaction] [debug] [49] -> JDBC Connection [HikariProxyConnection@1797702688 wrapping com.mysql.cj.jdbc.ConnectionImpl@10744123] will not be managed by Spring
2026-03-18 00:31:36 [DEBUG] [com.javastudy.vocabease_common.mappers.AppAccountMapper.selectByUserId] [debug] [135] -> ==>  Preparing: select a.user_id,a.open_id,a.email,a.nick_name,a.avatar,a.password, a.gender,a.create_time,a.last_login_time,a.last_use_device_id,a.last_use_device_brand, a.last_login_ip,a.status from app_account a where user_id=?
2026-03-18 00:31:36 [DEBUG] [com.javastudy.vocabease_common.mappers.AppAccountMapper.selectByUserId] [debug] [135] -> ==> Parameters: DGRFD56pVa(String)
2026-03-18 00:31:36 [DEBUG] [com.javastudy.vocabease_common.mappers.AppAccountMapper.selectByUserId] [debug] [135] -> <==      Total: 1
2026-03-18 00:31:36 [DEBUG] [org.mybatis.spring.SqlSessionUtils] [debug] [49] -> Closing non transactional SqlSession [org.apache.ibatis.session.defaults.DefaultSqlSession@65e136ec]
2026-03-18 00:31:36 [DEBUG] [org.springframework.web.servlet.mvc.method.annotation.RequestResponseBodyMethodProcessor] [writeWithMessageConverters] [275] -> Using 'application/json', given [*/*] and supported [application/json, application/*+json]
2026-03-18 00:31:36 [DEBUG] [org.springframework.web.servlet.mvc.method.annotation.RequestResponseBodyMethodProcessor] [traceDebug] [120] -> Writing [com.javastudy.vocabease_common.entity.vo.ResponseVO@2a1bce1b]
2026-03-18 00:31:36 [DEBUG] [org.springframework.web.servlet.DispatcherServlet] [logResult] [1138] -> Completed 200 OK
2026-03-18 00:31:36 [DEBUG] [org.springframework.session.web.http.SessionRepositoryFilter.SESSION_LOGGER] [getSession] [301] -> No session found by id: Caching result for getSession(false) for this HttpServletRequest.
2026-03-18 00:31:37 [DEBUG] [org.springframework.web.servlet.DispatcherServlet] [traceDebug] [120] -> GET "/myInfo/loadMyCollect?collectType=2&PageNum=1", parameters={masked}
2026-03-18 00:31:37 [DEBUG] [org.springframework.session.web.http.SessionRepositoryFilter.SESSION_LOGGER] [getSession] [301] -> No session found by id: Caching result for getSession(false) for this HttpServletRequest.
2026-03-18 00:31:37 [DEBUG] [org.springframework.web.servlet.mvc.method.annotation.RequestMappingHandlerMapping] [getHandler] [531] -> Mapped to com.javastudy.vocabease_api.controller.MyInfoController#loadMyCollect(String, Integer)
2026-03-18 00:31:37 [INFO] [com.javastudy.vocabease_common.utils.JWTUtil] [getTokenData] [51] -> === [验证接口] 验证 Token 使用的密钥：[test123456]
2026-03-18 00:31:37 [INFO] [com.javastudy.vocabease_common.utils.JWTUtil] [getTokenData] [52] -> === [验证接口] 待验证 Token 前缀：[eyJ0eXAiOiJKV1QiLCJh...]
2026-03-18 00:31:37 [INFO] [com.javastudy.vocabease_common.utils.JWTUtil] [getTokenData] [51] -> === [验证接口] 验证 Token 使用的密钥：[test123456]
2026-03-18 00:31:37 [INFO] [com.javastudy.vocabease_common.utils.JWTUtil] [getTokenData] [52] -> === [验证接口] 待验证 Token 前缀：[eyJ0eXAiOiJKV1QiLCJh...]
2026-03-18 00:31:37 [DEBUG] [org.mybatis.spring.SqlSessionUtils] [debug] [49] -> Creating a new SqlSession
2026-03-18 00:31:37 [DEBUG] [org.mybatis.spring.SqlSessionUtils] [debug] [49] -> SqlSession [org.apache.ibatis.session.defaults.DefaultSqlSession@d01b48a] was not registered for synchronization because synchronization is not active
2026-03-18 00:31:37 [DEBUG] [org.springframework.jdbc.datasource.DataSourceUtils] [doGetConnection] [117] -> Fetching JDBC Connection from DataSource
2026-03-18 00:31:37 [DEBUG] [org.mybatis.spring.transaction.SpringManagedTransaction] [debug] [49] -> JDBC Connection [HikariProxyConnection@151460214 wrapping com.mysql.cj.jdbc.ConnectionImpl@10744123] will not be managed by Spring
2026-03-18 00:31:37 [DEBUG] [com.javastudy.vocabease_common.mappers.AppCollectMapper.selectCount] [debug] [135] -> ==>  Preparing: SELECT count(1) FROM app_collect a WHERE a.user_id = ? and a.collect_type = ?
2026-03-18 00:31:37 [DEBUG] [com.javastudy.vocabease_common.mappers.AppCollectMapper.selectCount] [debug] [135] -> ==> Parameters: DGRFD56pVa(String), 2(Integer)
2026-03-18 00:31:37 [DEBUG] [com.javastudy.vocabease_common.mappers.AppCollectMapper.selectCount] [debug] [135] -> <==      Total: 1
2026-03-18 00:31:37 [DEBUG] [org.mybatis.spring.SqlSessionUtils] [debug] [49] -> Closing non transactional SqlSession [org.apache.ibatis.session.defaults.DefaultSqlSession@d01b48a]
2026-03-18 00:31:37 [DEBUG] [org.mybatis.spring.SqlSessionUtils] [debug] [49] -> Creating a new SqlSession
2026-03-18 00:31:37 [DEBUG] [org.mybatis.spring.SqlSessionUtils] [debug] [49] -> SqlSession [org.apache.ibatis.session.defaults.DefaultSqlSession@74b351d1] was not registered for synchronization because synchronization is not active
2026-03-18 00:31:37 [DEBUG] [org.springframework.jdbc.datasource.DataSourceUtils] [doGetConnection] [117] -> Fetching JDBC Connection from DataSource
2026-03-18 00:31:37 [DEBUG] [org.mybatis.spring.transaction.SpringManagedTransaction] [debug] [49] -> JDBC Connection [HikariProxyConnection@1947606569 wrapping com.mysql.cj.jdbc.ConnectionImpl@10744123] will not be managed by Spring
2026-03-18 00:31:37 [DEBUG] [com.javastudy.vocabease_common.mappers.AppCollectMapper.selectList] [debug] [135] -> ==>  Preparing: SELECT a.collect_id,a.user_id,a.object_id,a.collect_type,a.collect_time FROM app_collect a WHERE a.user_id = ? and a.collect_type = ? order by collect_time desc limit ?,?
2026-03-18 00:31:37 [DEBUG] [com.javastudy.vocabease_common.mappers.AppCollectMapper.selectList] [debug] [135] -> ==> Parameters: DGRFD56pVa(String), 2(Integer), 0(Integer), 15(Integer)
2026-03-18 00:31:37 [DEBUG] [com.javastudy.vocabease_common.mappers.AppCollectMapper.selectList] [debug] [135] -> <==      Total: 2
2026-03-18 00:31:37 [DEBUG] [org.mybatis.spring.SqlSessionUtils] [debug] [49] -> Closing non transactional SqlSession [org.apache.ibatis.session.defaults.DefaultSqlSession@74b351d1]
2026-03-18 00:31:37 [DEBUG] [org.mybatis.spring.SqlSessionUtils] [debug] [49] -> Creating a new SqlSession
2026-03-18 00:31:37 [DEBUG] [org.mybatis.spring.SqlSessionUtils] [debug] [49] -> SqlSession [org.apache.ibatis.session.defaults.DefaultSqlSession@46a2d32c] was not registered for synchronization because synchronization is not active
2026-03-18 00:31:37 [DEBUG] [org.springframework.jdbc.datasource.DataSourceUtils] [doGetConnection] [117] -> Fetching JDBC Connection from DataSource
2026-03-18 00:31:37 [DEBUG] [org.mybatis.spring.transaction.SpringManagedTransaction] [debug] [49] -> JDBC Connection [HikariProxyConnection@678506480 wrapping com.mysql.cj.jdbc.ConnectionImpl@10744123] will not be managed by Spring
2026-03-18 00:31:37 [DEBUG] [com.javastudy.vocabease_common.mappers.ArticleMapper.selectList] [debug] [135] -> ==>  Preparing: SELECT a.article_id,a.title,a.level, a.create_time,a.status,a.creater_id,a.read_count,a.collect_count, a.post_type,c.category_name as category_name,u.user_name as user_name FROM article a LEFT JOIN article2category a2c ON a.article_id = a2c.article_id LEFT JOIN category c ON a2c.category_id = c.category_id LEFT JOIN account u ON a.creater_id = u.user_id WHERE a.article_id in(?,? ) order by field(a.article_id,6,1)
2026-03-18 00:31:37 [DEBUG] [com.javastudy.vocabease_common.mappers.ArticleMapper.selectList] [debug] [135] -> ==> Parameters: 6(String), 1(String)
2026-03-18 00:31:37 [DEBUG] [com.javastudy.vocabease_common.mappers.ArticleMapper.selectList] [debug] [135] -> <==      Total: 2
2026-03-18 00:31:37 [DEBUG] [org.mybatis.spring.SqlSessionUtils] [debug] [49] -> Closing non transactional SqlSession [org.apache.ibatis.session.defaults.DefaultSqlSession@46a2d32c]
2026-03-18 00:31:37 [DEBUG] [org.springframework.web.servlet.mvc.method.annotation.RequestResponseBodyMethodProcessor] [writeWithMessageConverters] [275] -> Using 'application/json', given [*/*] and supported [application/json, application/*+json]
2026-03-18 00:31:37 [DEBUG] [org.springframework.web.servlet.mvc.method.annotation.RequestResponseBodyMethodProcessor] [traceDebug] [120] -> Writing [com.javastudy.vocabease_common.entity.vo.ResponseVO@720c13aa]
2026-03-18 00:31:37 [DEBUG] [org.springframework.web.servlet.DispatcherServlet] [logResult] [1138] -> Completed 200 OK
2026-03-18 00:31:37 [DEBUG] [org.springframework.session.web.http.SessionRepositoryFilter.SESSION_LOGGER] [getSession] [301] -> No session found by id: Caching result for getSession(false) for this HttpServletRequest.
2026-03-18 00:31:52 [DEBUG] [com.zaxxer.hikari.pool.HikariPool] [logPoolState] [405] -> HikariPool-1 - Pool stats (total=10, active=0, idle=10, waiting=0)
2026-03-18 00:31:52 [DEBUG] [com.zaxxer.hikari.pool.HikariPool] [fillPool] [510] -> HikariPool-1 - Fill pool skipped, pool has sufficient level or currently being filled.
2026-03-18 00:32:22 [DEBUG] [com.zaxxer.hikari.pool.HikariPool] [logPoolState] [405] -> HikariPool-1 - Pool stats (total=10, active=0, idle=10, waiting=0)
2026-03-18 00:32:22 [DEBUG] [com.zaxxer.hikari.pool.HikariPool] [fillPool] [510] -> HikariPool-1 - Fill pool skipped, pool has sufficient level or currently being filled.
2026-03-18 00:32:52 [DEBUG] [com.zaxxer.hikari.pool.HikariPool] [logPoolState] [405] -> HikariPool-1 - Pool stats (total=10, active=0, idle=10, waiting=0)
2026-03-18 00:32:52 [DEBUG] [com.zaxxer.hikari.pool.HikariPool] [fillPool] [510] -> HikariPool-1 - Fill pool skipped, pool has sufficient level or currently being filled.
2026-03-18 00:33:22 [DEBUG] [com.zaxxer.hikari.pool.HikariPool] [logPoolState] [405] -> HikariPool-1 - Pool stats (total=10, active=0, idle=10, waiting=0)
2026-03-18 00:33:22 [DEBUG] [com.zaxxer.hikari.pool.HikariPool] [fillPool] [510] -> HikariPool-1 - Fill pool skipped, pool has sufficient level or currently being filled.
2026-03-18 00:33:52 [DEBUG] [com.zaxxer.hikari.pool.HikariPool] [logPoolState] [405] -> HikariPool-1 - Pool stats (total=10, active=0, idle=10, waiting=0)
2026-03-18 00:33:52 [DEBUG] [com.zaxxer.hikari.pool.HikariPool] [fillPool] [510] -> HikariPool-1 - Fill pool skipped, pool has sufficient level or currently being filled.
2026-03-18 00:34:22 [DEBUG] [com.zaxxer.hikari.pool.HikariPool] [logPoolState] [405] -> HikariPool-1 - Pool stats (total=10, active=0, idle=10, waiting=0)
2026-03-18 00:34:22 [DEBUG] [com.zaxxer.hikari.pool.HikariPool] [fillPool] [510] -> HikariPool-1 - Fill pool skipped, pool has sufficient level or currently being filled.
2026-03-18 00:34:52 [DEBUG] [com.zaxxer.hikari.pool.HikariPool] [logPoolState] [405] -> HikariPool-1 - Pool stats (total=10, active=0, idle=10, waiting=0)
2026-03-18 00:34:52 [DEBUG] [com.zaxxer.hikari.pool.HikariPool] [fillPool] [510] -> HikariPool-1 - Fill pool skipped, pool has sufficient level or currently being filled.
2026-03-18 00:35:22 [DEBUG] [com.zaxxer.hikari.pool.HikariPool] [logPoolState] [405] -> HikariPool-1 - Pool stats (total=10, active=0, idle=10, waiting=0)
2026-03-18 00:35:22 [DEBUG] [com.zaxxer.hikari.pool.HikariPool] [fillPool] [510] -> HikariPool-1 - Fill pool skipped, pool has sufficient level or currently being filled.
2026-03-18 00:35:52 [DEBUG] [com.zaxxer.hikari.pool.HikariPool] [logPoolState] [405] -> HikariPool-1 - Pool stats (total=10, active=0, idle=10, waiting=0)
2026-03-18 00:35:52 [DEBUG] [com.zaxxer.hikari.pool.HikariPool] [fillPool] [510] -> HikariPool-1 - Fill pool skipped, pool has sufficient level or currently being filled.
2026-03-18 00:36:22 [DEBUG] [com.zaxxer.hikari.pool.HikariPool] [logPoolState] [405] -> HikariPool-1 - Pool stats (total=10, active=0, idle=10, waiting=0)
2026-03-18 00:36:22 [DEBUG] [com.zaxxer.hikari.pool.HikariPool] [fillPool] [510] -> HikariPool-1 - Fill pool skipped, pool has sufficient level or currently being filled.
2026-03-18 00:36:52 [DEBUG] [com.zaxxer.hikari.pool.HikariPool] [logPoolState] [405] -> HikariPool-1 - Pool stats (total=10, active=0, idle=10, waiting=0)
2026-03-18 00:36:52 [DEBUG] [com.zaxxer.hikari.pool.HikariPool] [fillPool] [510] -> HikariPool-1 - Fill pool skipped, pool has sufficient level or currently being filled.
2026-03-18 00:37:22 [DEBUG] [com.zaxxer.hikari.pool.HikariPool] [logPoolState] [405] -> HikariPool-1 - Pool stats (total=10, active=0, idle=10, waiting=0)
2026-03-18 00:37:22 [DEBUG] [com.zaxxer.hikari.pool.HikariPool] [fillPool] [510] -> HikariPool-1 - Fill pool skipped, pool has sufficient level or currently being filled.
2026-03-18 00:37:52 [DEBUG] [com.zaxxer.hikari.pool.HikariPool] [logPoolState] [405] -> HikariPool-1 - Pool stats (total=10, active=0, idle=10, waiting=0)
2026-03-18 00:37:52 [DEBUG] [com.zaxxer.hikari.pool.HikariPool] [fillPool] [510] -> HikariPool-1 - Fill pool skipped, pool has sufficient level or currently being filled.
2026-03-18 00:38:22 [DEBUG] [com.zaxxer.hikari.pool.HikariPool] [logPoolState] [405] -> HikariPool-1 - Pool stats (total=10, active=0, idle=10, waiting=0)
2026-03-18 00:38:22 [DEBUG] [com.zaxxer.hikari.pool.HikariPool] [fillPool] [510] -> HikariPool-1 - Fill pool skipped, pool has sufficient level or currently being filled.
2026-03-18 00:38:52 [DEBUG] [com.zaxxer.hikari.pool.HikariPool] [logPoolState] [405] -> HikariPool-1 - Pool stats (total=10, active=0, idle=10, waiting=0)
2026-03-18 00:38:52 [DEBUG] [com.zaxxer.hikari.pool.HikariPool] [fillPool] [510] -> HikariPool-1 - Fill pool skipped, pool has sufficient level or currently being filled.
2026-03-18 00:39:22 [DEBUG] [com.zaxxer.hikari.pool.HikariPool] [logPoolState] [405] -> HikariPool-1 - Pool stats (total=10, active=0, idle=10, waiting=0)
2026-03-18 00:39:22 [DEBUG] [com.zaxxer.hikari.pool.HikariPool] [fillPool] [510] -> HikariPool-1 - Fill pool skipped, pool has sufficient level or currently being filled.
2026-03-18 00:39:52 [DEBUG] [com.zaxxer.hikari.pool.HikariPool] [logPoolState] [405] -> HikariPool-1 - Pool stats (total=10, active=0, idle=10, waiting=0)
2026-03-18 00:39:52 [DEBUG] [com.zaxxer.hikari.pool.HikariPool] [fillPool] [510] -> HikariPool-1 - Fill pool skipped, pool has sufficient level or currently being filled.
2026-03-18 00:40:22 [DEBUG] [com.zaxxer.hikari.pool.HikariPool] [logPoolState] [405] -> HikariPool-1 - Pool stats (total=10, active=0, idle=10, waiting=0)
2026-03-18 00:40:22 [DEBUG] [com.zaxxer.hikari.pool.HikariPool] [fillPool] [510] -> HikariPool-1 - Fill pool skipped, pool has sufficient level or currently being filled.
2026-03-18 00:40:52 [DEBUG] [com.zaxxer.hikari.pool.HikariPool] [logPoolState] [405] -> HikariPool-1 - Pool stats (total=10, active=0, idle=10, waiting=0)
2026-03-18 00:40:52 [DEBUG] [com.zaxxer.hikari.pool.HikariPool] [fillPool] [510] -> HikariPool-1 - Fill pool skipped, pool has sufficient level or currently being filled.
2026-03-18 00:41:22 [DEBUG] [com.zaxxer.hikari.pool.HikariPool] [logPoolState] [405] -> HikariPool-1 - Pool stats (total=10, active=0, idle=10, waiting=0)
2026-03-18 00:41:22 [DEBUG] [com.zaxxer.hikari.pool.HikariPool] [fillPool] [510] -> HikariPool-1 - Fill pool skipped, pool has sufficient level or currently being filled.
2026-03-18 00:41:52 [DEBUG] [com.zaxxer.hikari.pool.HikariPool] [logPoolState] [405] -> HikariPool-1 - Pool stats (total=10, active=0, idle=10, waiting=0)
2026-03-18 00:41:52 [DEBUG] [com.zaxxer.hikari.pool.HikariPool] [fillPool] [510] -> HikariPool-1 - Fill pool skipped, pool has sufficient level or currently being filled.
2026-03-18 00:42:22 [DEBUG] [com.zaxxer.hikari.pool.HikariPool] [logPoolState] [405] -> HikariPool-1 - Pool stats (total=10, active=0, idle=10, waiting=0)
2026-03-18 00:42:22 [DEBUG] [com.zaxxer.hikari.pool.HikariPool] [fillPool] [510] -> HikariPool-1 - Fill pool skipped, pool has sufficient level or currently being filled.
2026-03-18 00:42:52 [DEBUG] [com.zaxxer.hikari.pool.HikariPool] [logPoolState] [405] -> HikariPool-1 - Pool stats (total=10, active=0, idle=10, waiting=0)
2026-03-18 00:42:52 [DEBUG] [com.zaxxer.hikari.pool.HikariPool] [fillPool] [510] -> HikariPool-1 - Fill pool skipped, pool has sufficient level or currently being filled.
2026-03-18 00:43:22 [DEBUG] [com.zaxxer.hikari.pool.HikariPool] [logPoolState] [405] -> HikariPool-1 - Pool stats (total=10, active=0, idle=10, waiting=0)
2026-03-18 00:43:22 [DEBUG] [com.zaxxer.hikari.pool.HikariPool] [fillPool] [510] -> HikariPool-1 - Fill pool skipped, pool has sufficient level or currently being filled.
2026-03-18 00:43:52 [DEBUG] [com.zaxxer.hikari.pool.HikariPool] [logPoolState] [405] -> HikariPool-1 - Pool stats (total=10, active=0, idle=10, waiting=0)
2026-03-18 00:43:52 [DEBUG] [com.zaxxer.hikari.pool.HikariPool] [fillPool] [510] -> HikariPool-1 - Fill pool skipped, pool has sufficient level or currently being filled.
2026-03-18 00:44:22 [DEBUG] [com.zaxxer.hikari.pool.HikariPool] [logPoolState] [405] -> HikariPool-1 - Pool stats (total=10, active=0, idle=10, waiting=0)
2026-03-18 00:44:22 [DEBUG] [com.zaxxer.hikari.pool.HikariPool] [fillPool] [510] -> HikariPool-1 - Fill pool skipped, pool has sufficient level or currently being filled.
2026-03-18 00:44:52 [DEBUG] [com.zaxxer.hikari.pool.HikariPool] [logPoolState] [405] -> HikariPool-1 - Pool stats (total=10, active=0, idle=10, waiting=0)
2026-03-18 00:44:52 [DEBUG] [com.zaxxer.hikari.pool.HikariPool] [fillPool] [510] -> HikariPool-1 - Fill pool skipped, pool has sufficient level or currently being filled.
2026-03-18 00:45:22 [DEBUG] [com.zaxxer.hikari.pool.HikariPool] [logPoolState] [405] -> HikariPool-1 - Pool stats (total=10, active=0, idle=10, waiting=0)
2026-03-18 00:45:22 [DEBUG] [com.zaxxer.hikari.pool.HikariPool] [fillPool] [510] -> HikariPool-1 - Fill pool skipped, pool has sufficient level or currently being filled.
2026-03-18 00:45:52 [DEBUG] [com.zaxxer.hikari.pool.HikariPool] [logPoolState] [405] -> HikariPool-1 - Pool stats (total=10, active=0, idle=10, waiting=0)
2026-03-18 00:45:52 [DEBUG] [com.zaxxer.hikari.pool.HikariPool] [fillPool] [510] -> HikariPool-1 - Fill pool skipped, pool has sufficient level or currently being filled.
2026-03-18 00:46:22 [DEBUG] [com.zaxxer.hikari.pool.HikariPool] [logPoolState] [405] -> HikariPool-1 - Pool stats (total=10, active=0, idle=10, waiting=0)
2026-03-18 00:46:22 [DEBUG] [com.zaxxer.hikari.pool.HikariPool] [fillPool] [510] -> HikariPool-1 - Fill pool skipped, pool has sufficient level or currently being filled.
2026-03-18 00:46:52 [DEBUG] [com.zaxxer.hikari.pool.HikariPool] [logPoolState] [405] -> HikariPool-1 - Pool stats (total=10, active=0, idle=10, waiting=0)
2026-03-18 00:46:52 [DEBUG] [com.zaxxer.hikari.pool.HikariPool] [fillPool] [510] -> HikariPool-1 - Fill pool skipped, pool has sufficient level or currently being filled.
2026-03-18 00:47:22 [DEBUG] [com.zaxxer.hikari.pool.HikariPool] [logPoolState] [405] -> HikariPool-1 - Pool stats (total=10, active=0, idle=10, waiting=0)
2026-03-18 00:47:22 [DEBUG] [com.zaxxer.hikari.pool.HikariPool] [fillPool] [510] -> HikariPool-1 - Fill pool skipped, pool has sufficient level or currently being filled.
2026-03-18 00:47:52 [DEBUG] [com.zaxxer.hikari.pool.HikariPool] [logPoolState] [405] -> HikariPool-1 - Pool stats (total=10, active=0, idle=10, waiting=0)
2026-03-18 00:47:52 [DEBUG] [com.zaxxer.hikari.pool.HikariPool] [fillPool] [510] -> HikariPool-1 - Fill pool skipped, pool has sufficient level or currently being filled.
2026-03-18 00:48:22 [DEBUG] [com.zaxxer.hikari.pool.HikariPool] [logPoolState] [405] -> HikariPool-1 - Pool stats (total=10, active=0, idle=10, waiting=0)
2026-03-18 00:48:22 [DEBUG] [com.zaxxer.hikari.pool.HikariPool] [fillPool] [510] -> HikariPool-1 - Fill pool skipped, pool has sufficient level or currently being filled.
2026-03-18 00:48:52 [DEBUG] [com.zaxxer.hikari.pool.HikariPool] [logPoolState] [405] -> HikariPool-1 - Pool stats (total=10, active=0, idle=10, waiting=0)
2026-03-18 00:48:52 [DEBUG] [com.zaxxer.hikari.pool.HikariPool] [fillPool] [510] -> HikariPool-1 - Fill pool skipped, pool has sufficient level or currently being filled.
2026-03-18 00:49:22 [DEBUG] [com.zaxxer.hikari.pool.HikariPool] [logPoolState] [405] -> HikariPool-1 - Pool stats (total=10, active=0, idle=10, waiting=0)
2026-03-18 00:49:22 [DEBUG] [com.zaxxer.hikari.pool.HikariPool] [fillPool] [510] -> HikariPool-1 - Fill pool skipped, pool has sufficient level or currently being filled.
2026-03-18 00:49:52 [DEBUG] [com.zaxxer.hikari.pool.HikariPool] [logPoolState] [405] -> HikariPool-1 - Pool stats (total=10, active=0, idle=10, waiting=0)
2026-03-18 00:49:52 [DEBUG] [com.zaxxer.hikari.pool.HikariPool] [fillPool] [510] -> HikariPool-1 - Fill pool skipped, pool has sufficient level or currently being filled.
2026-03-18 00:50:22 [DEBUG] [com.zaxxer.hikari.pool.HikariPool] [logPoolState] [405] -> HikariPool-1 - Pool stats (total=10, active=0, idle=10, waiting=0)
2026-03-18 00:50:22 [DEBUG] [com.zaxxer.hikari.pool.HikariPool] [fillPool] [510] -> HikariPool-1 - Fill pool skipped, pool has sufficient level or currently being filled.
2026-03-18 00:50:29 [DEBUG] [org.springframework.web.servlet.DispatcherServlet] [traceDebug] [120] -> POST "/account/wxLogin", parameters={}
2026-03-18 00:50:29 [DEBUG] [org.springframework.session.web.http.SessionRepositoryFilter.SESSION_LOGGER] [getSession] [301] -> No session found by id: Caching result for getSession(false) for this HttpServletRequest.
2026-03-18 00:50:29 [DEBUG] [org.springframework.web.servlet.mvc.method.annotation.RequestMappingHandlerMapping] [getHandler] [531] -> Mapped to com.javastudy.vocabease_api.controller.WechatLoginController#wxLogin(Map, HttpServletRequest)
2026-03-18 00:50:29 [DEBUG] [org.springframework.web.servlet.mvc.method.annotation.RequestResponseBodyMethodProcessor] [traceDebug] [120] -> Read "application/json;charset=UTF-8" to [{code=0c3y6Gkl24cdnh4WKxnl2lzi7z2y6GkF, nickName=微信用户, avatarUrl=https://thirdwx.qlogo.cn/mmopen/vi_ (truncated)...]
2026-03-18 00:50:30 [DEBUG] [org.mybatis.spring.SqlSessionUtils] [debug] [49] -> Creating a new SqlSession
2026-03-18 00:50:30 [DEBUG] [org.mybatis.spring.SqlSessionUtils] [debug] [49] -> SqlSession [org.apache.ibatis.session.defaults.DefaultSqlSession@14cd3a9] was not registered for synchronization because synchronization is not active
2026-03-18 00:50:30 [DEBUG] [org.springframework.jdbc.datasource.DataSourceUtils] [doGetConnection] [117] -> Fetching JDBC Connection from DataSource
2026-03-18 00:50:30 [DEBUG] [org.mybatis.spring.transaction.SpringManagedTransaction] [debug] [49] -> JDBC Connection [HikariProxyConnection@1807591251 wrapping com.mysql.cj.jdbc.ConnectionImpl@10744123] will not be managed by Spring
2026-03-18 00:50:30 [DEBUG] [com.javastudy.vocabease_common.mappers.AppAccountMapper.selectByOpenId] [debug] [135] -> ==>  Preparing: select a.user_id,a.open_id,a.email,a.nick_name,a.avatar,a.password, a.gender,a.create_time,a.last_login_time,a.last_use_device_id,a.last_use_device_brand, a.last_login_ip,a.status from app_account a where open_id=? limit 1
2026-03-18 00:50:30 [DEBUG] [com.javastudy.vocabease_common.mappers.AppAccountMapper.selectByOpenId] [debug] [135] -> ==> Parameters: oNldS3WfYe__Ia7F01rIXU_dKArY(String)
2026-03-18 00:50:30 [DEBUG] [com.javastudy.vocabease_common.mappers.AppAccountMapper.selectByOpenId] [debug] [135] -> <==      Total: 1
2026-03-18 00:50:30 [DEBUG] [org.mybatis.spring.SqlSessionUtils] [debug] [49] -> Closing non transactional SqlSession [org.apache.ibatis.session.defaults.DefaultSqlSession@14cd3a9]
2026-03-18 00:50:30 [DEBUG] [org.mybatis.spring.SqlSessionUtils] [debug] [49] -> Creating a new SqlSession
2026-03-18 00:50:30 [DEBUG] [org.mybatis.spring.SqlSessionUtils] [debug] [49] -> SqlSession [org.apache.ibatis.session.defaults.DefaultSqlSession@1b1c5c4b] was not registered for synchronization because synchronization is not active
2026-03-18 00:50:30 [DEBUG] [org.springframework.jdbc.datasource.DataSourceUtils] [doGetConnection] [117] -> Fetching JDBC Connection from DataSource
2026-03-18 00:50:30 [DEBUG] [org.mybatis.spring.transaction.SpringManagedTransaction] [debug] [49] -> JDBC Connection [HikariProxyConnection@2083128602 wrapping com.mysql.cj.jdbc.ConnectionImpl@10744123] will not be managed by Spring
2026-03-18 00:50:30 [DEBUG] [com.javastudy.vocabease_common.mappers.AppAccountMapper.updateByUserId] [debug] [135] -> ==>  Preparing: UPDATE app_account SET last_login_time = ?, last_use_device_id = ?, last_use_device_brand = ? where user_id=?
2026-03-18 00:50:30 [DEBUG] [com.javastudy.vocabease_common.mappers.AppAccountMapper.updateByUserId] [debug] [135] -> ==> Parameters: 2026-03-18 00:50:30.162(Timestamp), 17736468502392105274(String), devtools(String), DGRFD56pVa(String)
2026-03-18 00:50:30 [DEBUG] [com.javastudy.vocabease_common.mappers.AppAccountMapper.updateByUserId] [debug] [135] -> <==    Updates: 1
2026-03-18 00:50:30 [DEBUG] [org.mybatis.spring.SqlSessionUtils] [debug] [49] -> Closing non transactional SqlSession [org.apache.ibatis.session.defaults.DefaultSqlSession@1b1c5c4b]
2026-03-18 00:50:30 [DEBUG] [org.mybatis.spring.SqlSessionUtils] [debug] [49] -> Creating a new SqlSession
2026-03-18 00:50:30 [DEBUG] [org.mybatis.spring.SqlSessionUtils] [debug] [49] -> SqlSession [org.apache.ibatis.session.defaults.DefaultSqlSession@12bb2eeb] was not registered for synchronization because synchronization is not active
2026-03-18 00:50:30 [DEBUG] [org.springframework.jdbc.datasource.DataSourceUtils] [doGetConnection] [117] -> Fetching JDBC Connection from DataSource
2026-03-18 00:50:30 [DEBUG] [org.mybatis.spring.transaction.SpringManagedTransaction] [debug] [49] -> JDBC Connection [HikariProxyConnection@1799145203 wrapping com.mysql.cj.jdbc.ConnectionImpl@10744123] will not be managed by Spring
2026-03-18 00:50:30 [DEBUG] [com.javastudy.vocabease_common.mappers.AppAccountMapper.updateByUserId] [debug] [135] -> ==>  Preparing: UPDATE app_account SET last_login_time = ?, last_use_device_id = ?, last_use_device_brand = ?, last_login_ip = ? where user_id=?
2026-03-18 00:50:30 [DEBUG] [com.javastudy.vocabease_common.mappers.AppAccountMapper.updateByUserId] [debug] [135] -> ==> Parameters: 2026-03-18 00:50:30.198(Timestamp), 17736468502392105274(String), devtools(String), 0:0:0:0:0:0:0:1(String), DGRFD56pVa(String)
2026-03-18 00:50:30 [DEBUG] [com.javastudy.vocabease_common.mappers.AppAccountMapper.updateByUserId] [debug] [135] -> <==    Updates: 1
2026-03-18 00:50:30 [DEBUG] [org.mybatis.spring.SqlSessionUtils] [debug] [49] -> Closing non transactional SqlSession [org.apache.ibatis.session.defaults.DefaultSqlSession@12bb2eeb]
2026-03-18 00:50:30 [INFO] [com.javastudy.vocabease_common.utils.JWTUtil] [createToken] [32] -> === [生成 Token] 过期天数=604800, 计算出的毫秒增量=52254720000000, 过期时间=Wed Feb 04 00:50:30 CST 3682
2026-03-18 00:50:30 [INFO] [com.javastudy.vocabease_api.controller.WechatLoginController] [wxLogin] [84] -> === [登录接口] 生成 Token 使用的密钥：[test123456]
2026-03-18 00:50:30 [INFO] [com.javastudy.vocabease_api.controller.WechatLoginController] [wxLogin] [85] -> === [登录接口] 生成的 Token 前缀：[eyJ0eXAiOiJKV1QiLCJh...]
2026-03-18 00:50:30 [DEBUG] [org.springframework.web.servlet.mvc.method.annotation.RequestResponseBodyMethodProcessor] [writeWithMessageConverters] [275] -> Using 'application/json', given [*/*] and supported [application/json, application/*+json]
2026-03-18 00:50:30 [DEBUG] [org.springframework.web.servlet.mvc.method.annotation.RequestResponseBodyMethodProcessor] [traceDebug] [120] -> Writing [com.javastudy.vocabease_common.entity.vo.ResponseVO@2b8e34fc]
2026-03-18 00:50:30 [DEBUG] [org.springframework.web.servlet.DispatcherServlet] [logResult] [1138] -> Completed 200 OK
2026-03-18 00:50:30 [DEBUG] [org.springframework.session.web.http.SessionRepositoryFilter.SESSION_LOGGER] [getSession] [301] -> No session found by id: Caching result for getSession(false) for this HttpServletRequest.
2026-03-18 00:50:33 [DEBUG] [org.springframework.web.servlet.DispatcherServlet] [traceDebug] [120] -> GET "/myInfo/loadMyInfo", parameters={}
2026-03-18 00:50:33 [DEBUG] [org.springframework.session.web.http.SessionRepositoryFilter.SESSION_LOGGER] [getSession] [301] -> No session found by id: Caching result for getSession(false) for this HttpServletRequest.
2026-03-18 00:50:33 [DEBUG] [org.springframework.web.servlet.mvc.method.annotation.RequestMappingHandlerMapping] [getHandler] [531] -> Mapped to com.javastudy.vocabease_api.controller.MyInfoController#loadMyInfo(String)
2026-03-18 00:50:33 [INFO] [com.javastudy.vocabease_common.utils.JWTUtil] [getTokenData] [51] -> === [验证接口] 验证 Token 使用的密钥：[test123456]
2026-03-18 00:50:33 [INFO] [com.javastudy.vocabease_common.utils.JWTUtil] [getTokenData] [52] -> === [验证接口] 待验证 Token 前缀：[eyJ0eXAiOiJKV1QiLCJh...]
2026-03-18 00:50:33 [DEBUG] [org.mybatis.spring.SqlSessionUtils] [debug] [49] -> Creating a new SqlSession
2026-03-18 00:50:33 [DEBUG] [org.mybatis.spring.SqlSessionUtils] [debug] [49] -> SqlSession [org.apache.ibatis.session.defaults.DefaultSqlSession@39f90827] was not registered for synchronization because synchronization is not active
2026-03-18 00:50:33 [DEBUG] [org.springframework.jdbc.datasource.DataSourceUtils] [doGetConnection] [117] -> Fetching JDBC Connection from DataSource
2026-03-18 00:50:33 [DEBUG] [org.mybatis.spring.transaction.SpringManagedTransaction] [debug] [49] -> JDBC Connection [HikariProxyConnection@756321375 wrapping com.mysql.cj.jdbc.ConnectionImpl@10744123] will not be managed by Spring
2026-03-18 00:50:33 [DEBUG] [com.javastudy.vocabease_common.mappers.AppAccountMapper.selectByUserId] [debug] [135] -> ==>  Preparing: select a.user_id,a.open_id,a.email,a.nick_name,a.avatar,a.password, a.gender,a.create_time,a.last_login_time,a.last_use_device_id,a.last_use_device_brand, a.last_login_ip,a.status from app_account a where user_id=?
2026-03-18 00:50:33 [DEBUG] [com.javastudy.vocabease_common.mappers.AppAccountMapper.selectByUserId] [debug] [135] -> ==> Parameters: DGRFD56pVa(String)
2026-03-18 00:50:33 [DEBUG] [com.javastudy.vocabease_common.mappers.AppAccountMapper.selectByUserId] [debug] [135] -> <==      Total: 1
2026-03-18 00:50:33 [DEBUG] [org.mybatis.spring.SqlSessionUtils] [debug] [49] -> Closing non transactional SqlSession [org.apache.ibatis.session.defaults.DefaultSqlSession@39f90827]
2026-03-18 00:50:33 [DEBUG] [org.springframework.web.servlet.mvc.method.annotation.RequestResponseBodyMethodProcessor] [writeWithMessageConverters] [275] -> Using 'application/json', given [*/*] and supported [application/json, application/*+json]
2026-03-18 00:50:33 [DEBUG] [org.springframework.web.servlet.mvc.method.annotation.RequestResponseBodyMethodProcessor] [traceDebug] [120] -> Writing [com.javastudy.vocabease_common.entity.vo.ResponseVO@1f864511]
2026-03-18 00:50:33 [DEBUG] [org.springframework.web.servlet.DispatcherServlet] [logResult] [1138] -> Completed 200 OK
2026-03-18 00:50:33 [DEBUG] [org.springframework.session.web.http.SessionRepositoryFilter.SESSION_LOGGER] [getSession] [301] -> No session found by id: Caching result for getSession(false) for this HttpServletRequest.
2026-03-18 00:50:52 [DEBUG] [com.zaxxer.hikari.pool.HikariPool] [logPoolState] [405] -> HikariPool-1 - Pool stats (total=10, active=0, idle=10, waiting=0)
2026-03-18 00:50:52 [DEBUG] [com.zaxxer.hikari.pool.HikariPool] [fillPool] [510] -> HikariPool-1 - Fill pool skipped, pool has sufficient level or currently being filled.
2026-03-18 00:51:22 [DEBUG] [com.zaxxer.hikari.pool.HikariPool] [logPoolState] [405] -> HikariPool-1 - Pool stats (total=10, active=0, idle=10, waiting=0)
2026-03-18 00:51:22 [DEBUG] [com.zaxxer.hikari.pool.HikariPool] [fillPool] [510] -> HikariPool-1 - Fill pool skipped, pool has sufficient level or currently being filled.
2026-03-18 00:51:29 [DEBUG] [com.zaxxer.hikari.pool.PoolBase] [quietlyCloseConnection] [133] -> HikariPool-1 - Closing connection com.mysql.cj.jdbc.ConnectionImpl@51494b18: (connection has passed maxLifetime)
2026-03-18 00:51:29 [DEBUG] [com.zaxxer.hikari.pool.HikariPool] [call] [728] -> HikariPool-1 - Added connection com.mysql.cj.jdbc.ConnectionImpl@62fa00e0
2026-03-18 00:51:29 [DEBUG] [com.zaxxer.hikari.pool.HikariPool] [logPoolState] [405] -> HikariPool-1 - Connection not added, stats (total=10, active=0, idle=10, waiting=0)
2026-03-18 00:51:49 [DEBUG] [com.zaxxer.hikari.pool.PoolBase] [quietlyCloseConnection] [133] -> HikariPool-1 - Closing connection com.mysql.cj.jdbc.ConnectionImpl@60523c19: (connection has passed maxLifetime)
2026-03-18 00:51:49 [DEBUG] [com.zaxxer.hikari.pool.HikariPool] [call] [728] -> HikariPool-1 - Added connection com.mysql.cj.jdbc.ConnectionImpl@107caa46
2026-03-18 00:51:49 [DEBUG] [com.zaxxer.hikari.pool.HikariPool] [logPoolState] [405] -> HikariPool-1 - Connection not added, stats (total=10, active=0, idle=10, waiting=0)
2026-03-18 00:51:51 [DEBUG] [com.zaxxer.hikari.pool.PoolBase] [quietlyCloseConnection] [133] -> HikariPool-1 - Closing connection com.mysql.cj.jdbc.ConnectionImpl@35286980: (connection has passed maxLifetime)
2026-03-18 00:51:51 [DEBUG] [com.zaxxer.hikari.pool.HikariPool] [call] [728] -> HikariPool-1 - Added connection com.mysql.cj.jdbc.ConnectionImpl@5141a07d
2026-03-18 00:51:51 [DEBUG] [com.zaxxer.hikari.pool.HikariPool] [logPoolState] [405] -> HikariPool-1 - Connection not added, stats (total=10, active=0, idle=10, waiting=0)
2026-03-18 00:51:52 [DEBUG] [com.zaxxer.hikari.pool.HikariPool] [logPoolState] [405] -> HikariPool-1 - Pool stats (total=10, active=0, idle=10, waiting=0)
2026-03-18 00:51:52 [DEBUG] [com.zaxxer.hikari.pool.HikariPool] [fillPool] [510] -> HikariPool-1 - Fill pool skipped, pool has sufficient level or currently being filled.
2026-03-18 00:52:03 [DEBUG] [com.zaxxer.hikari.pool.PoolBase] [quietlyCloseConnection] [133] -> HikariPool-1 - Closing connection com.mysql.cj.jdbc.ConnectionImpl@7a137b4e: (connection has passed maxLifetime)
2026-03-18 00:52:03 [DEBUG] [com.zaxxer.hikari.pool.HikariPool] [call] [728] -> HikariPool-1 - Added connection com.mysql.cj.jdbc.ConnectionImpl@38e017df
2026-03-18 00:52:03 [DEBUG] [com.zaxxer.hikari.pool.HikariPool] [logPoolState] [405] -> HikariPool-1 - Connection not added, stats (total=10, active=0, idle=10, waiting=0)
2026-03-18 00:52:09 [DEBUG] [com.zaxxer.hikari.pool.PoolBase] [quietlyCloseConnection] [133] -> HikariPool-1 - Closing connection com.mysql.cj.jdbc.ConnectionImpl@10744123: (connection has passed maxLifetime)
2026-03-18 00:52:09 [DEBUG] [com.zaxxer.hikari.pool.HikariPool] [call] [728] -> HikariPool-1 - Added connection com.mysql.cj.jdbc.ConnectionImpl@3efd7d1d
2026-03-18 00:52:09 [DEBUG] [com.zaxxer.hikari.pool.HikariPool] [logPoolState] [405] -> HikariPool-1 - Connection not added, stats (total=10, active=0, idle=10, waiting=0)
2026-03-18 00:52:10 [DEBUG] [com.zaxxer.hikari.pool.PoolBase] [quietlyCloseConnection] [133] -> HikariPool-1 - Closing connection com.mysql.cj.jdbc.ConnectionImpl@3166b457: (connection has passed maxLifetime)
2026-03-18 00:52:10 [DEBUG] [com.zaxxer.hikari.pool.HikariPool] [call] [728] -> HikariPool-1 - Added connection com.mysql.cj.jdbc.ConnectionImpl@7fc07726
2026-03-18 00:52:10 [DEBUG] [com.zaxxer.hikari.pool.HikariPool] [logPoolState] [405] -> HikariPool-1 - Connection not added, stats (total=10, active=0, idle=10, waiting=0)
2026-03-18 00:52:22 [DEBUG] [com.zaxxer.hikari.pool.HikariPool] [logPoolState] [405] -> HikariPool-1 - Pool stats (total=10, active=0, idle=10, waiting=0)
2026-03-18 00:52:22 [DEBUG] [com.zaxxer.hikari.pool.HikariPool] [fillPool] [510] -> HikariPool-1 - Fill pool skipped, pool has sufficient level or currently being filled.
2026-03-18 00:52:25 [DEBUG] [com.zaxxer.hikari.pool.PoolBase] [quietlyCloseConnection] [133] -> HikariPool-1 - Closing connection com.mysql.cj.jdbc.ConnectionImpl@57a0bf63: (connection has passed maxLifetime)
2026-03-18 00:52:25 [DEBUG] [com.zaxxer.hikari.pool.HikariPool] [call] [728] -> HikariPool-1 - Added connection com.mysql.cj.jdbc.ConnectionImpl@2b96cb40
2026-03-18 00:52:25 [DEBUG] [com.zaxxer.hikari.pool.HikariPool] [logPoolState] [405] -> HikariPool-1 - Connection not added, stats (total=10, active=0, idle=10, waiting=0)
2026-03-18 00:52:26 [DEBUG] [com.zaxxer.hikari.pool.PoolBase] [quietlyCloseConnection] [133] -> HikariPool-1 - Closing connection com.mysql.cj.jdbc.ConnectionImpl@169db558: (connection has passed maxLifetime)
2026-03-18 00:52:26 [DEBUG] [com.zaxxer.hikari.pool.HikariPool] [call] [728] -> HikariPool-1 - Added connection com.mysql.cj.jdbc.ConnectionImpl@6aabc17b
2026-03-18 00:52:26 [DEBUG] [com.zaxxer.hikari.pool.HikariPool] [logPoolState] [405] -> HikariPool-1 - Connection not added, stats (total=10, active=0, idle=10, waiting=0)
2026-03-18 00:52:43 [DEBUG] [com.zaxxer.hikari.pool.PoolBase] [quietlyCloseConnection] [133] -> HikariPool-1 - Closing connection com.mysql.cj.jdbc.ConnectionImpl@2741c17b: (connection has passed maxLifetime)
2026-03-18 00:52:43 [DEBUG] [com.zaxxer.hikari.pool.HikariPool] [call] [728] -> HikariPool-1 - Added connection com.mysql.cj.jdbc.ConnectionImpl@456f1717
2026-03-18 00:52:43 [DEBUG] [com.zaxxer.hikari.pool.HikariPool] [logPoolState] [405] -> HikariPool-1 - Connection not added, stats (total=10, active=0, idle=10, waiting=0)
2026-03-18 00:52:45 [DEBUG] [com.zaxxer.hikari.pool.PoolBase] [quietlyCloseConnection] [133] -> HikariPool-1 - Closing connection com.mysql.cj.jdbc.ConnectionImpl@76b24a17: (connection has passed maxLifetime)
2026-03-18 00:52:45 [DEBUG] [com.zaxxer.hikari.pool.HikariPool] [call] [728] -> HikariPool-1 - Added connection com.mysql.cj.jdbc.ConnectionImpl@4521d2c
2026-03-18 00:52:45 [DEBUG] [com.zaxxer.hikari.pool.HikariPool] [logPoolState] [405] -> HikariPool-1 - Connection not added, stats (total=10, active=0, idle=10, waiting=0)
2026-03-18 00:52:52 [DEBUG] [com.zaxxer.hikari.pool.HikariPool] [logPoolState] [405] -> HikariPool-1 - Pool stats (total=10, active=0, idle=10, waiting=0)
2026-03-18 00:52:52 [DEBUG] [com.zaxxer.hikari.pool.HikariPool] [fillPool] [510] -> HikariPool-1 - Fill pool skipped, pool has sufficient level or currently being filled.
2026-03-18 00:53:02 [DEBUG] [org.springframework.web.servlet.DispatcherServlet] [traceDebug] [120] -> POST "/account/wxLogin", parameters={}
2026-03-18 00:53:02 [DEBUG] [org.springframework.session.web.http.SessionRepositoryFilter.SESSION_LOGGER] [getSession] [301] -> No session found by id: Caching result for getSession(false) for this HttpServletRequest.
2026-03-18 00:53:02 [DEBUG] [org.springframework.web.servlet.mvc.method.annotation.RequestMappingHandlerMapping] [getHandler] [531] -> Mapped to com.javastudy.vocabease_api.controller.WechatLoginController#wxLogin(Map, HttpServletRequest)
2026-03-18 00:53:02 [DEBUG] [org.springframework.web.servlet.mvc.method.annotation.RequestResponseBodyMethodProcessor] [traceDebug] [120] -> Read "application/json;charset=UTF-8" to [{code=0c3cgGkl2S7dnh4oNEkl210r312cgGkx, nickName=微信用户, avatarUrl=https://thirdwx.qlogo.cn/mmopen/vi_ (truncated)...]
2026-03-18 00:53:02 [DEBUG] [org.mybatis.spring.SqlSessionUtils] [debug] [49] -> Creating a new SqlSession
2026-03-18 00:53:02 [DEBUG] [org.mybatis.spring.SqlSessionUtils] [debug] [49] -> SqlSession [org.apache.ibatis.session.defaults.DefaultSqlSession@28e27492] was not registered for synchronization because synchronization is not active
2026-03-18 00:53:02 [DEBUG] [org.springframework.jdbc.datasource.DataSourceUtils] [doGetConnection] [117] -> Fetching JDBC Connection from DataSource
2026-03-18 00:53:02 [DEBUG] [org.mybatis.spring.transaction.SpringManagedTransaction] [debug] [49] -> JDBC Connection [HikariProxyConnection@447639232 wrapping com.mysql.cj.jdbc.ConnectionImpl@62fa00e0] will not be managed by Spring
2026-03-18 00:53:02 [DEBUG] [com.javastudy.vocabease_common.mappers.AppAccountMapper.selectByOpenId] [debug] [135] -> ==>  Preparing: select a.user_id,a.open_id,a.email,a.nick_name,a.avatar,a.password, a.gender,a.create_time,a.last_login_time,a.last_use_device_id,a.last_use_device_brand, a.last_login_ip,a.status from app_account a where open_id=? limit 1
2026-03-18 00:53:02 [DEBUG] [com.javastudy.vocabease_common.mappers.AppAccountMapper.selectByOpenId] [debug] [135] -> ==> Parameters: oNldS3WfYe__Ia7F01rIXU_dKArY(String)
2026-03-18 00:53:02 [DEBUG] [com.javastudy.vocabease_common.mappers.AppAccountMapper.selectByOpenId] [debug] [135] -> <==      Total: 1
2026-03-18 00:53:02 [DEBUG] [org.mybatis.spring.SqlSessionUtils] [debug] [49] -> Closing non transactional SqlSession [org.apache.ibatis.session.defaults.DefaultSqlSession@28e27492]
2026-03-18 00:53:02 [DEBUG] [org.mybatis.spring.SqlSessionUtils] [debug] [49] -> Creating a new SqlSession
2026-03-18 00:53:02 [DEBUG] [org.mybatis.spring.SqlSessionUtils] [debug] [49] -> SqlSession [org.apache.ibatis.session.defaults.DefaultSqlSession@2d2e17f5] was not registered for synchronization because synchronization is not active
2026-03-18 00:53:02 [DEBUG] [org.springframework.jdbc.datasource.DataSourceUtils] [doGetConnection] [117] -> Fetching JDBC Connection from DataSource
2026-03-18 00:53:02 [DEBUG] [org.mybatis.spring.transaction.SpringManagedTransaction] [debug] [49] -> JDBC Connection [HikariProxyConnection@382971942 wrapping com.mysql.cj.jdbc.ConnectionImpl@62fa00e0] will not be managed by Spring
2026-03-18 00:53:02 [DEBUG] [com.javastudy.vocabease_common.mappers.AppAccountMapper.updateByUserId] [debug] [135] -> ==>  Preparing: UPDATE app_account SET last_login_time = ?, last_use_device_id = ?, last_use_device_brand = ? where user_id=?
2026-03-18 00:53:02 [DEBUG] [com.javastudy.vocabease_common.mappers.AppAccountMapper.updateByUserId] [debug] [135] -> ==> Parameters: 2026-03-18 00:53:02.984(Timestamp), 17736468502392105274(String), devtools(String), DGRFD56pVa(String)
2026-03-18 00:53:02 [DEBUG] [com.javastudy.vocabease_common.mappers.AppAccountMapper.updateByUserId] [debug] [135] -> <==    Updates: 1
2026-03-18 00:53:02 [DEBUG] [org.mybatis.spring.SqlSessionUtils] [debug] [49] -> Closing non transactional SqlSession [org.apache.ibatis.session.defaults.DefaultSqlSession@2d2e17f5]
2026-03-18 00:53:02 [DEBUG] [org.mybatis.spring.SqlSessionUtils] [debug] [49] -> Creating a new SqlSession
2026-03-18 00:53:02 [DEBUG] [org.mybatis.spring.SqlSessionUtils] [debug] [49] -> SqlSession [org.apache.ibatis.session.defaults.DefaultSqlSession@afc6021] was not registered for synchronization because synchronization is not active
2026-03-18 00:53:02 [DEBUG] [org.springframework.jdbc.datasource.DataSourceUtils] [doGetConnection] [117] -> Fetching JDBC Connection from DataSource
2026-03-18 00:53:02 [DEBUG] [org.mybatis.spring.transaction.SpringManagedTransaction] [debug] [49] -> JDBC Connection [HikariProxyConnection@1462787892 wrapping com.mysql.cj.jdbc.ConnectionImpl@62fa00e0] will not be managed by Spring
2026-03-18 00:53:02 [DEBUG] [com.javastudy.vocabease_common.mappers.AppAccountMapper.updateByUserId] [debug] [135] -> ==>  Preparing: UPDATE app_account SET last_login_time = ?, last_use_device_id = ?, last_use_device_brand = ?, last_login_ip = ? where user_id=?
2026-03-18 00:53:02 [DEBUG] [com.javastudy.vocabease_common.mappers.AppAccountMapper.updateByUserId] [debug] [135] -> ==> Parameters: 2026-03-18 00:53:02.998(Timestamp), 17736468502392105274(String), devtools(String), 0:0:0:0:0:0:0:1(String), DGRFD56pVa(String)
2026-03-18 00:53:03 [DEBUG] [com.javastudy.vocabease_common.mappers.AppAccountMapper.updateByUserId] [debug] [135] -> <==    Updates: 1
2026-03-18 00:53:03 [DEBUG] [org.mybatis.spring.SqlSessionUtils] [debug] [49] -> Closing non transactional SqlSession [org.apache.ibatis.session.defaults.DefaultSqlSession@afc6021]
2026-03-18 00:53:03 [INFO] [com.javastudy.vocabease_common.utils.JWTUtil] [createToken] [32] -> === [生成 Token] 过期天数=604800, 计算出的毫秒增量=52254720000000, 过期时间=Wed Feb 04 00:53:03 CST 3682
2026-03-18 00:53:03 [INFO] [com.javastudy.vocabease_api.controller.WechatLoginController] [wxLogin] [84] -> === [登录接口] 生成 Token 使用的密钥：[test123456]
2026-03-18 00:53:03 [INFO] [com.javastudy.vocabease_api.controller.WechatLoginController] [wxLogin] [85] -> === [登录接口] 生成的 Token 前缀：[eyJ0eXAiOiJKV1QiLCJh...]
2026-03-18 00:53:03 [DEBUG] [org.springframework.web.servlet.mvc.method.annotation.RequestResponseBodyMethodProcessor] [writeWithMessageConverters] [275] -> Using 'application/json', given [*/*] and supported [application/json, application/*+json]
2026-03-18 00:53:03 [DEBUG] [org.springframework.web.servlet.mvc.method.annotation.RequestResponseBodyMethodProcessor] [traceDebug] [120] -> Writing [com.javastudy.vocabease_common.entity.vo.ResponseVO@5ad2cb0e]
2026-03-18 00:53:03 [DEBUG] [org.springframework.web.servlet.DispatcherServlet] [logResult] [1138] -> Completed 200 OK
2026-03-18 00:53:03 [DEBUG] [org.springframework.session.web.http.SessionRepositoryFilter.SESSION_LOGGER] [getSession] [301] -> No session found by id: Caching result for getSession(false) for this HttpServletRequest.
2026-03-18 00:53:06 [DEBUG] [org.springframework.web.servlet.DispatcherServlet] [traceDebug] [120] -> GET "/myInfo/loadMyInfo", parameters={}
2026-03-18 00:53:06 [DEBUG] [org.springframework.session.web.http.SessionRepositoryFilter.SESSION_LOGGER] [getSession] [301] -> No session found by id: Caching result for getSession(false) for this HttpServletRequest.
2026-03-18 00:53:06 [DEBUG] [org.springframework.web.servlet.mvc.method.annotation.RequestMappingHandlerMapping] [getHandler] [531] -> Mapped to com.javastudy.vocabease_api.controller.MyInfoController#loadMyInfo(String)
2026-03-18 00:53:06 [INFO] [com.javastudy.vocabease_common.utils.JWTUtil] [getTokenData] [51] -> === [验证接口] 验证 Token 使用的密钥：[test123456]
2026-03-18 00:53:06 [INFO] [com.javastudy.vocabease_common.utils.JWTUtil] [getTokenData] [52] -> === [验证接口] 待验证 Token 前缀：[eyJ0eXAiOiJKV1QiLCJh...]
2026-03-18 00:53:06 [DEBUG] [org.mybatis.spring.SqlSessionUtils] [debug] [49] -> Creating a new SqlSession
2026-03-18 00:53:06 [DEBUG] [org.mybatis.spring.SqlSessionUtils] [debug] [49] -> SqlSession [org.apache.ibatis.session.defaults.DefaultSqlSession@500cc161] was not registered for synchronization because synchronization is not active
2026-03-18 00:53:06 [DEBUG] [org.springframework.jdbc.datasource.DataSourceUtils] [doGetConnection] [117] -> Fetching JDBC Connection from DataSource
2026-03-18 00:53:06 [DEBUG] [org.mybatis.spring.transaction.SpringManagedTransaction] [debug] [49] -> JDBC Connection [HikariProxyConnection@1458791899 wrapping com.mysql.cj.jdbc.ConnectionImpl@62fa00e0] will not be managed by Spring
2026-03-18 00:53:06 [DEBUG] [com.javastudy.vocabease_common.mappers.AppAccountMapper.selectByUserId] [debug] [135] -> ==>  Preparing: select a.user_id,a.open_id,a.email,a.nick_name,a.avatar,a.password, a.gender,a.create_time,a.last_login_time,a.last_use_device_id,a.last_use_device_brand, a.last_login_ip,a.status from app_account a where user_id=?
2026-03-18 00:53:06 [DEBUG] [com.javastudy.vocabease_common.mappers.AppAccountMapper.selectByUserId] [debug] [135] -> ==> Parameters: DGRFD56pVa(String)
2026-03-18 00:53:06 [DEBUG] [com.javastudy.vocabease_common.mappers.AppAccountMapper.selectByUserId] [debug] [135] -> <==      Total: 1
2026-03-18 00:53:06 [DEBUG] [org.mybatis.spring.SqlSessionUtils] [debug] [49] -> Closing non transactional SqlSession [org.apache.ibatis.session.defaults.DefaultSqlSession@500cc161]
2026-03-18 00:53:06 [DEBUG] [org.springframework.web.servlet.mvc.method.annotation.RequestResponseBodyMethodProcessor] [writeWithMessageConverters] [275] -> Using 'application/json', given [*/*] and supported [application/json, application/*+json]
2026-03-18 00:53:06 [DEBUG] [org.springframework.web.servlet.mvc.method.annotation.RequestResponseBodyMethodProcessor] [traceDebug] [120] -> Writing [com.javastudy.vocabease_common.entity.vo.ResponseVO@7e23f19b]
2026-03-18 00:53:06 [DEBUG] [org.springframework.web.servlet.DispatcherServlet] [logResult] [1138] -> Completed 200 OK
2026-03-18 00:53:06 [DEBUG] [org.springframework.session.web.http.SessionRepositoryFilter.SESSION_LOGGER] [getSession] [301] -> No session found by id: Caching result for getSession(false) for this HttpServletRequest.
2026-03-18 00:53:22 [DEBUG] [com.zaxxer.hikari.pool.HikariPool] [logPoolState] [405] -> HikariPool-1 - Pool stats (total=10, active=0, idle=10, waiting=0)
2026-03-18 00:53:22 [DEBUG] [com.zaxxer.hikari.pool.HikariPool] [fillPool] [510] -> HikariPool-1 - Fill pool skipped, pool has sufficient level or currently being filled.
2026-03-18 00:53:24 [DEBUG] [org.springframework.web.servlet.DispatcherServlet] [traceDebug] [120] -> GET "/myInfo/loadMyCollect?collectType=2&PageNum=1", parameters={masked}
2026-03-18 00:53:24 [DEBUG] [org.springframework.session.web.http.SessionRepositoryFilter.SESSION_LOGGER] [getSession] [301] -> No session found by id: Caching result for getSession(false) for this HttpServletRequest.
2026-03-18 00:53:24 [DEBUG] [org.springframework.web.servlet.mvc.method.annotation.RequestMappingHandlerMapping] [getHandler] [531] -> Mapped to com.javastudy.vocabease_api.controller.MyInfoController#loadMyCollect(String, Integer)
2026-03-18 00:53:24 [INFO] [com.javastudy.vocabease_common.utils.JWTUtil] [getTokenData] [51] -> === [验证接口] 验证 Token 使用的密钥：[test123456]
2026-03-18 00:53:24 [INFO] [com.javastudy.vocabease_common.utils.JWTUtil] [getTokenData] [52] -> === [验证接口] 待验证 Token 前缀：[eyJ0eXAiOiJKV1QiLCJh...]
2026-03-18 00:53:24 [INFO] [com.javastudy.vocabease_common.utils.JWTUtil] [getTokenData] [51] -> === [验证接口] 验证 Token 使用的密钥：[test123456]
2026-03-18 00:53:24 [INFO] [com.javastudy.vocabease_common.utils.JWTUtil] [getTokenData] [52] -> === [验证接口] 待验证 Token 前缀：[eyJ0eXAiOiJKV1QiLCJh...]
2026-03-18 00:53:24 [DEBUG] [org.mybatis.spring.SqlSessionUtils] [debug] [49] -> Creating a new SqlSession
2026-03-18 00:53:24 [DEBUG] [org.mybatis.spring.SqlSessionUtils] [debug] [49] -> SqlSession [org.apache.ibatis.session.defaults.DefaultSqlSession@3dfb3866] was not registered for synchronization because synchronization is not active
2026-03-18 00:53:24 [DEBUG] [org.springframework.jdbc.datasource.DataSourceUtils] [doGetConnection] [117] -> Fetching JDBC Connection from DataSource
2026-03-18 00:53:24 [DEBUG] [org.mybatis.spring.transaction.SpringManagedTransaction] [debug] [49] -> JDBC Connection [HikariProxyConnection@918124931 wrapping com.mysql.cj.jdbc.ConnectionImpl@62fa00e0] will not be managed by Spring
2026-03-18 00:53:24 [DEBUG] [com.javastudy.vocabease_common.mappers.AppCollectMapper.selectCount] [debug] [135] -> ==>  Preparing: SELECT count(1) FROM app_collect a WHERE a.user_id = ? and a.collect_type = ?
2026-03-18 00:53:24 [DEBUG] [com.javastudy.vocabease_common.mappers.AppCollectMapper.selectCount] [debug] [135] -> ==> Parameters: DGRFD56pVa(String), 2(Integer)
2026-03-18 00:53:24 [DEBUG] [com.javastudy.vocabease_common.mappers.AppCollectMapper.selectCount] [debug] [135] -> <==      Total: 1
2026-03-18 00:53:24 [DEBUG] [org.mybatis.spring.SqlSessionUtils] [debug] [49] -> Closing non transactional SqlSession [org.apache.ibatis.session.defaults.DefaultSqlSession@3dfb3866]
2026-03-18 00:53:24 [DEBUG] [org.mybatis.spring.SqlSessionUtils] [debug] [49] -> Creating a new SqlSession
2026-03-18 00:53:24 [DEBUG] [org.mybatis.spring.SqlSessionUtils] [debug] [49] -> SqlSession [org.apache.ibatis.session.defaults.DefaultSqlSession@20c743a] was not registered for synchronization because synchronization is not active
2026-03-18 00:53:24 [DEBUG] [org.springframework.jdbc.datasource.DataSourceUtils] [doGetConnection] [117] -> Fetching JDBC Connection from DataSource
2026-03-18 00:53:24 [DEBUG] [org.mybatis.spring.transaction.SpringManagedTransaction] [debug] [49] -> JDBC Connection [HikariProxyConnection@1724929045 wrapping com.mysql.cj.jdbc.ConnectionImpl@62fa00e0] will not be managed by Spring
2026-03-18 00:53:24 [DEBUG] [com.javastudy.vocabease_common.mappers.AppCollectMapper.selectList] [debug] [135] -> ==>  Preparing: SELECT a.collect_id,a.user_id,a.object_id,a.collect_type,a.collect_time FROM app_collect a WHERE a.user_id = ? and a.collect_type = ? order by collect_time desc limit ?,?
2026-03-18 00:53:24 [DEBUG] [com.javastudy.vocabease_common.mappers.AppCollectMapper.selectList] [debug] [135] -> ==> Parameters: DGRFD56pVa(String), 2(Integer), 0(Integer), 15(Integer)
2026-03-18 00:53:24 [DEBUG] [com.javastudy.vocabease_common.mappers.AppCollectMapper.selectList] [debug] [135] -> <==      Total: 2
2026-03-18 00:53:24 [DEBUG] [org.mybatis.spring.SqlSessionUtils] [debug] [49] -> Closing non transactional SqlSession [org.apache.ibatis.session.defaults.DefaultSqlSession@20c743a]
2026-03-18 00:53:24 [DEBUG] [org.mybatis.spring.SqlSessionUtils] [debug] [49] -> Creating a new SqlSession
2026-03-18 00:53:24 [DEBUG] [org.mybatis.spring.SqlSessionUtils] [debug] [49] -> SqlSession [org.apache.ibatis.session.defaults.DefaultSqlSession@7e18403d] was not registered for synchronization because synchronization is not active
2026-03-18 00:53:24 [DEBUG] [org.springframework.jdbc.datasource.DataSourceUtils] [doGetConnection] [117] -> Fetching JDBC Connection from DataSource
2026-03-18 00:53:24 [DEBUG] [org.mybatis.spring.transaction.SpringManagedTransaction] [debug] [49] -> JDBC Connection [HikariProxyConnection@525620832 wrapping com.mysql.cj.jdbc.ConnectionImpl@62fa00e0] will not be managed by Spring
2026-03-18 00:53:24 [DEBUG] [com.javastudy.vocabease_common.mappers.ArticleMapper.selectList] [debug] [135] -> ==>  Preparing: SELECT a.article_id,a.title,a.level, a.create_time,a.status,a.creater_id,a.read_count,a.collect_count, a.post_type,c.category_name as category_name,u.user_name as user_name FROM article a LEFT JOIN article2category a2c ON a.article_id = a2c.article_id LEFT JOIN category c ON a2c.category_id = c.category_id LEFT JOIN account u ON a.creater_id = u.user_id WHERE a.article_id in(?,? ) order by field(a.article_id,6,1)
2026-03-18 00:53:24 [DEBUG] [com.javastudy.vocabease_common.mappers.ArticleMapper.selectList] [debug] [135] -> ==> Parameters: 6(String), 1(String)
2026-03-18 00:53:24 [DEBUG] [com.javastudy.vocabease_common.mappers.ArticleMapper.selectList] [debug] [135] -> <==      Total: 2
2026-03-18 00:53:24 [DEBUG] [org.mybatis.spring.SqlSessionUtils] [debug] [49] -> Closing non transactional SqlSession [org.apache.ibatis.session.defaults.DefaultSqlSession@7e18403d]
2026-03-18 00:53:24 [DEBUG] [org.springframework.web.servlet.mvc.method.annotation.RequestResponseBodyMethodProcessor] [writeWithMessageConverters] [275] -> Using 'application/json', given [*/*] and supported [application/json, application/*+json]
2026-03-18 00:53:24 [DEBUG] [org.springframework.web.servlet.mvc.method.annotation.RequestResponseBodyMethodProcessor] [traceDebug] [120] -> Writing [com.javastudy.vocabease_common.entity.vo.ResponseVO@22a05b12]
2026-03-18 00:53:24 [DEBUG] [org.springframework.web.servlet.DispatcherServlet] [logResult] [1138] -> Completed 200 OK
2026-03-18 00:53:24 [DEBUG] [org.springframework.session.web.http.SessionRepositoryFilter.SESSION_LOGGER] [getSession] [301] -> No session found by id: Caching result for getSession(false) for this HttpServletRequest.
2026-03-18 00:53:31 [DEBUG] [org.springframework.web.servlet.DispatcherServlet] [traceDebug] [120] -> GET "/myInfo/loadMyInfo", parameters={}
2026-03-18 00:53:31 [DEBUG] [org.springframework.session.web.http.SessionRepositoryFilter.SESSION_LOGGER] [getSession] [301] -> No session found by id: Caching result for getSession(false) for this HttpServletRequest.
2026-03-18 00:53:31 [DEBUG] [org.springframework.web.servlet.mvc.method.annotation.RequestMappingHandlerMapping] [getHandler] [531] -> Mapped to com.javastudy.vocabease_api.controller.MyInfoController#loadMyInfo(String)
2026-03-18 00:53:31 [INFO] [com.javastudy.vocabease_common.utils.JWTUtil] [getTokenData] [51] -> === [验证接口] 验证 Token 使用的密钥：[test123456]
2026-03-18 00:53:31 [INFO] [com.javastudy.vocabease_common.utils.JWTUtil] [getTokenData] [52] -> === [验证接口] 待验证 Token 前缀：[eyJ0eXAiOiJKV1QiLCJh...]
2026-03-18 00:53:31 [DEBUG] [org.mybatis.spring.SqlSessionUtils] [debug] [49] -> Creating a new SqlSession
2026-03-18 00:53:31 [DEBUG] [org.mybatis.spring.SqlSessionUtils] [debug] [49] -> SqlSession [org.apache.ibatis.session.defaults.DefaultSqlSession@22e78574] was not registered for synchronization because synchronization is not active
2026-03-18 00:53:31 [DEBUG] [org.springframework.jdbc.datasource.DataSourceUtils] [doGetConnection] [117] -> Fetching JDBC Connection from DataSource
2026-03-18 00:53:31 [DEBUG] [org.mybatis.spring.transaction.SpringManagedTransaction] [debug] [49] -> JDBC Connection [HikariProxyConnection@55058551 wrapping com.mysql.cj.jdbc.ConnectionImpl@62fa00e0] will not be managed by Spring
2026-03-18 00:53:31 [DEBUG] [com.javastudy.vocabease_common.mappers.AppAccountMapper.selectByUserId] [debug] [135] -> ==>  Preparing: select a.user_id,a.open_id,a.email,a.nick_name,a.avatar,a.password, a.gender,a.create_time,a.last_login_time,a.last_use_device_id,a.last_use_device_brand, a.last_login_ip,a.status from app_account a where user_id=?
2026-03-18 00:53:31 [DEBUG] [com.javastudy.vocabease_common.mappers.AppAccountMapper.selectByUserId] [debug] [135] -> ==> Parameters: DGRFD56pVa(String)
2026-03-18 00:53:31 [DEBUG] [com.javastudy.vocabease_common.mappers.AppAccountMapper.selectByUserId] [debug] [135] -> <==      Total: 1
2026-03-18 00:53:31 [DEBUG] [org.mybatis.spring.SqlSessionUtils] [debug] [49] -> Closing non transactional SqlSession [org.apache.ibatis.session.defaults.DefaultSqlSession@22e78574]
2026-03-18 00:53:31 [DEBUG] [org.springframework.web.servlet.mvc.method.annotation.RequestResponseBodyMethodProcessor] [writeWithMessageConverters] [275] -> Using 'application/json', given [*/*] and supported [application/json, application/*+json]
2026-03-18 00:53:31 [DEBUG] [org.springframework.web.servlet.mvc.method.annotation.RequestResponseBodyMethodProcessor] [traceDebug] [120] -> Writing [com.javastudy.vocabease_common.entity.vo.ResponseVO@69bde092]
2026-03-18 00:53:31 [DEBUG] [org.springframework.web.servlet.DispatcherServlet] [logResult] [1138] -> Completed 200 OK
2026-03-18 00:53:31 [DEBUG] [org.springframework.session.web.http.SessionRepositoryFilter.SESSION_LOGGER] [getSession] [301] -> No session found by id: Caching result for getSession(false) for this HttpServletRequest.
2026-03-18 00:53:33 [DEBUG] [org.springframework.web.servlet.DispatcherServlet] [traceDebug] [120] -> GET "/myInfo/loadMyCollect?collectType=3&PageNum=1", parameters={masked}
2026-03-18 00:53:33 [DEBUG] [org.springframework.session.web.http.SessionRepositoryFilter.SESSION_LOGGER] [getSession] [301] -> No session found by id: Caching result for getSession(false) for this HttpServletRequest.
2026-03-18 00:53:33 [DEBUG] [org.springframework.web.servlet.mvc.method.annotation.RequestMappingHandlerMapping] [getHandler] [531] -> Mapped to com.javastudy.vocabease_api.controller.MyInfoController#loadMyCollect(String, Integer)
2026-03-18 00:53:33 [INFO] [com.javastudy.vocabease_common.utils.JWTUtil] [getTokenData] [51] -> === [验证接口] 验证 Token 使用的密钥：[test123456]
2026-03-18 00:53:33 [INFO] [com.javastudy.vocabease_common.utils.JWTUtil] [getTokenData] [52] -> === [验证接口] 待验证 Token 前缀：[eyJ0eXAiOiJKV1QiLCJh...]
2026-03-18 00:53:33 [INFO] [com.javastudy.vocabease_common.utils.JWTUtil] [getTokenData] [51] -> === [验证接口] 验证 Token 使用的密钥：[test123456]
2026-03-18 00:53:33 [INFO] [com.javastudy.vocabease_common.utils.JWTUtil] [getTokenData] [52] -> === [验证接口] 待验证 Token 前缀：[eyJ0eXAiOiJKV1QiLCJh...]
2026-03-18 00:53:33 [DEBUG] [org.mybatis.spring.SqlSessionUtils] [debug] [49] -> Creating a new SqlSession
2026-03-18 00:53:33 [DEBUG] [org.mybatis.spring.SqlSessionUtils] [debug] [49] -> SqlSession [org.apache.ibatis.session.defaults.DefaultSqlSession@523cf84] was not registered for synchronization because synchronization is not active
2026-03-18 00:53:33 [DEBUG] [org.springframework.jdbc.datasource.DataSourceUtils] [doGetConnection] [117] -> Fetching JDBC Connection from DataSource
2026-03-18 00:53:33 [DEBUG] [org.mybatis.spring.transaction.SpringManagedTransaction] [debug] [49] -> JDBC Connection [HikariProxyConnection@199500112 wrapping com.mysql.cj.jdbc.ConnectionImpl@62fa00e0] will not be managed by Spring
2026-03-18 00:53:33 [DEBUG] [com.javastudy.vocabease_common.mappers.AppCollectMapper.selectCount] [debug] [135] -> ==>  Preparing: SELECT count(1) FROM app_collect a WHERE a.user_id = ? and a.collect_type = ?
2026-03-18 00:53:33 [DEBUG] [com.javastudy.vocabease_common.mappers.AppCollectMapper.selectCount] [debug] [135] -> ==> Parameters: DGRFD56pVa(String), 3(Integer)
2026-03-18 00:53:33 [DEBUG] [com.javastudy.vocabease_common.mappers.AppCollectMapper.selectCount] [debug] [135] -> <==      Total: 1
2026-03-18 00:53:33 [DEBUG] [org.mybatis.spring.SqlSessionUtils] [debug] [49] -> Closing non transactional SqlSession [org.apache.ibatis.session.defaults.DefaultSqlSession@523cf84]
2026-03-18 00:53:33 [DEBUG] [org.mybatis.spring.SqlSessionUtils] [debug] [49] -> Creating a new SqlSession
2026-03-18 00:53:33 [DEBUG] [org.mybatis.spring.SqlSessionUtils] [debug] [49] -> SqlSession [org.apache.ibatis.session.defaults.DefaultSqlSession@4ad92b6b] was not registered for synchronization because synchronization is not active
2026-03-18 00:53:33 [DEBUG] [org.springframework.jdbc.datasource.DataSourceUtils] [doGetConnection] [117] -> Fetching JDBC Connection from DataSource
2026-03-18 00:53:33 [DEBUG] [org.mybatis.spring.transaction.SpringManagedTransaction] [debug] [49] -> JDBC Connection [HikariProxyConnection@1360892507 wrapping com.mysql.cj.jdbc.ConnectionImpl@62fa00e0] will not be managed by Spring
2026-03-18 00:53:33 [DEBUG] [com.javastudy.vocabease_common.mappers.AppCollectMapper.selectList] [debug] [135] -> ==>  Preparing: SELECT a.collect_id,a.user_id,a.object_id,a.collect_type,a.collect_time FROM app_collect a WHERE a.user_id = ? and a.collect_type = ? order by collect_time desc limit ?,?
2026-03-18 00:53:33 [DEBUG] [com.javastudy.vocabease_common.mappers.AppCollectMapper.selectList] [debug] [135] -> ==> Parameters: DGRFD56pVa(String), 3(Integer), 0(Integer), 15(Integer)
2026-03-18 00:53:33 [DEBUG] [com.javastudy.vocabease_common.mappers.AppCollectMapper.selectList] [debug] [135] -> <==      Total: 2
2026-03-18 00:53:33 [DEBUG] [org.mybatis.spring.SqlSessionUtils] [debug] [49] -> Closing non transactional SqlSession [org.apache.ibatis.session.defaults.DefaultSqlSession@4ad92b6b]
2026-03-18 00:53:33 [DEBUG] [org.mybatis.spring.SqlSessionUtils] [debug] [49] -> Creating a new SqlSession
2026-03-18 00:53:33 [DEBUG] [org.mybatis.spring.SqlSessionUtils] [debug] [49] -> SqlSession [org.apache.ibatis.session.defaults.DefaultSqlSession@29f72002] was not registered for synchronization because synchronization is not active
2026-03-18 00:53:33 [DEBUG] [org.springframework.jdbc.datasource.DataSourceUtils] [doGetConnection] [117] -> Fetching JDBC Connection from DataSource
2026-03-18 00:53:33 [DEBUG] [org.mybatis.spring.transaction.SpringManagedTransaction] [debug] [49] -> JDBC Connection [HikariProxyConnection@1233955016 wrapping com.mysql.cj.jdbc.ConnectionImpl@62fa00e0] will not be managed by Spring
2026-03-18 00:53:33 [DEBUG] [com.javastudy.vocabease_common.mappers.QuestionMapper.selectList] [debug] [135] -> ==>  Preparing: SELECT q.question_id,q.title,q.question,q.level, q.create_time,q.status,q.creater_id,q.read_count,q.collect_count, q.post_type,q.question_type,c.category_name as category_name FROM question q LEFT JOIN question2category q2c ON q.question_id = q2c.question_id LEFT JOIN category c ON q2c.category_id = c.category_id WHERE question_id in ( ?,?) order by field(q.question_id,2,1)
2026-03-18 00:53:33 [DEBUG] [com.javastudy.vocabease_common.mappers.QuestionMapper.selectList] [debug] [135] -> ==> Parameters: 2(String), 1(String)
2026-03-18 00:53:33 [DEBUG] [org.mybatis.spring.SqlSessionUtils] [debug] [49] -> Closing non transactional SqlSession [org.apache.ibatis.session.defaults.DefaultSqlSession@29f72002]
2026-03-18 00:53:34 [DEBUG] [org.springframework.beans.factory.xml.XmlBeanDefinitionReader] [doLoadBeanDefinitions] [402] -> Loaded 11 bean definitions from class path resource [org/springframework/jdbc/support/sql-error-codes.xml]
2026-03-18 00:53:34 [DEBUG] [org.springframework.beans.factory.support.DefaultListableBeanFactory] [getSingleton] [225] -> Creating shared instance of singleton bean 'DB2'
2026-03-18 00:53:34 [DEBUG] [org.springframework.beans.factory.support.DefaultListableBeanFactory] [getSingleton] [225] -> Creating shared instance of singleton bean 'Derby'
2026-03-18 00:53:34 [DEBUG] [org.springframework.beans.factory.support.DefaultListableBeanFactory] [getSingleton] [225] -> Creating shared instance of singleton bean 'H2'
2026-03-18 00:53:34 [DEBUG] [org.springframework.beans.factory.support.DefaultListableBeanFactory] [getSingleton] [225] -> Creating shared instance of singleton bean 'HDB'
2026-03-18 00:53:34 [DEBUG] [org.springframework.beans.factory.support.DefaultListableBeanFactory] [getSingleton] [225] -> Creating shared instance of singleton bean 'HSQL'
2026-03-18 00:53:34 [DEBUG] [org.springframework.beans.factory.support.DefaultListableBeanFactory] [getSingleton] [225] -> Creating shared instance of singleton bean 'Informix'
2026-03-18 00:53:34 [DEBUG] [org.springframework.beans.factory.support.DefaultListableBeanFactory] [getSingleton] [225] -> Creating shared instance of singleton bean 'MS-SQL'
2026-03-18 00:53:34 [DEBUG] [org.springframework.beans.factory.support.DefaultListableBeanFactory] [getSingleton] [225] -> Creating shared instance of singleton bean 'MySQL'
2026-03-18 00:53:34 [DEBUG] [org.springframework.beans.factory.support.DefaultListableBeanFactory] [getSingleton] [225] -> Creating shared instance of singleton bean 'Oracle'
2026-03-18 00:53:34 [DEBUG] [org.springframework.beans.factory.support.DefaultListableBeanFactory] [getSingleton] [225] -> Creating shared instance of singleton bean 'PostgreSQL'
2026-03-18 00:53:34 [DEBUG] [org.springframework.beans.factory.support.DefaultListableBeanFactory] [getSingleton] [225] -> Creating shared instance of singleton bean 'Sybase'
2026-03-18 00:53:34 [DEBUG] [org.springframework.jdbc.support.SQLErrorCodesFactory] [resolveErrorCodes] [230] -> Looking up default SQLErrorCodes for DataSource [com.zaxxer.hikari.HikariDataSource@54ae1240]
2026-03-18 00:53:34 [DEBUG] [org.springframework.jdbc.datasource.DataSourceUtils] [doGetConnection] [117] -> Fetching JDBC Connection from DataSource
2026-03-18 00:53:34 [DEBUG] [org.springframework.jdbc.support.SQLErrorCodesFactory] [getErrorCodes] [188] -> SQL error codes for 'MySQL' found
2026-03-18 00:53:34 [DEBUG] [org.springframework.jdbc.support.SQLErrorCodesFactory] [registerDatabase] [274] -> Caching SQL error codes for DataSource [com.zaxxer.hikari.HikariDataSource@54ae1240]: database product name is 'MySQL'
2026-03-18 00:53:34 [DEBUG] [org.springframework.jdbc.support.SQLErrorCodeSQLExceptionTranslator] [doTranslate] [296] -> Unable to translate SQLException with Error code '1052', will now try the fallback translator
2026-03-18 00:53:34 [DEBUG] [org.springframework.web.servlet.mvc.method.annotation.ExceptionHandlerExceptionResolver] [doResolveHandlerMethodException] [420] -> Using @ExceptionHandler com.javastudy.vocabease_api.controller.AGlobalExceptionHandlerController#handleException(Exception, HttpServletRequest)
2026-03-18 00:53:34 [ERROR] [com.javastudy.vocabease_api.controller.AGlobalExceptionHandlerController] [handleException] [23] -> 请求错误，请求地址http://localhost:9090/myInfo/loadMyCollect,错误信息:
org.springframework.dao.DataIntegrityViolationException: 
### Error querying database.  Cause: java.sql.SQLIntegrityConstraintViolationException: Column 'question_id' in where clause is ambiguous
### The error may exist in file [D:\IdeaProject\VocabEase\VocabEase_common\target\classes\com\javastudy\vocabease_common\mappers\QuestionMapper.xml]
### The error may involve defaultParameterMap
### The error occurred while setting parameters
### SQL: SELECT              q.question_id,q.title,q.question,q.level,    q.create_time,q.status,q.creater_id,q.read_count,q.collect_count,    q.post_type,q.question_type,c.category_name as category_name                      FROM question q         LEFT JOIN question2category q2c ON q.question_id = q2c.question_id         LEFT JOIN category c ON q2c.category_id = c.category_id                    WHERE  question_id in (                 ?,?)                              order by field(q.question_id,2,1)
### Cause: java.sql.SQLIntegrityConstraintViolationException: Column 'question_id' in where clause is ambiguous
; Column 'question_id' in where clause is ambiguous
	at org.springframework.jdbc.support.SQLExceptionSubclassTranslator.doTranslate(SQLExceptionSubclassTranslator.java:97)
	at org.springframework.jdbc.support.AbstractFallbackSQLExceptionTranslator.translate(AbstractFallbackSQLExceptionTranslator.java:107)
	at org.springframework.jdbc.support.AbstractFallbackSQLExceptionTranslator.translate(AbstractFallbackSQLExceptionTranslator.java:116)
	at org.mybatis.spring.MyBatisExceptionTranslator.translateExceptionIfPossible(MyBatisExceptionTranslator.java:95)
	at org.mybatis.spring.SqlSessionTemplate$SqlSessionInterceptor.invoke(SqlSessionTemplate.java:347)
	at jdk.proxy2/jdk.proxy2.$Proxy76.selectList(Unknown Source)
	at org.mybatis.spring.SqlSessionTemplate.selectList(SqlSessionTemplate.java:194)
	at org.apache.ibatis.binding.MapperMethod.executeForMany(MapperMethod.java:147)
	at org.apache.ibatis.binding.MapperMethod.execute(MapperMethod.java:80)
	at org.apache.ibatis.binding.MapperProxy$PlainMethodInvoker.invoke(MapperProxy.java:141)
	at org.apache.ibatis.binding.MapperProxy.invoke(MapperProxy.java:86)
	at jdk.proxy2/jdk.proxy2.$Proxy81.selectList(Unknown Source)
	at com.javastudy.vocabease_common.service.impl.QuestionServiceImpl.findListByParam(QuestionServiceImpl.java:54)
	at java.base/jdk.internal.reflect.DirectMethodHandleAccessor.invoke(DirectMethodHandleAccessor.java:103)
	at java.base/java.lang.reflect.Method.invoke(Method.java:580)
	at org.springframework.aop.support.AopUtils.invokeJoinpointUsingReflection(AopUtils.java:354)
	at org.springframework.aop.framework.CglibAopProxy$DynamicAdvisedInterceptor.intercept(CglibAopProxy.java:716)
	at com.javastudy.vocabease_common.service.impl.QuestionServiceImpl$$SpringCGLIB$$0.findListByParam(<generated>)
	at com.javastudy.vocabease_api.controller.MyInfoController.loadMyCollect(MyInfoController.java:131)
	at java.base/jdk.internal.reflect.DirectMethodHandleAccessor.invoke(DirectMethodHandleAccessor.java:103)
	at java.base/java.lang.reflect.Method.invoke(Method.java:580)
	at org.springframework.aop.support.AopUtils.invokeJoinpointUsingReflection(AopUtils.java:354)
	at org.springframework.aop.framework.ReflectiveMethodInvocation.invokeJoinpoint(ReflectiveMethodInvocation.java:196)
	at org.springframework.aop.framework.ReflectiveMethodInvocation.proceed(ReflectiveMethodInvocation.java:163)
	at org.springframework.aop.framework.CglibAopProxy$CglibMethodInvocation.proceed(CglibAopProxy.java:768)
	at org.springframework.aop.framework.adapter.MethodBeforeAdviceInterceptor.invoke(MethodBeforeAdviceInterceptor.java:58)
	at org.springframework.aop.framework.ReflectiveMethodInvocation.proceed(ReflectiveMethodInvocation.java:173)
	at org.springframework.aop.framework.CglibAopProxy$CglibMethodInvocation.proceed(CglibAopProxy.java:768)
	at org.springframework.aop.interceptor.ExposeInvocationInterceptor.invoke(ExposeInvocationInterceptor.java:97)
	at org.springframework.aop.framework.ReflectiveMethodInvocation.proceed(ReflectiveMethodInvocation.java:184)
	at org.springframework.aop.framework.CglibAopProxy$CglibMethodInvocation.proceed(CglibAopProxy.java:768)
	at org.springframework.aop.framework.CglibAopProxy$DynamicAdvisedInterceptor.intercept(CglibAopProxy.java:720)
	at com.javastudy.vocabease_api.controller.MyInfoController$$SpringCGLIB$$0.loadMyCollect(<generated>)
	at java.base/jdk.internal.reflect.DirectMethodHandleAccessor.invoke(DirectMethodHandleAccessor.java:103)
	at java.base/java.lang.reflect.Method.invoke(Method.java:580)
	at org.springframework.web.method.support.InvocableHandlerMethod.doInvoke(InvocableHandlerMethod.java:255)
	at org.springframework.web.method.support.InvocableHandlerMethod.invokeForRequest(InvocableHandlerMethod.java:188)
	at org.springframework.web.servlet.mvc.method.annotation.ServletInvocableHandlerMethod.invokeAndHandle(ServletInvocableHandlerMethod.java:118)
	at org.springframework.web.servlet.mvc.method.annotation.RequestMappingHandlerAdapter.invokeHandlerMethod(RequestMappingHandlerAdapter.java:926)
	at org.springframework.web.servlet.mvc.method.annotation.RequestMappingHandlerAdapter.handleInternal(RequestMappingHandlerAdapter.java:831)
	at org.springframework.web.servlet.mvc.method.AbstractHandlerMethodAdapter.handle(AbstractHandlerMethodAdapter.java:87)
	at org.springframework.web.servlet.DispatcherServlet.doDispatch(DispatcherServlet.java:1089)
	at org.springframework.web.servlet.DispatcherServlet.doService(DispatcherServlet.java:979)
	at org.springframework.web.servlet.FrameworkServlet.processRequest(FrameworkServlet.java:1014)
	at org.springframework.web.servlet.FrameworkServlet.doGet(FrameworkServlet.java:903)
	at jakarta.servlet.http.HttpServlet.service(HttpServlet.java:564)
	at org.springframework.web.servlet.FrameworkServlet.service(FrameworkServlet.java:885)
	at jakarta.servlet.http.HttpServlet.service(HttpServlet.java:658)
	at org.apache.catalina.core.ApplicationFilterChain.internalDoFilter(ApplicationFilterChain.java:195)
	at org.apache.catalina.core.ApplicationFilterChain.doFilter(ApplicationFilterChain.java:140)
	at org.apache.tomcat.websocket.server.WsFilter.doFilter(WsFilter.java:51)
	at org.apache.catalina.core.ApplicationFilterChain.internalDoFilter(ApplicationFilterChain.java:164)
	at org.apache.catalina.core.ApplicationFilterChain.doFilter(ApplicationFilterChain.java:140)
	at org.springframework.web.filter.RequestContextFilter.doFilterInternal(RequestContextFilter.java:100)
	at org.springframework.web.filter.OncePerRequestFilter.doFilter(OncePerRequestFilter.java:116)
	at org.apache.catalina.core.ApplicationFilterChain.internalDoFilter(ApplicationFilterChain.java:164)
	at org.apache.catalina.core.ApplicationFilterChain.doFilter(ApplicationFilterChain.java:140)
	at org.springframework.web.filter.FormContentFilter.doFilterInternal(FormContentFilter.java:93)
	at org.springframework.web.filter.OncePerRequestFilter.doFilter(OncePerRequestFilter.java:116)
	at org.apache.catalina.core.ApplicationFilterChain.internalDoFilter(ApplicationFilterChain.java:164)
	at org.apache.catalina.core.ApplicationFilterChain.doFilter(ApplicationFilterChain.java:140)
	at org.springframework.session.web.http.SessionRepositoryFilter.doFilterInternal(SessionRepositoryFilter.java:142)
	at org.springframework.session.web.http.OncePerRequestFilter.doFilter(OncePerRequestFilter.java:82)
	at org.springframework.web.filter.DelegatingFilterProxy.invokeDelegate(DelegatingFilterProxy.java:352)
	at org.springframework.web.filter.DelegatingFilterProxy.doFilter(DelegatingFilterProxy.java:268)
	at org.apache.catalina.core.ApplicationFilterChain.internalDoFilter(ApplicationFilterChain.java:164)
	at org.apache.catalina.core.ApplicationFilterChain.doFilter(ApplicationFilterChain.java:140)
	at org.springframework.web.filter.CharacterEncodingFilter.doFilterInternal(CharacterEncodingFilter.java:201)
	at org.springframework.web.filter.OncePerRequestFilter.doFilter(OncePerRequestFilter.java:116)
	at org.apache.catalina.core.ApplicationFilterChain.internalDoFilter(ApplicationFilterChain.java:164)
	at org.apache.catalina.core.ApplicationFilterChain.doFilter(ApplicationFilterChain.java:140)
	at org.apache.catalina.core.StandardWrapperValve.invoke(StandardWrapperValve.java:167)
	at org.apache.catalina.core.StandardContextValve.invoke(StandardContextValve.java:90)
	at org.apache.catalina.authenticator.AuthenticatorBase.invoke(AuthenticatorBase.java:482)
	at org.apache.catalina.core.StandardHostValve.invoke(StandardHostValve.java:115)
	at org.apache.catalina.valves.ErrorReportValve.invoke(ErrorReportValve.java:93)
	at org.apache.catalina.core.StandardEngineValve.invoke(StandardEngineValve.java:74)
	at org.apache.catalina.connector.CoyoteAdapter.service(CoyoteAdapter.java:344)
	at org.apache.coyote.http11.Http11Processor.service(Http11Processor.java:389)
	at org.apache.coyote.AbstractProcessorLight.process(AbstractProcessorLight.java:63)
	at org.apache.coyote.AbstractProtocol$ConnectionHandler.process(AbstractProtocol.java:896)
	at org.apache.tomcat.util.net.NioEndpoint$SocketProcessor.doRun(NioEndpoint.java:1741)
	at org.apache.tomcat.util.net.SocketProcessorBase.run(SocketProcessorBase.java:52)
	at org.apache.tomcat.util.threads.ThreadPoolExecutor.runWorker(ThreadPoolExecutor.java:1190)
	at org.apache.tomcat.util.threads.ThreadPoolExecutor$Worker.run(ThreadPoolExecutor.java:659)
	at org.apache.tomcat.util.threads.TaskThread$WrappingRunnable.run(TaskThread.java:63)
	at java.base/java.lang.Thread.run(Thread.java:1583)
Caused by: java.sql.SQLIntegrityConstraintViolationException: Column 'question_id' in where clause is ambiguous
	at com.mysql.cj.jdbc.exceptions.SQLError.createSQLException(SQLError.java:118)
	at com.mysql.cj.jdbc.exceptions.SQLExceptionsMapping.translateException(SQLExceptionsMapping.java:122)
	at com.mysql.cj.jdbc.ClientPreparedStatement.executeInternal(ClientPreparedStatement.java:912)
	at com.mysql.cj.jdbc.ClientPreparedStatement.execute(ClientPreparedStatement.java:354)
	at com.zaxxer.hikari.pool.ProxyPreparedStatement.execute(ProxyPreparedStatement.java:44)
	at com.zaxxer.hikari.pool.HikariProxyPreparedStatement.execute(HikariProxyPreparedStatement.java)
	at java.base/jdk.internal.reflect.DirectMethodHandleAccessor.invoke(DirectMethodHandleAccessor.java:103)
	at java.base/java.lang.reflect.Method.invoke(Method.java:580)
	at org.apache.ibatis.logging.jdbc.PreparedStatementLogger.invoke(PreparedStatementLogger.java:58)
	at jdk.proxy3/jdk.proxy3.$Proxy111.execute(Unknown Source)
	at org.apache.ibatis.executor.statement.PreparedStatementHandler.query(PreparedStatementHandler.java:65)
	at org.apache.ibatis.executor.statement.RoutingStatementHandler.query(RoutingStatementHandler.java:80)
	at org.apache.ibatis.executor.SimpleExecutor.doQuery(SimpleExecutor.java:65)
	at org.apache.ibatis.executor.BaseExecutor.queryFromDatabase(BaseExecutor.java:336)
	at org.apache.ibatis.executor.BaseExecutor.query(BaseExecutor.java:158)
	at org.apache.ibatis.executor.CachingExecutor.query(CachingExecutor.java:110)
	at org.apache.ibatis.executor.CachingExecutor.query(CachingExecutor.java:90)
	at org.apache.ibatis.session.defaults.DefaultSqlSession.selectList(DefaultSqlSession.java:154)
	at org.apache.ibatis.session.defaults.DefaultSqlSession.selectList(DefaultSqlSession.java:147)
	at org.apache.ibatis.session.defaults.DefaultSqlSession.selectList(DefaultSqlSession.java:142)
	at java.base/jdk.internal.reflect.DirectMethodHandleAccessor.invoke(DirectMethodHandleAccessor.java:103)
	at java.base/java.lang.reflect.Method.invoke(Method.java:580)
	at org.mybatis.spring.SqlSessionTemplate$SqlSessionInterceptor.invoke(SqlSessionTemplate.java:333)
	... 82 common frames omitted
2026-03-18 00:53:34 [DEBUG] [org.springframework.web.servlet.mvc.method.annotation.RequestResponseBodyMethodProcessor] [writeWithMessageConverters] [275] -> Using 'application/json', given [*/*] and supported [application/json, application/*+json]
2026-03-18 00:53:34 [DEBUG] [org.springframework.web.servlet.mvc.method.annotation.RequestResponseBodyMethodProcessor] [traceDebug] [120] -> Writing [com.javastudy.vocabease_common.entity.vo.ResponseVO@22f0ba33]
2026-03-18 00:53:34 [DEBUG] [org.springframework.web.servlet.mvc.method.annotation.ExceptionHandlerExceptionResolver] [resolveException] [179] -> Resolved [org.springframework.dao.DataIntegrityViolationException: <EOL><EOL>### Error querying database.  Cause: java.sql.SQLIntegrityConstraintViolationException: Column 'question_id' in where clause is ambiguous<EOL><EOL>### The error may exist in file [D:\IdeaProject\VocabEase\VocabEase_common\target\classes\com\javastudy\vocabease_common\mappers\QuestionMapper.xml]<EOL><EOL>### The error may involve defaultParameterMap<EOL><EOL>### The error occurred while setting parameters<EOL><EOL>### SQL: SELECT              q.question_id,q.title,q.question,q.level,    q.create_time,q.status,q.creater_id,q.read_count,q.collect_count,    q.post_type,q.question_type,c.category_name as category_name                      FROM question q         LEFT JOIN question2category q2c ON q.question_id = q2c.question_id         LEFT JOIN category c ON q2c.category_id = c.category_id                    WHERE  question_id in (                 ?,?)                              order by field(q.question_id,2,1)<EOL><EOL>### Cause: java.sql.SQLIntegrityConstraintViolationException: Column 'question_id' in where clause is ambiguous<EOL>; Column 'question_id' in where clause is ambiguous]
2026-03-18 00:53:34 [DEBUG] [org.springframework.web.servlet.DispatcherServlet] [logResult] [1138] -> Completed 200 OK
2026-03-18 00:53:34 [DEBUG] [org.springframework.session.web.http.SessionRepositoryFilter.SESSION_LOGGER] [getSession] [301] -> No session found by id: Caching result for getSession(false) for this HttpServletRequest.
2026-03-18 00:53:35 [DEBUG] [org.springframework.web.servlet.DispatcherServlet] [traceDebug] [120] -> GET "/myInfo/loadMyInfo", parameters={}
2026-03-18 00:53:35 [DEBUG] [org.springframework.session.web.http.SessionRepositoryFilter.SESSION_LOGGER] [getSession] [301] -> No session found by id: Caching result for getSession(false) for this HttpServletRequest.
2026-03-18 00:53:35 [DEBUG] [org.springframework.web.servlet.mvc.method.annotation.RequestMappingHandlerMapping] [getHandler] [531] -> Mapped to com.javastudy.vocabease_api.controller.MyInfoController#loadMyInfo(String)
2026-03-18 00:53:35 [INFO] [com.javastudy.vocabease_common.utils.JWTUtil] [getTokenData] [51] -> === [验证接口] 验证 Token 使用的密钥：[test123456]
2026-03-18 00:53:35 [INFO] [com.javastudy.vocabease_common.utils.JWTUtil] [getTokenData] [52] -> === [验证接口] 待验证 Token 前缀：[eyJ0eXAiOiJKV1QiLCJh...]
2026-03-18 00:53:35 [DEBUG] [org.mybatis.spring.SqlSessionUtils] [debug] [49] -> Creating a new SqlSession
2026-03-18 00:53:35 [DEBUG] [org.mybatis.spring.SqlSessionUtils] [debug] [49] -> SqlSession [org.apache.ibatis.session.defaults.DefaultSqlSession@26886420] was not registered for synchronization because synchronization is not active
2026-03-18 00:53:35 [DEBUG] [org.springframework.jdbc.datasource.DataSourceUtils] [doGetConnection] [117] -> Fetching JDBC Connection from DataSource
2026-03-18 00:53:35 [DEBUG] [org.mybatis.spring.transaction.SpringManagedTransaction] [debug] [49] -> JDBC Connection [HikariProxyConnection@1907344510 wrapping com.mysql.cj.jdbc.ConnectionImpl@62fa00e0] will not be managed by Spring
2026-03-18 00:53:35 [DEBUG] [com.javastudy.vocabease_common.mappers.AppAccountMapper.selectByUserId] [debug] [135] -> ==>  Preparing: select a.user_id,a.open_id,a.email,a.nick_name,a.avatar,a.password, a.gender,a.create_time,a.last_login_time,a.last_use_device_id,a.last_use_device_brand, a.last_login_ip,a.status from app_account a where user_id=?
2026-03-18 00:53:35 [DEBUG] [com.javastudy.vocabease_common.mappers.AppAccountMapper.selectByUserId] [debug] [135] -> ==> Parameters: DGRFD56pVa(String)
2026-03-18 00:53:35 [DEBUG] [com.javastudy.vocabease_common.mappers.AppAccountMapper.selectByUserId] [debug] [135] -> <==      Total: 1
2026-03-18 00:53:35 [DEBUG] [org.mybatis.spring.SqlSessionUtils] [debug] [49] -> Closing non transactional SqlSession [org.apache.ibatis.session.defaults.DefaultSqlSession@26886420]
2026-03-18 00:53:35 [DEBUG] [org.springframework.web.servlet.mvc.method.annotation.RequestResponseBodyMethodProcessor] [writeWithMessageConverters] [275] -> Using 'application/json', given [*/*] and supported [application/json, application/*+json]
2026-03-18 00:53:35 [DEBUG] [org.springframework.web.servlet.mvc.method.annotation.RequestResponseBodyMethodProcessor] [traceDebug] [120] -> Writing [com.javastudy.vocabease_common.entity.vo.ResponseVO@7eaa432]
2026-03-18 00:53:35 [DEBUG] [org.springframework.web.servlet.DispatcherServlet] [logResult] [1138] -> Completed 200 OK
2026-03-18 00:53:35 [DEBUG] [org.springframework.session.web.http.SessionRepositoryFilter.SESSION_LOGGER] [getSession] [301] -> No session found by id: Caching result for getSession(false) for this HttpServletRequest.
2026-03-18 00:53:37 [DEBUG] [org.springframework.web.servlet.DispatcherServlet] [traceDebug] [120] -> GET "/myInfo/loadMyCollect?collectType=0&PageNum=1", parameters={masked}
2026-03-18 00:53:37 [DEBUG] [org.springframework.session.web.http.SessionRepositoryFilter.SESSION_LOGGER] [getSession] [301] -> No session found by id: Caching result for getSession(false) for this HttpServletRequest.
2026-03-18 00:53:37 [DEBUG] [org.springframework.web.servlet.mvc.method.annotation.RequestMappingHandlerMapping] [getHandler] [531] -> Mapped to com.javastudy.vocabease_api.controller.MyInfoController#loadMyCollect(String, Integer)
2026-03-18 00:53:37 [INFO] [com.javastudy.vocabease_common.utils.JWTUtil] [getTokenData] [51] -> === [验证接口] 验证 Token 使用的密钥：[test123456]
2026-03-18 00:53:37 [INFO] [com.javastudy.vocabease_common.utils.JWTUtil] [getTokenData] [52] -> === [验证接口] 待验证 Token 前缀：[eyJ0eXAiOiJKV1QiLCJh...]
2026-03-18 00:53:37 [INFO] [com.javastudy.vocabease_common.utils.JWTUtil] [getTokenData] [51] -> === [验证接口] 验证 Token 使用的密钥：[test123456]
2026-03-18 00:53:37 [INFO] [com.javastudy.vocabease_common.utils.JWTUtil] [getTokenData] [52] -> === [验证接口] 待验证 Token 前缀：[eyJ0eXAiOiJKV1QiLCJh...]
2026-03-18 00:53:37 [DEBUG] [org.mybatis.spring.SqlSessionUtils] [debug] [49] -> Creating a new SqlSession
2026-03-18 00:53:37 [DEBUG] [org.mybatis.spring.SqlSessionUtils] [debug] [49] -> SqlSession [org.apache.ibatis.session.defaults.DefaultSqlSession@6ecfcef6] was not registered for synchronization because synchronization is not active
2026-03-18 00:53:37 [DEBUG] [org.springframework.jdbc.datasource.DataSourceUtils] [doGetConnection] [117] -> Fetching JDBC Connection from DataSource
2026-03-18 00:53:37 [DEBUG] [org.mybatis.spring.transaction.SpringManagedTransaction] [debug] [49] -> JDBC Connection [HikariProxyConnection@1731252484 wrapping com.mysql.cj.jdbc.ConnectionImpl@62fa00e0] will not be managed by Spring
2026-03-18 00:53:37 [DEBUG] [com.javastudy.vocabease_common.mappers.AppCollectMapper.selectCount] [debug] [135] -> ==>  Preparing: SELECT count(1) FROM app_collect a WHERE a.user_id = ? and a.collect_type = ?
2026-03-18 00:53:37 [DEBUG] [com.javastudy.vocabease_common.mappers.AppCollectMapper.selectCount] [debug] [135] -> ==> Parameters: DGRFD56pVa(String), 0(Integer)
2026-03-18 00:53:37 [DEBUG] [com.javastudy.vocabease_common.mappers.AppCollectMapper.selectCount] [debug] [135] -> <==      Total: 1
2026-03-18 00:53:37 [DEBUG] [org.mybatis.spring.SqlSessionUtils] [debug] [49] -> Closing non transactional SqlSession [org.apache.ibatis.session.defaults.DefaultSqlSession@6ecfcef6]
2026-03-18 00:53:37 [DEBUG] [org.mybatis.spring.SqlSessionUtils] [debug] [49] -> Creating a new SqlSession
2026-03-18 00:53:37 [DEBUG] [org.mybatis.spring.SqlSessionUtils] [debug] [49] -> SqlSession [org.apache.ibatis.session.defaults.DefaultSqlSession@250ff4b] was not registered for synchronization because synchronization is not active
2026-03-18 00:53:37 [DEBUG] [org.springframework.jdbc.datasource.DataSourceUtils] [doGetConnection] [117] -> Fetching JDBC Connection from DataSource
2026-03-18 00:53:37 [DEBUG] [org.mybatis.spring.transaction.SpringManagedTransaction] [debug] [49] -> JDBC Connection [HikariProxyConnection@309868937 wrapping com.mysql.cj.jdbc.ConnectionImpl@62fa00e0] will not be managed by Spring
2026-03-18 00:53:37 [DEBUG] [com.javastudy.vocabease_common.mappers.AppCollectMapper.selectList] [debug] [135] -> ==>  Preparing: SELECT a.collect_id,a.user_id,a.object_id,a.collect_type,a.collect_time FROM app_collect a WHERE a.user_id = ? and a.collect_type = ? order by collect_time desc limit ?,?
2026-03-18 00:53:37 [DEBUG] [com.javastudy.vocabease_common.mappers.AppCollectMapper.selectList] [debug] [135] -> ==> Parameters: DGRFD56pVa(String), 0(Integer), 0(Integer), 15(Integer)
2026-03-18 00:53:37 [DEBUG] [com.javastudy.vocabease_common.mappers.AppCollectMapper.selectList] [debug] [135] -> <==      Total: 0
2026-03-18 00:53:37 [DEBUG] [org.mybatis.spring.SqlSessionUtils] [debug] [49] -> Closing non transactional SqlSession [org.apache.ibatis.session.defaults.DefaultSqlSession@250ff4b]
2026-03-18 00:53:37 [DEBUG] [org.springframework.web.servlet.mvc.method.annotation.RequestResponseBodyMethodProcessor] [writeWithMessageConverters] [275] -> Using 'application/json', given [*/*] and supported [application/json, application/*+json]
2026-03-18 00:53:37 [DEBUG] [org.springframework.web.servlet.mvc.method.annotation.RequestResponseBodyMethodProcessor] [traceDebug] [120] -> Writing [com.javastudy.vocabease_common.entity.vo.ResponseVO@408a85cb]
2026-03-18 00:53:37 [DEBUG] [org.springframework.web.servlet.DispatcherServlet] [logResult] [1138] -> Completed 200 OK
2026-03-18 00:53:37 [DEBUG] [org.springframework.session.web.http.SessionRepositoryFilter.SESSION_LOGGER] [getSession] [301] -> No session found by id: Caching result for getSession(false) for this HttpServletRequest.
2026-03-18 00:53:38 [DEBUG] [org.springframework.web.servlet.DispatcherServlet] [traceDebug] [120] -> GET "/myInfo/loadMyInfo", parameters={}
2026-03-18 00:53:38 [DEBUG] [org.springframework.session.web.http.SessionRepositoryFilter.SESSION_LOGGER] [getSession] [301] -> No session found by id: Caching result for getSession(false) for this HttpServletRequest.
2026-03-18 00:53:38 [DEBUG] [org.springframework.web.servlet.mvc.method.annotation.RequestMappingHandlerMapping] [getHandler] [531] -> Mapped to com.javastudy.vocabease_api.controller.MyInfoController#loadMyInfo(String)
2026-03-18 00:53:38 [INFO] [com.javastudy.vocabease_common.utils.JWTUtil] [getTokenData] [51] -> === [验证接口] 验证 Token 使用的密钥：[test123456]
2026-03-18 00:53:38 [INFO] [com.javastudy.vocabease_common.utils.JWTUtil] [getTokenData] [52] -> === [验证接口] 待验证 Token 前缀：[eyJ0eXAiOiJKV1QiLCJh...]
2026-03-18 00:53:38 [DEBUG] [org.mybatis.spring.SqlSessionUtils] [debug] [49] -> Creating a new SqlSession
2026-03-18 00:53:38 [DEBUG] [org.mybatis.spring.SqlSessionUtils] [debug] [49] -> SqlSession [org.apache.ibatis.session.defaults.DefaultSqlSession@61a8e368] was not registered for synchronization because synchronization is not active
2026-03-18 00:53:38 [DEBUG] [org.springframework.jdbc.datasource.DataSourceUtils] [doGetConnection] [117] -> Fetching JDBC Connection from DataSource
2026-03-18 00:53:38 [DEBUG] [org.mybatis.spring.transaction.SpringManagedTransaction] [debug] [49] -> JDBC Connection [HikariProxyConnection@223060113 wrapping com.mysql.cj.jdbc.ConnectionImpl@62fa00e0] will not be managed by Spring
2026-03-18 00:53:38 [DEBUG] [com.javastudy.vocabease_common.mappers.AppAccountMapper.selectByUserId] [debug] [135] -> ==>  Preparing: select a.user_id,a.open_id,a.email,a.nick_name,a.avatar,a.password, a.gender,a.create_time,a.last_login_time,a.last_use_device_id,a.last_use_device_brand, a.last_login_ip,a.status from app_account a where user_id=?
2026-03-18 00:53:38 [DEBUG] [com.javastudy.vocabease_common.mappers.AppAccountMapper.selectByUserId] [debug] [135] -> ==> Parameters: DGRFD56pVa(String)
2026-03-18 00:53:38 [DEBUG] [com.javastudy.vocabease_common.mappers.AppAccountMapper.selectByUserId] [debug] [135] -> <==      Total: 1
2026-03-18 00:53:38 [DEBUG] [org.mybatis.spring.SqlSessionUtils] [debug] [49] -> Closing non transactional SqlSession [org.apache.ibatis.session.defaults.DefaultSqlSession@61a8e368]
2026-03-18 00:53:38 [DEBUG] [org.springframework.web.servlet.mvc.method.annotation.RequestResponseBodyMethodProcessor] [writeWithMessageConverters] [275] -> Using 'application/json', given [*/*] and supported [application/json, application/*+json]
2026-03-18 00:53:38 [DEBUG] [org.springframework.web.servlet.mvc.method.annotation.RequestResponseBodyMethodProcessor] [traceDebug] [120] -> Writing [com.javastudy.vocabease_common.entity.vo.ResponseVO@2becdfc1]
2026-03-18 00:53:38 [DEBUG] [org.springframework.web.servlet.DispatcherServlet] [logResult] [1138] -> Completed 200 OK
2026-03-18 00:53:38 [DEBUG] [org.springframework.session.web.http.SessionRepositoryFilter.SESSION_LOGGER] [getSession] [301] -> No session found by id: Caching result for getSession(false) for this HttpServletRequest.
2026-03-18 00:53:52 [DEBUG] [com.zaxxer.hikari.pool.HikariPool] [logPoolState] [405] -> HikariPool-1 - Pool stats (total=10, active=0, idle=10, waiting=0)
2026-03-18 00:53:52 [DEBUG] [com.zaxxer.hikari.pool.HikariPool] [fillPool] [510] -> HikariPool-1 - Fill pool skipped, pool has sufficient level or currently being filled.
2026-03-18 00:54:15 [DEBUG] [org.springframework.web.servlet.DispatcherServlet] [traceDebug] [120] -> GET "/myInfo/loadMyCollect?collectType=3&PageNum=1", parameters={masked}
2026-03-18 00:54:15 [DEBUG] [org.springframework.session.web.http.SessionRepositoryFilter.SESSION_LOGGER] [getSession] [301] -> No session found by id: Caching result for getSession(false) for this HttpServletRequest.
2026-03-18 00:54:15 [DEBUG] [org.springframework.web.servlet.mvc.method.annotation.RequestMappingHandlerMapping] [getHandler] [531] -> Mapped to com.javastudy.vocabease_api.controller.MyInfoController#loadMyCollect(String, Integer)
2026-03-18 00:54:15 [INFO] [com.javastudy.vocabease_common.utils.JWTUtil] [getTokenData] [51] -> === [验证接口] 验证 Token 使用的密钥：[test123456]
2026-03-18 00:54:15 [INFO] [com.javastudy.vocabease_common.utils.JWTUtil] [getTokenData] [52] -> === [验证接口] 待验证 Token 前缀：[eyJ0eXAiOiJKV1QiLCJh...]
2026-03-18 00:54:15 [INFO] [com.javastudy.vocabease_common.utils.JWTUtil] [getTokenData] [51] -> === [验证接口] 验证 Token 使用的密钥：[test123456]
2026-03-18 00:54:15 [INFO] [com.javastudy.vocabease_common.utils.JWTUtil] [getTokenData] [52] -> === [验证接口] 待验证 Token 前缀：[eyJ0eXAiOiJKV1QiLCJh...]
2026-03-18 00:54:15 [DEBUG] [org.mybatis.spring.SqlSessionUtils] [debug] [49] -> Creating a new SqlSession
2026-03-18 00:54:15 [DEBUG] [org.mybatis.spring.SqlSessionUtils] [debug] [49] -> SqlSession [org.apache.ibatis.session.defaults.DefaultSqlSession@33b38e39] was not registered for synchronization because synchronization is not active
2026-03-18 00:54:15 [DEBUG] [org.springframework.jdbc.datasource.DataSourceUtils] [doGetConnection] [117] -> Fetching JDBC Connection from DataSource
2026-03-18 00:54:15 [DEBUG] [org.mybatis.spring.transaction.SpringManagedTransaction] [debug] [49] -> JDBC Connection [HikariProxyConnection@253944188 wrapping com.mysql.cj.jdbc.ConnectionImpl@62fa00e0] will not be managed by Spring
2026-03-18 00:54:15 [DEBUG] [com.javastudy.vocabease_common.mappers.AppCollectMapper.selectCount] [debug] [135] -> ==>  Preparing: SELECT count(1) FROM app_collect a WHERE a.user_id = ? and a.collect_type = ?
2026-03-18 00:54:15 [DEBUG] [com.javastudy.vocabease_common.mappers.AppCollectMapper.selectCount] [debug] [135] -> ==> Parameters: DGRFD56pVa(String), 3(Integer)
2026-03-18 00:54:15 [DEBUG] [com.javastudy.vocabease_common.mappers.AppCollectMapper.selectCount] [debug] [135] -> <==      Total: 1
2026-03-18 00:54:15 [DEBUG] [org.mybatis.spring.SqlSessionUtils] [debug] [49] -> Closing non transactional SqlSession [org.apache.ibatis.session.defaults.DefaultSqlSession@33b38e39]
2026-03-18 00:54:15 [DEBUG] [org.mybatis.spring.SqlSessionUtils] [debug] [49] -> Creating a new SqlSession
2026-03-18 00:54:15 [DEBUG] [org.mybatis.spring.SqlSessionUtils] [debug] [49] -> SqlSession [org.apache.ibatis.session.defaults.DefaultSqlSession@187be363] was not registered for synchronization because synchronization is not active
2026-03-18 00:54:15 [DEBUG] [org.springframework.jdbc.datasource.DataSourceUtils] [doGetConnection] [117] -> Fetching JDBC Connection from DataSource
2026-03-18 00:54:15 [DEBUG] [org.mybatis.spring.transaction.SpringManagedTransaction] [debug] [49] -> JDBC Connection [HikariProxyConnection@4900881 wrapping com.mysql.cj.jdbc.ConnectionImpl@62fa00e0] will not be managed by Spring
2026-03-18 00:54:15 [DEBUG] [com.javastudy.vocabease_common.mappers.AppCollectMapper.selectList] [debug] [135] -> ==>  Preparing: SELECT a.collect_id,a.user_id,a.object_id,a.collect_type,a.collect_time FROM app_collect a WHERE a.user_id = ? and a.collect_type = ? order by collect_time desc limit ?,?
2026-03-18 00:54:15 [DEBUG] [com.javastudy.vocabease_common.mappers.AppCollectMapper.selectList] [debug] [135] -> ==> Parameters: DGRFD56pVa(String), 3(Integer), 0(Integer), 15(Integer)
2026-03-18 00:54:15 [DEBUG] [com.javastudy.vocabease_common.mappers.AppCollectMapper.selectList] [debug] [135] -> <==      Total: 2
2026-03-18 00:54:15 [DEBUG] [org.mybatis.spring.SqlSessionUtils] [debug] [49] -> Closing non transactional SqlSession [org.apache.ibatis.session.defaults.DefaultSqlSession@187be363]
2026-03-18 00:54:15 [DEBUG] [org.mybatis.spring.SqlSessionUtils] [debug] [49] -> Creating a new SqlSession
2026-03-18 00:54:15 [DEBUG] [org.mybatis.spring.SqlSessionUtils] [debug] [49] -> SqlSession [org.apache.ibatis.session.defaults.DefaultSqlSession@1572b388] was not registered for synchronization because synchronization is not active
2026-03-18 00:54:15 [DEBUG] [org.springframework.jdbc.datasource.DataSourceUtils] [doGetConnection] [117] -> Fetching JDBC Connection from DataSource
2026-03-18 00:54:15 [DEBUG] [org.mybatis.spring.transaction.SpringManagedTransaction] [debug] [49] -> JDBC Connection [HikariProxyConnection@1389705918 wrapping com.mysql.cj.jdbc.ConnectionImpl@62fa00e0] will not be managed by Spring
2026-03-18 00:54:15 [DEBUG] [com.javastudy.vocabease_common.mappers.QuestionMapper.selectList] [debug] [135] -> ==>  Preparing: SELECT q.question_id,q.title,q.question,q.level, q.create_time,q.status,q.creater_id,q.read_count,q.collect_count, q.post_type,q.question_type,c.category_name as category_name FROM question q LEFT JOIN question2category q2c ON q.question_id = q2c.question_id LEFT JOIN category c ON q2c.category_id = c.category_id WHERE question_id in ( ?,?) order by field(q.question_id,2,1)
2026-03-18 00:54:15 [DEBUG] [com.javastudy.vocabease_common.mappers.QuestionMapper.selectList] [debug] [135] -> ==> Parameters: 2(String), 1(String)
2026-03-18 00:54:15 [DEBUG] [org.mybatis.spring.SqlSessionUtils] [debug] [49] -> Closing non transactional SqlSession [org.apache.ibatis.session.defaults.DefaultSqlSession@1572b388]
2026-03-18 00:54:15 [DEBUG] [org.springframework.jdbc.support.SQLErrorCodeSQLExceptionTranslator] [doTranslate] [296] -> Unable to translate SQLException with Error code '1052', will now try the fallback translator
2026-03-18 00:54:15 [DEBUG] [org.springframework.web.servlet.mvc.method.annotation.ExceptionHandlerExceptionResolver] [doResolveHandlerMethodException] [420] -> Using @ExceptionHandler com.javastudy.vocabease_api.controller.AGlobalExceptionHandlerController#handleException(Exception, HttpServletRequest)
2026-03-18 00:54:15 [ERROR] [com.javastudy.vocabease_api.controller.AGlobalExceptionHandlerController] [handleException] [23] -> 请求错误，请求地址http://localhost:9090/myInfo/loadMyCollect,错误信息:
org.springframework.dao.DataIntegrityViolationException: 
### Error querying database.  Cause: java.sql.SQLIntegrityConstraintViolationException: Column 'question_id' in where clause is ambiguous
### The error may exist in file [D:\IdeaProject\VocabEase\VocabEase_common\target\classes\com\javastudy\vocabease_common\mappers\QuestionMapper.xml]
### The error may involve defaultParameterMap
### The error occurred while setting parameters
### SQL: SELECT              q.question_id,q.title,q.question,q.level,    q.create_time,q.status,q.creater_id,q.read_count,q.collect_count,    q.post_type,q.question_type,c.category_name as category_name                      FROM question q         LEFT JOIN question2category q2c ON q.question_id = q2c.question_id         LEFT JOIN category c ON q2c.category_id = c.category_id                    WHERE  question_id in (                 ?,?)                              order by field(q.question_id,2,1)
### Cause: java.sql.SQLIntegrityConstraintViolationException: Column 'question_id' in where clause is ambiguous
; Column 'question_id' in where clause is ambiguous
	at org.springframework.jdbc.support.SQLExceptionSubclassTranslator.doTranslate(SQLExceptionSubclassTranslator.java:97)
	at org.springframework.jdbc.support.AbstractFallbackSQLExceptionTranslator.translate(AbstractFallbackSQLExceptionTranslator.java:107)
	at org.springframework.jdbc.support.AbstractFallbackSQLExceptionTranslator.translate(AbstractFallbackSQLExceptionTranslator.java:116)
	at org.mybatis.spring.MyBatisExceptionTranslator.translateExceptionIfPossible(MyBatisExceptionTranslator.java:95)
	at org.mybatis.spring.SqlSessionTemplate$SqlSessionInterceptor.invoke(SqlSessionTemplate.java:347)
	at jdk.proxy2/jdk.proxy2.$Proxy76.selectList(Unknown Source)
	at org.mybatis.spring.SqlSessionTemplate.selectList(SqlSessionTemplate.java:194)
	at org.apache.ibatis.binding.MapperMethod.executeForMany(MapperMethod.java:147)
	at org.apache.ibatis.binding.MapperMethod.execute(MapperMethod.java:80)
	at org.apache.ibatis.binding.MapperProxy$PlainMethodInvoker.invoke(MapperProxy.java:141)
	at org.apache.ibatis.binding.MapperProxy.invoke(MapperProxy.java:86)
	at jdk.proxy2/jdk.proxy2.$Proxy81.selectList(Unknown Source)
	at com.javastudy.vocabease_common.service.impl.QuestionServiceImpl.findListByParam(QuestionServiceImpl.java:54)
	at java.base/jdk.internal.reflect.DirectMethodHandleAccessor.invoke(DirectMethodHandleAccessor.java:103)
	at java.base/java.lang.reflect.Method.invoke(Method.java:580)
	at org.springframework.aop.support.AopUtils.invokeJoinpointUsingReflection(AopUtils.java:354)
	at org.springframework.aop.framework.CglibAopProxy$DynamicAdvisedInterceptor.intercept(CglibAopProxy.java:716)
	at com.javastudy.vocabease_common.service.impl.QuestionServiceImpl$$SpringCGLIB$$0.findListByParam(<generated>)
	at com.javastudy.vocabease_api.controller.MyInfoController.loadMyCollect(MyInfoController.java:131)
	at java.base/jdk.internal.reflect.DirectMethodHandleAccessor.invoke(DirectMethodHandleAccessor.java:103)
	at java.base/java.lang.reflect.Method.invoke(Method.java:580)
	at org.springframework.aop.support.AopUtils.invokeJoinpointUsingReflection(AopUtils.java:354)
	at org.springframework.aop.framework.ReflectiveMethodInvocation.invokeJoinpoint(ReflectiveMethodInvocation.java:196)
	at org.springframework.aop.framework.ReflectiveMethodInvocation.proceed(ReflectiveMethodInvocation.java:163)
	at org.springframework.aop.framework.CglibAopProxy$CglibMethodInvocation.proceed(CglibAopProxy.java:768)
	at org.springframework.aop.framework.adapter.MethodBeforeAdviceInterceptor.invoke(MethodBeforeAdviceInterceptor.java:58)
	at org.springframework.aop.framework.ReflectiveMethodInvocation.proceed(ReflectiveMethodInvocation.java:173)
	at org.springframework.aop.framework.CglibAopProxy$CglibMethodInvocation.proceed(CglibAopProxy.java:768)
	at org.springframework.aop.interceptor.ExposeInvocationInterceptor.invoke(ExposeInvocationInterceptor.java:97)
	at org.springframework.aop.framework.ReflectiveMethodInvocation.proceed(ReflectiveMethodInvocation.java:184)
	at org.springframework.aop.framework.CglibAopProxy$CglibMethodInvocation.proceed(CglibAopProxy.java:768)
	at org.springframework.aop.framework.CglibAopProxy$DynamicAdvisedInterceptor.intercept(CglibAopProxy.java:720)
	at com.javastudy.vocabease_api.controller.MyInfoController$$SpringCGLIB$$0.loadMyCollect(<generated>)
	at java.base/jdk.internal.reflect.DirectMethodHandleAccessor.invoke(DirectMethodHandleAccessor.java:103)
	at java.base/java.lang.reflect.Method.invoke(Method.java:580)
	at org.springframework.web.method.support.InvocableHandlerMethod.doInvoke(InvocableHandlerMethod.java:255)
	at org.springframework.web.method.support.InvocableHandlerMethod.invokeForRequest(InvocableHandlerMethod.java:188)
	at org.springframework.web.servlet.mvc.method.annotation.ServletInvocableHandlerMethod.invokeAndHandle(ServletInvocableHandlerMethod.java:118)
	at org.springframework.web.servlet.mvc.method.annotation.RequestMappingHandlerAdapter.invokeHandlerMethod(RequestMappingHandlerAdapter.java:926)
	at org.springframework.web.servlet.mvc.method.annotation.RequestMappingHandlerAdapter.handleInternal(RequestMappingHandlerAdapter.java:831)
	at org.springframework.web.servlet.mvc.method.AbstractHandlerMethodAdapter.handle(AbstractHandlerMethodAdapter.java:87)
	at org.springframework.web.servlet.DispatcherServlet.doDispatch(DispatcherServlet.java:1089)
	at org.springframework.web.servlet.DispatcherServlet.doService(DispatcherServlet.java:979)
	at org.springframework.web.servlet.FrameworkServlet.processRequest(FrameworkServlet.java:1014)
	at org.springframework.web.servlet.FrameworkServlet.doGet(FrameworkServlet.java:903)
	at jakarta.servlet.http.HttpServlet.service(HttpServlet.java:564)
	at org.springframework.web.servlet.FrameworkServlet.service(FrameworkServlet.java:885)
	at jakarta.servlet.http.HttpServlet.service(HttpServlet.java:658)
	at org.apache.catalina.core.ApplicationFilterChain.internalDoFilter(ApplicationFilterChain.java:195)
	at org.apache.catalina.core.ApplicationFilterChain.doFilter(ApplicationFilterChain.java:140)
	at org.apache.tomcat.websocket.server.WsFilter.doFilter(WsFilter.java:51)
	at org.apache.catalina.core.ApplicationFilterChain.internalDoFilter(ApplicationFilterChain.java:164)
	at org.apache.catalina.core.ApplicationFilterChain.doFilter(ApplicationFilterChain.java:140)
	at org.springframework.web.filter.RequestContextFilter.doFilterInternal(RequestContextFilter.java:100)
	at org.springframework.web.filter.OncePerRequestFilter.doFilter(OncePerRequestFilter.java:116)
	at org.apache.catalina.core.ApplicationFilterChain.internalDoFilter(ApplicationFilterChain.java:164)
	at org.apache.catalina.core.ApplicationFilterChain.doFilter(ApplicationFilterChain.java:140)
	at org.springframework.web.filter.FormContentFilter.doFilterInternal(FormContentFilter.java:93)
	at org.springframework.web.filter.OncePerRequestFilter.doFilter(OncePerRequestFilter.java:116)
	at org.apache.catalina.core.ApplicationFilterChain.internalDoFilter(ApplicationFilterChain.java:164)
	at org.apache.catalina.core.ApplicationFilterChain.doFilter(ApplicationFilterChain.java:140)
	at org.springframework.session.web.http.SessionRepositoryFilter.doFilterInternal(SessionRepositoryFilter.java:142)
	at org.springframework.session.web.http.OncePerRequestFilter.doFilter(OncePerRequestFilter.java:82)
	at org.springframework.web.filter.DelegatingFilterProxy.invokeDelegate(DelegatingFilterProxy.java:352)
	at org.springframework.web.filter.DelegatingFilterProxy.doFilter(DelegatingFilterProxy.java:268)
	at org.apache.catalina.core.ApplicationFilterChain.internalDoFilter(ApplicationFilterChain.java:164)
	at org.apache.catalina.core.ApplicationFilterChain.doFilter(ApplicationFilterChain.java:140)
	at org.springframework.web.filter.CharacterEncodingFilter.doFilterInternal(CharacterEncodingFilter.java:201)
	at org.springframework.web.filter.OncePerRequestFilter.doFilter(OncePerRequestFilter.java:116)
	at org.apache.catalina.core.ApplicationFilterChain.internalDoFilter(ApplicationFilterChain.java:164)
	at org.apache.catalina.core.ApplicationFilterChain.doFilter(ApplicationFilterChain.java:140)
	at org.apache.catalina.core.StandardWrapperValve.invoke(StandardWrapperValve.java:167)
	at org.apache.catalina.core.StandardContextValve.invoke(StandardContextValve.java:90)
	at org.apache.catalina.authenticator.AuthenticatorBase.invoke(AuthenticatorBase.java:482)
	at org.apache.catalina.core.StandardHostValve.invoke(StandardHostValve.java:115)
	at org.apache.catalina.valves.ErrorReportValve.invoke(ErrorReportValve.java:93)
	at org.apache.catalina.core.StandardEngineValve.invoke(StandardEngineValve.java:74)
	at org.apache.catalina.connector.CoyoteAdapter.service(CoyoteAdapter.java:344)
	at org.apache.coyote.http11.Http11Processor.service(Http11Processor.java:389)
	at org.apache.coyote.AbstractProcessorLight.process(AbstractProcessorLight.java:63)
	at org.apache.coyote.AbstractProtocol$ConnectionHandler.process(AbstractProtocol.java:896)
	at org.apache.tomcat.util.net.NioEndpoint$SocketProcessor.doRun(NioEndpoint.java:1741)
	at org.apache.tomcat.util.net.SocketProcessorBase.run(SocketProcessorBase.java:52)
	at org.apache.tomcat.util.threads.ThreadPoolExecutor.runWorker(ThreadPoolExecutor.java:1190)
	at org.apache.tomcat.util.threads.ThreadPoolExecutor$Worker.run(ThreadPoolExecutor.java:659)
	at org.apache.tomcat.util.threads.TaskThread$WrappingRunnable.run(TaskThread.java:63)
	at java.base/java.lang.Thread.run(Thread.java:1583)
Caused by: java.sql.SQLIntegrityConstraintViolationException: Column 'question_id' in where clause is ambiguous
	at com.mysql.cj.jdbc.exceptions.SQLError.createSQLException(SQLError.java:118)
	at com.mysql.cj.jdbc.exceptions.SQLExceptionsMapping.translateException(SQLExceptionsMapping.java:122)
	at com.mysql.cj.jdbc.ClientPreparedStatement.executeInternal(ClientPreparedStatement.java:912)
	at com.mysql.cj.jdbc.ClientPreparedStatement.execute(ClientPreparedStatement.java:354)
	at com.zaxxer.hikari.pool.ProxyPreparedStatement.execute(ProxyPreparedStatement.java:44)
	at com.zaxxer.hikari.pool.HikariProxyPreparedStatement.execute(HikariProxyPreparedStatement.java)
	at java.base/jdk.internal.reflect.DirectMethodHandleAccessor.invoke(DirectMethodHandleAccessor.java:103)
	at java.base/java.lang.reflect.Method.invoke(Method.java:580)
	at org.apache.ibatis.logging.jdbc.PreparedStatementLogger.invoke(PreparedStatementLogger.java:58)
	at jdk.proxy3/jdk.proxy3.$Proxy111.execute(Unknown Source)
	at org.apache.ibatis.executor.statement.PreparedStatementHandler.query(PreparedStatementHandler.java:65)
	at org.apache.ibatis.executor.statement.RoutingStatementHandler.query(RoutingStatementHandler.java:80)
	at org.apache.ibatis.executor.SimpleExecutor.doQuery(SimpleExecutor.java:65)
	at org.apache.ibatis.executor.BaseExecutor.queryFromDatabase(BaseExecutor.java:336)
	at org.apache.ibatis.executor.BaseExecutor.query(BaseExecutor.java:158)
	at org.apache.ibatis.executor.CachingExecutor.query(CachingExecutor.java:110)
	at org.apache.ibatis.executor.CachingExecutor.query(CachingExecutor.java:90)
	at org.apache.ibatis.session.defaults.DefaultSqlSession.selectList(DefaultSqlSession.java:154)
	at org.apache.ibatis.session.defaults.DefaultSqlSession.selectList(DefaultSqlSession.java:147)
	at org.apache.ibatis.session.defaults.DefaultSqlSession.selectList(DefaultSqlSession.java:142)
	at java.base/jdk.internal.reflect.DirectMethodHandleAccessor.invoke(DirectMethodHandleAccessor.java:103)
	at java.base/java.lang.reflect.Method.invoke(Method.java:580)
	at org.mybatis.spring.SqlSessionTemplate$SqlSessionInterceptor.invoke(SqlSessionTemplate.java:333)
	... 82 common frames omitted
2026-03-18 00:54:15 [DEBUG] [org.springframework.web.servlet.mvc.method.annotation.RequestResponseBodyMethodProcessor] [writeWithMessageConverters] [275] -> Using 'application/json', given [*/*] and supported [application/json, application/*+json]
2026-03-18 00:54:15 [DEBUG] [org.springframework.web.servlet.mvc.method.annotation.RequestResponseBodyMethodProcessor] [traceDebug] [120] -> Writing [com.javastudy.vocabease_common.entity.vo.ResponseVO@6caa2664]
2026-03-18 00:54:15 [DEBUG] [org.springframework.web.servlet.mvc.method.annotation.ExceptionHandlerExceptionResolver] [resolveException] [179] -> Resolved [org.springframework.dao.DataIntegrityViolationException: <EOL><EOL>### Error querying database.  Cause: java.sql.SQLIntegrityConstraintViolationException: Column 'question_id' in where clause is ambiguous<EOL><EOL>### The error may exist in file [D:\IdeaProject\VocabEase\VocabEase_common\target\classes\com\javastudy\vocabease_common\mappers\QuestionMapper.xml]<EOL><EOL>### The error may involve defaultParameterMap<EOL><EOL>### The error occurred while setting parameters<EOL><EOL>### SQL: SELECT              q.question_id,q.title,q.question,q.level,    q.create_time,q.status,q.creater_id,q.read_count,q.collect_count,    q.post_type,q.question_type,c.category_name as category_name                      FROM question q         LEFT JOIN question2category q2c ON q.question_id = q2c.question_id         LEFT JOIN category c ON q2c.category_id = c.category_id                    WHERE  question_id in (                 ?,?)                              order by field(q.question_id,2,1)<EOL><EOL>### Cause: java.sql.SQLIntegrityConstraintViolationException: Column 'question_id' in where clause is ambiguous<EOL>; Column 'question_id' in where clause is ambiguous]
2026-03-18 00:54:15 [DEBUG] [org.springframework.web.servlet.DispatcherServlet] [logResult] [1138] -> Completed 200 OK
2026-03-18 00:54:15 [DEBUG] [org.springframework.session.web.http.SessionRepositoryFilter.SESSION_LOGGER] [getSession] [301] -> No session found by id: Caching result for getSession(false) for this HttpServletRequest.
2026-03-18 00:54:22 [DEBUG] [com.zaxxer.hikari.pool.HikariPool] [logPoolState] [405] -> HikariPool-1 - Pool stats (total=10, active=0, idle=10, waiting=0)
2026-03-18 00:54:22 [DEBUG] [com.zaxxer.hikari.pool.HikariPool] [fillPool] [510] -> HikariPool-1 - Fill pool skipped, pool has sufficient level or currently being filled.
2026-03-18 00:54:52 [DEBUG] [com.zaxxer.hikari.pool.HikariPool] [logPoolState] [405] -> HikariPool-1 - Pool stats (total=10, active=0, idle=10, waiting=0)
2026-03-18 00:54:52 [DEBUG] [com.zaxxer.hikari.pool.HikariPool] [fillPool] [510] -> HikariPool-1 - Fill pool skipped, pool has sufficient level or currently being filled.
2026-03-18 00:55:22 [DEBUG] [com.zaxxer.hikari.pool.HikariPool] [logPoolState] [405] -> HikariPool-1 - Pool stats (total=10, active=0, idle=10, waiting=0)
2026-03-18 00:55:22 [DEBUG] [com.zaxxer.hikari.pool.HikariPool] [fillPool] [510] -> HikariPool-1 - Fill pool skipped, pool has sufficient level or currently being filled.
2026-03-18 00:55:52 [DEBUG] [com.zaxxer.hikari.pool.HikariPool] [logPoolState] [405] -> HikariPool-1 - Pool stats (total=10, active=0, idle=10, waiting=0)
2026-03-18 00:55:52 [DEBUG] [com.zaxxer.hikari.pool.HikariPool] [fillPool] [510] -> HikariPool-1 - Fill pool skipped, pool has sufficient level or currently being filled.
2026-03-18 00:56:02 [DEBUG] [org.springframework.boot.availability.ApplicationAvailabilityBean] [onApplicationEvent] [77] -> Application availability state ReadinessState changed from ACCEPTING_TRAFFIC to REFUSING_TRAFFIC
2026-03-18 00:56:02 [DEBUG] [org.springframework.boot.web.servlet.context.AnnotationConfigServletWebServerApplicationContext] [doClose] [1125] -> Closing org.springframework.boot.web.servlet.context.AnnotationConfigServletWebServerApplicationContext@66ea1466, started on Tue Mar 17 23:52:42 CST 2026
2026-03-18 00:56:02 [DEBUG] [org.springframework.context.support.DefaultLifecycleProcessor] [stop] [480] -> Stopping beans in phase 2147483647
2026-03-18 00:56:02 [DEBUG] [org.springframework.context.support.DefaultLifecycleProcessor] [lambda$doStop$4] [352] -> Bean 'applicationTaskExecutor' completed its stop procedure
2026-03-18 00:56:02 [DEBUG] [org.springframework.context.support.DefaultLifecycleProcessor] [stop] [480] -> Stopping beans in phase 2147482623
2026-03-18 00:56:02 [DEBUG] [org.springframework.context.support.DefaultLifecycleProcessor] [lambda$doStop$4] [352] -> Bean 'webServerGracefulShutdown' completed its stop procedure
2026-03-18 00:56:02 [DEBUG] [org.springframework.context.support.DefaultLifecycleProcessor] [stop] [480] -> Stopping beans in phase 2147481599
2026-03-18 00:56:02 [DEBUG] [org.springframework.context.support.DefaultLifecycleProcessor] [lambda$doStop$4] [352] -> Bean 'webServerStartStop' completed its stop procedure
2026-03-18 00:56:02 [DEBUG] [org.springframework.context.support.DefaultLifecycleProcessor] [stop] [480] -> Stopping beans in phase 0
2026-03-18 00:56:02 [DEBUG] [io.lettuce.core.AbstractRedisClient] [shutdownAsync] [564] -> Initiate shutdown (100, 100, MILLISECONDS)
2026-03-18 00:56:02 [DEBUG] [org.springframework.context.support.DefaultLifecycleProcessor] [lambda$doStop$4] [352] -> Bean 'redisConnectionFactory' completed its stop procedure
2026-03-18 00:56:02 [DEBUG] [org.springframework.context.support.DefaultLifecycleProcessor] [stop] [480] -> Stopping beans in phase -2147483647
2026-03-18 00:56:02 [DEBUG] [org.springframework.context.support.DefaultLifecycleProcessor] [lambda$doStop$4] [352] -> Bean 'springBootLoggingLifecycle' completed its stop procedure
2026-03-18 00:56:02 [DEBUG] [org.springframework.data.redis.listener.RedisMessageListenerContainer] [logDebug] [1007] -> Stopped RedisMessageListenerContainer
2026-03-18 00:56:02 [DEBUG] [org.springframework.jmx.export.annotation.AnnotationMBeanExporter] [destroy] [468] -> Unregistering JMX-exposed beans on shutdown
2026-03-18 00:56:02 [DEBUG] [org.springframework.jmx.export.annotation.AnnotationMBeanExporter] [unregisterBeans] [186] -> Unregistering JMX-exposed beans
2026-03-18 00:56:02 [DEBUG] [org.springframework.scheduling.concurrent.ThreadPoolTaskExecutor] [shutdown] [328] -> Shutting down ExecutorService 'applicationTaskExecutor'
2026-03-18 00:56:02 [INFO] [com.zaxxer.hikari.HikariDataSource] [close] [349] -> HikariPool-1 - Shutdown initiated...
2026-03-18 00:56:02 [DEBUG] [com.zaxxer.hikari.pool.HikariPool] [logPoolState] [405] -> HikariPool-1 - Before shutdown stats (total=10, active=0, idle=10, waiting=0)
2026-03-18 00:56:02 [DEBUG] [com.zaxxer.hikari.pool.PoolBase] [quietlyCloseConnection] [133] -> HikariPool-1 - Closing connection com.mysql.cj.jdbc.ConnectionImpl@62fa00e0: (connection evicted)
2026-03-18 00:56:02 [DEBUG] [com.zaxxer.hikari.pool.PoolBase] [quietlyCloseConnection] [133] -> HikariPool-1 - Closing connection com.mysql.cj.jdbc.ConnectionImpl@107caa46: (connection evicted)
2026-03-18 00:56:02 [DEBUG] [com.zaxxer.hikari.pool.PoolBase] [quietlyCloseConnection] [133] -> HikariPool-1 - Closing connection com.mysql.cj.jdbc.ConnectionImpl@5141a07d: (connection evicted)
2026-03-18 00:56:02 [DEBUG] [com.zaxxer.hikari.pool.PoolBase] [quietlyCloseConnection] [133] -> HikariPool-1 - Closing connection com.mysql.cj.jdbc.ConnectionImpl@38e017df: (connection evicted)
2026-03-18 00:56:02 [DEBUG] [com.zaxxer.hikari.pool.PoolBase] [quietlyCloseConnection] [133] -> HikariPool-1 - Closing connection com.mysql.cj.jdbc.ConnectionImpl@3efd7d1d: (connection evicted)
2026-03-18 00:56:02 [DEBUG] [com.zaxxer.hikari.pool.PoolBase] [quietlyCloseConnection] [133] -> HikariPool-1 - Closing connection com.mysql.cj.jdbc.ConnectionImpl@7fc07726: (connection evicted)
2026-03-18 00:56:02 [DEBUG] [com.zaxxer.hikari.pool.PoolBase] [quietlyCloseConnection] [133] -> HikariPool-1 - Closing connection com.mysql.cj.jdbc.ConnectionImpl@2b96cb40: (connection evicted)
2026-03-18 00:56:02 [DEBUG] [com.zaxxer.hikari.pool.PoolBase] [quietlyCloseConnection] [133] -> HikariPool-1 - Closing connection com.mysql.cj.jdbc.ConnectionImpl@6aabc17b: (connection evicted)
2026-03-18 00:56:02 [DEBUG] [com.zaxxer.hikari.pool.PoolBase] [quietlyCloseConnection] [133] -> HikariPool-1 - Closing connection com.mysql.cj.jdbc.ConnectionImpl@456f1717: (connection evicted)
2026-03-18 00:56:02 [DEBUG] [com.zaxxer.hikari.pool.PoolBase] [quietlyCloseConnection] [133] -> HikariPool-1 - Closing connection com.mysql.cj.jdbc.ConnectionImpl@4521d2c: (connection evicted)
2026-03-18 00:56:02 [DEBUG] [com.zaxxer.hikari.pool.HikariPool] [logPoolState] [405] -> HikariPool-1 - After shutdown stats (total=0, active=0, idle=0, waiting=0)
2026-03-18 00:56:02 [INFO] [com.zaxxer.hikari.HikariDataSource] [close] [351] -> HikariPool-1 - Shutdown completed.
2026-03-18 00:56:02 [DEBUG] [io.lettuce.core.resource.DefaultClientResources] [shutdown] [735] -> Initiate shutdown (0, 2, SECONDS)
2026-03-18 00:56:02 [DEBUG] [io.lettuce.core.resource.DefaultEventLoopGroupProvider] [shutdown] [317] -> Initiate shutdown (0, 2, SECONDS)
2026-03-18 00:56:02 [DEBUG] [org.springframework.beans.factory.support.DisposableBeanAdapter] [logDestroyMethodCompletion] [361] -> Custom destroy method 'shutdown' on bean with name 'lettuceClientResources' completed asynchronously
2026-03-18 00:56:07 [INFO] [com.javastudy.vocabease_api.VocabEaseApiApplication] [logStarting] [50] -> Starting VocabEaseApiApplication using Java 21.0.5 with PID 34508 (D:\IdeaProject\VocabEase\VocabEase_api\target\classes started by qwy27 in D:\IdeaProject\VocabEase)
2026-03-18 00:56:07 [DEBUG] [com.javastudy.vocabease_api.VocabEaseApiApplication] [logStarting] [51] -> Running with Spring Boot v3.3.0, Spring v6.1.8
2026-03-18 00:56:07 [INFO] [com.javastudy.vocabease_api.VocabEaseApiApplication] [logStartupProfileInfo] [654] -> No active profile set, falling back to 1 default profile: "default"
2026-03-18 00:56:07 [DEBUG] [org.springframework.boot.SpringApplication] [load] [687] -> Loading source class com.javastudy.vocabease_api.VocabEaseApiApplication
2026-03-18 00:56:07 [DEBUG] [org.springframework.boot.web.servlet.context.AnnotationConfigServletWebServerApplicationContext] [prepareRefresh] [671] -> Refreshing org.springframework.boot.web.servlet.context.AnnotationConfigServletWebServerApplicationContext@1d470d0
2026-03-18 00:56:07 [DEBUG] [org.springframework.beans.factory.support.DefaultListableBeanFactory] [getSingleton] [225] -> Creating shared instance of singleton bean 'org.springframework.context.annotation.internalConfigurationAnnotationProcessor'
2026-03-18 00:56:07 [DEBUG] [org.springframework.beans.factory.support.DefaultListableBeanFactory] [getSingleton] [225] -> Creating shared instance of singleton bean 'org.springframework.boot.autoconfigure.internalCachingMetadataReaderFactory'
2026-03-18 00:56:07 [DEBUG] [org.springframework.context.annotation.ClassPathBeanDefinitionScanner] [scanCandidateComponents] [476] -> Identified candidate component class: file [D:\IdeaProject\VocabEase\VocabEase_api\target\classes\com\javastudy\vocabease_api\aspect\OperationAspect.class]
2026-03-18 00:56:07 [DEBUG] [org.springframework.context.annotation.ClassPathBeanDefinitionScanner] [scanCandidateComponents] [476] -> Identified candidate component class: file [D:\IdeaProject\VocabEase\VocabEase_api\target\classes\com\javastudy\vocabease_api\config\ResourceConfig.class]
2026-03-18 00:56:07 [DEBUG] [org.springframework.context.annotation.ClassPathBeanDefinitionScanner] [scanCandidateComponents] [476] -> Identified candidate component class: file [D:\IdeaProject\VocabEase\VocabEase_api\target\classes\com\javastudy\vocabease_api\controller\AGlobalExceptionHandlerController.class]
2026-03-18 00:56:07 [DEBUG] [org.springframework.context.annotation.ClassPathBeanDefinitionScanner] [scanCandidateComponents] [476] -> Identified candidate component class: file [D:\IdeaProject\VocabEase\VocabEase_api\target\classes\com\javastudy\vocabease_api\controller\AppCollectController.class]
2026-03-18 00:56:07 [DEBUG] [org.springframework.context.annotation.ClassPathBeanDefinitionScanner] [scanCandidateComponents] [476] -> Identified candidate component class: file [D:\IdeaProject\VocabEase\VocabEase_api\target\classes\com\javastudy\vocabease_api\controller\AppExamController.class]
2026-03-18 00:56:07 [DEBUG] [org.springframework.context.annotation.ClassPathBeanDefinitionScanner] [scanCandidateComponents] [476] -> Identified candidate component class: file [D:\IdeaProject\VocabEase\VocabEase_api\target\classes\com\javastudy\vocabease_api\controller\ArticleController.class]
2026-03-18 00:56:07 [DEBUG] [org.springframework.context.annotation.ClassPathBeanDefinitionScanner] [scanCandidateComponents] [476] -> Identified candidate component class: file [D:\IdeaProject\VocabEase\VocabEase_api\target\classes\com\javastudy\vocabease_api\controller\FileController.class]
2026-03-18 00:56:07 [DEBUG] [org.springframework.context.annotation.ClassPathBeanDefinitionScanner] [scanCandidateComponents] [476] -> Identified candidate component class: file [D:\IdeaProject\VocabEase\VocabEase_api\target\classes\com\javastudy\vocabease_api\controller\IndexController.class]
2026-03-18 00:56:07 [DEBUG] [org.springframework.context.annotation.ClassPathBeanDefinitionScanner] [scanCandidateComponents] [476] -> Identified candidate component class: file [D:\IdeaProject\VocabEase\VocabEase_api\target\classes\com\javastudy\vocabease_api\controller\LoginController.class]
2026-03-18 00:56:07 [DEBUG] [org.springframework.context.annotation.ClassPathBeanDefinitionScanner] [scanCandidateComponents] [476] -> Identified candidate component class: file [D:\IdeaProject\VocabEase\VocabEase_api\target\classes\com\javastudy\vocabease_api\controller\MyInfoController.class]
2026-03-18 00:56:07 [DEBUG] [org.springframework.context.annotation.ClassPathBeanDefinitionScanner] [scanCandidateComponents] [476] -> Identified candidate component class: file [D:\IdeaProject\VocabEase\VocabEase_api\target\classes\com\javastudy\vocabease_api\controller\SearchController.class]
2026-03-18 00:56:07 [DEBUG] [org.springframework.context.annotation.ClassPathBeanDefinitionScanner] [scanCandidateComponents] [476] -> Identified candidate component class: file [D:\IdeaProject\VocabEase\VocabEase_api\target\classes\com\javastudy\vocabease_api\controller\ShareController.class]
2026-03-18 00:56:07 [DEBUG] [org.springframework.context.annotation.ClassPathBeanDefinitionScanner] [scanCandidateComponents] [476] -> Identified candidate component class: file [D:\IdeaProject\VocabEase\VocabEase_api\target\classes\com\javastudy\vocabease_api\controller\TestController.class]
2026-03-18 00:56:07 [DEBUG] [org.springframework.context.annotation.ClassPathBeanDefinitionScanner] [scanCandidateComponents] [476] -> Identified candidate component class: file [D:\IdeaProject\VocabEase\VocabEase_api\target\classes\com\javastudy\vocabease_api\controller\UpdateController.class]
2026-03-18 00:56:07 [DEBUG] [org.springframework.context.annotation.ClassPathBeanDefinitionScanner] [scanCandidateComponents] [476] -> Identified candidate component class: file [D:\IdeaProject\VocabEase\VocabEase_api\target\classes\com\javastudy\vocabease_api\controller\WechatLoginController.class]
2026-03-18 00:56:07 [DEBUG] [org.springframework.context.annotation.ClassPathBeanDefinitionScanner] [scanCandidateComponents] [476] -> Identified candidate component class: file [D:\IdeaProject\VocabEase\VocabEase_api\target\classes\com\javastudy\vocabease_api\controller\WordController.class]
2026-03-18 00:56:07 [DEBUG] [org.springframework.context.annotation.ClassPathBeanDefinitionScanner] [scanCandidateComponents] [476] -> Identified candidate component class: file [D:\IdeaProject\VocabEase\VocabEase_common\target\classes\com\javastudy\vocabease_common\component\RedisConfig.class]
2026-03-18 00:56:07 [DEBUG] [org.springframework.context.annotation.ClassPathBeanDefinitionScanner] [scanCandidateComponents] [476] -> Identified candidate component class: file [D:\IdeaProject\VocabEase\VocabEase_common\target\classes\com\javastudy\vocabease_common\component\RedisUtil.class]
2026-03-18 00:56:07 [DEBUG] [org.springframework.context.annotation.ClassPathBeanDefinitionScanner] [scanCandidateComponents] [476] -> Identified candidate component class: file [D:\IdeaProject\VocabEase\VocabEase_common\target\classes\com\javastudy\vocabease_common\entity\config\AppConfig.class]
2026-03-18 00:56:07 [DEBUG] [org.springframework.context.annotation.ClassPathBeanDefinitionScanner] [scanCandidateComponents] [476] -> Identified candidate component class: file [D:\IdeaProject\VocabEase\VocabEase_common\target\classes\com\javastudy\vocabease_common\service\impl\AccountServiceImpl.class]
2026-03-18 00:56:07 [DEBUG] [org.springframework.context.annotation.ClassPathBeanDefinitionScanner] [scanCandidateComponents] [476] -> Identified candidate component class: file [D:\IdeaProject\VocabEase\VocabEase_common\target\classes\com\javastudy\vocabease_common\service\impl\AppAccountServiceImpl.class]
2026-03-18 00:56:07 [DEBUG] [org.springframework.context.annotation.ClassPathBeanDefinitionScanner] [scanCandidateComponents] [476] -> Identified candidate component class: file [D:\IdeaProject\VocabEase\VocabEase_common\target\classes\com\javastudy\vocabease_common\service\impl\AppCarouselServiceImpl.class]
2026-03-18 00:56:07 [DEBUG] [org.springframework.context.annotation.ClassPathBeanDefinitionScanner] [scanCandidateComponents] [476] -> Identified candidate component class: file [D:\IdeaProject\VocabEase\VocabEase_common\target\classes\com\javastudy\vocabease_common\service\impl\AppCollectServiceImpl.class]
2026-03-18 00:56:07 [DEBUG] [org.springframework.context.annotation.ClassPathBeanDefinitionScanner] [scanCandidateComponents] [476] -> Identified candidate component class: file [D:\IdeaProject\VocabEase\VocabEase_common\target\classes\com\javastudy\vocabease_common\service\impl\AppDeviceServiceImpl.class]
2026-03-18 00:56:07 [DEBUG] [org.springframework.context.annotation.ClassPathBeanDefinitionScanner] [scanCandidateComponents] [476] -> Identified candidate component class: file [D:\IdeaProject\VocabEase\VocabEase_common\target\classes\com\javastudy\vocabease_common\service\impl\AppExamServiceImpl.class]
2026-03-18 00:56:07 [DEBUG] [org.springframework.context.annotation.ClassPathBeanDefinitionScanner] [scanCandidateComponents] [476] -> Identified candidate component class: file [D:\IdeaProject\VocabEase\VocabEase_common\target\classes\com\javastudy\vocabease_common\service\impl\AppFeedbackServiceImpl.class]
2026-03-18 00:56:07 [DEBUG] [org.springframework.context.annotation.ClassPathBeanDefinitionScanner] [scanCandidateComponents] [476] -> Identified candidate component class: file [D:\IdeaProject\VocabEase\VocabEase_common\target\classes\com\javastudy\vocabease_common\service\impl\AppQuestion4examServiceImpl.class]
2026-03-18 00:56:07 [DEBUG] [org.springframework.context.annotation.ClassPathBeanDefinitionScanner] [scanCandidateComponents] [476] -> Identified candidate component class: file [D:\IdeaProject\VocabEase\VocabEase_common\target\classes\com\javastudy\vocabease_common\service\impl\AppUpdateServiceImpl.class]
2026-03-18 00:56:07 [DEBUG] [org.springframework.context.annotation.ClassPathBeanDefinitionScanner] [scanCandidateComponents] [476] -> Identified candidate component class: file [D:\IdeaProject\VocabEase\VocabEase_common\target\classes\com\javastudy\vocabease_common\service\impl\Article2categoryServiceImpl.class]
2026-03-18 00:56:07 [DEBUG] [org.springframework.context.annotation.ClassPathBeanDefinitionScanner] [scanCandidateComponents] [476] -> Identified candidate component class: file [D:\IdeaProject\VocabEase\VocabEase_common\target\classes\com\javastudy\vocabease_common\service\impl\ArticleServiceImpl.class]
2026-03-18 00:56:07 [DEBUG] [org.springframework.context.annotation.ClassPathBeanDefinitionScanner] [scanCandidateComponents] [476] -> Identified candidate component class: file [D:\IdeaProject\VocabEase\VocabEase_common\target\classes\com\javastudy\vocabease_common\service\impl\CategoryServiceImpl.class]
2026-03-18 00:56:07 [DEBUG] [org.springframework.context.annotation.ClassPathBeanDefinitionScanner] [scanCandidateComponents] [476] -> Identified candidate component class: file [D:\IdeaProject\VocabEase\VocabEase_common\target\classes\com\javastudy\vocabease_common\service\impl\Item4questionServiceImpl.class]
2026-03-18 00:56:07 [DEBUG] [org.springframework.context.annotation.ClassPathBeanDefinitionScanner] [scanCandidateComponents] [476] -> Identified candidate component class: file [D:\IdeaProject\VocabEase\VocabEase_common\target\classes\com\javastudy\vocabease_common\service\impl\MenuServiceImpl.class]
2026-03-18 00:56:07 [DEBUG] [org.springframework.context.annotation.ClassPathBeanDefinitionScanner] [scanCandidateComponents] [476] -> Identified candidate component class: file [D:\IdeaProject\VocabEase\VocabEase_common\target\classes\com\javastudy\vocabease_common\service\impl\Question2categoryServiceImpl.class]
2026-03-18 00:56:07 [DEBUG] [org.springframework.context.annotation.ClassPathBeanDefinitionScanner] [scanCandidateComponents] [476] -> Identified candidate component class: file [D:\IdeaProject\VocabEase\VocabEase_common\target\classes\com\javastudy\vocabease_common\service\impl\QuestionServiceImpl.class]
2026-03-18 00:56:07 [DEBUG] [org.springframework.context.annotation.ClassPathBeanDefinitionScanner] [scanCandidateComponents] [476] -> Identified candidate component class: file [D:\IdeaProject\VocabEase\VocabEase_common\target\classes\com\javastudy\vocabease_common\service\impl\Role2menuServiceImpl.class]
2026-03-18 00:56:07 [DEBUG] [org.springframework.context.annotation.ClassPathBeanDefinitionScanner] [scanCandidateComponents] [476] -> Identified candidate component class: file [D:\IdeaProject\VocabEase\VocabEase_common\target\classes\com\javastudy\vocabease_common\service\impl\RoleServiceImpl.class]
2026-03-18 00:56:07 [DEBUG] [org.springframework.context.annotation.ClassPathBeanDefinitionScanner] [scanCandidateComponents] [476] -> Identified candidate component class: file [D:\IdeaProject\VocabEase\VocabEase_common\target\classes\com\javastudy\vocabease_common\service\impl\ShareServiceImpl.class]
2026-03-18 00:56:07 [DEBUG] [org.springframework.context.annotation.ClassPathBeanDefinitionScanner] [scanCandidateComponents] [476] -> Identified candidate component class: file [D:\IdeaProject\VocabEase\VocabEase_common\target\classes\com\javastudy\vocabease_common\service\impl\StatisticDataServiceImpl.class]
2026-03-18 00:56:07 [DEBUG] [org.springframework.context.annotation.ClassPathBeanDefinitionScanner] [scanCandidateComponents] [476] -> Identified candidate component class: file [D:\IdeaProject\VocabEase\VocabEase_common\target\classes\com\javastudy\vocabease_common\service\impl\Word2categoryServiceImpl.class]
2026-03-18 00:56:07 [DEBUG] [org.springframework.context.annotation.ClassPathBeanDefinitionScanner] [scanCandidateComponents] [476] -> Identified candidate component class: file [D:\IdeaProject\VocabEase\VocabEase_common\target\classes\com\javastudy\vocabease_common\service\impl\WordServiceImpl.class]
2026-03-18 00:56:07 [DEBUG] [org.springframework.context.annotation.ClassPathBeanDefinitionScanner] [scanCandidateComponents] [476] -> Identified candidate component class: file [D:\IdeaProject\VocabEase\VocabEase_common\target\classes\com\javastudy\vocabease_common\utils\JWTUtil.class]
2026-03-18 00:56:08 [INFO] [org.springframework.data.repository.config.RepositoryConfigurationDelegate] [multipleStoresDetected] [295] -> Multiple Spring Data modules found, entering strict repository configuration mode
2026-03-18 00:56:08 [INFO] [org.springframework.data.repository.config.RepositoryConfigurationDelegate] [registerRepositoriesIn] [143] -> Bootstrapping Spring Data Redis repositories in DEFAULT mode.
2026-03-18 00:56:08 [DEBUG] [org.springframework.beans.factory.support.DefaultListableBeanFactory] [getSingleton] [225] -> Creating shared instance of singleton bean 'org.springframework.boot.autoconfigure.AutoConfigurationPackages'
2026-03-18 00:56:08 [DEBUG] [org.springframework.boot.autoconfigure.AutoConfigurationPackages] [get] [213] -> @EnableAutoConfiguration was declared on a class in the package 'com.javastudy.vocabease_api'. Automatic @Repository and @Entity scanning is enabled.
2026-03-18 00:56:08 [DEBUG] [org.springframework.data.repository.config.RepositoryConfigurationDelegate] [registerRepositoriesIn] [153] -> Scanning for Redis repositories in packages com.javastudy.vocabease_api.
2026-03-18 00:56:08 [INFO] [org.springframework.data.repository.config.RepositoryConfigurationDelegate] [registerRepositoriesIn] [211] -> Finished Spring Data repository scanning in 6 ms. Found 0 Redis repository interfaces.
2026-03-18 00:56:08 [DEBUG] [org.springframework.beans.factory.support.DefaultListableBeanFactory] [getSingleton] [225] -> Creating shared instance of singleton bean 'com.javastudy.vocabease_api.VocabEaseApiApplication#MapperScannerRegistrar#0'
2026-03-18 00:56:08 [DEBUG] [org.springframework.beans.factory.support.DefaultListableBeanFactory] [getSingleton] [225] -> Creating shared instance of singleton bean 'propertySourcesPlaceholderConfigurer'
2026-03-18 00:56:08 [DEBUG] [org.apache.ibatis.logging.LogFactory] [setImplementation] [112] -> Logging initialized using 'class org.apache.ibatis.logging.slf4j.Slf4jImpl' adapter.
2026-03-18 00:56:08 [DEBUG] [org.mybatis.spring.mapper.ClassPathMapperScanner] [scanCandidateComponents] [476] -> Identified candidate component class: file [D:\IdeaProject\VocabEase\VocabEase_common\target\classes\com\javastudy\vocabease_common\mappers\AccountMapper.class]
2026-03-18 00:56:08 [DEBUG] [org.mybatis.spring.mapper.ClassPathMapperScanner] [scanCandidateComponents] [476] -> Identified candidate component class: file [D:\IdeaProject\VocabEase\VocabEase_common\target\classes\com\javastudy\vocabease_common\mappers\AppAccountMapper.class]
2026-03-18 00:56:08 [DEBUG] [org.mybatis.spring.mapper.ClassPathMapperScanner] [scanCandidateComponents] [476] -> Identified candidate component class: file [D:\IdeaProject\VocabEase\VocabEase_common\target\classes\com\javastudy\vocabease_common\mappers\AppCarouselMapper.class]
2026-03-18 00:56:08 [DEBUG] [org.mybatis.spring.mapper.ClassPathMapperScanner] [scanCandidateComponents] [476] -> Identified candidate component class: file [D:\IdeaProject\VocabEase\VocabEase_common\target\classes\com\javastudy\vocabease_common\mappers\AppCollectMapper.class]
2026-03-18 00:56:08 [DEBUG] [org.mybatis.spring.mapper.ClassPathMapperScanner] [scanCandidateComponents] [476] -> Identified candidate component class: file [D:\IdeaProject\VocabEase\VocabEase_common\target\classes\com\javastudy\vocabease_common\mappers\AppDeviceMapper.class]
2026-03-18 00:56:08 [DEBUG] [org.mybatis.spring.mapper.ClassPathMapperScanner] [scanCandidateComponents] [476] -> Identified candidate component class: file [D:\IdeaProject\VocabEase\VocabEase_common\target\classes\com\javastudy\vocabease_common\mappers\AppExamMapper.class]
2026-03-18 00:56:08 [DEBUG] [org.mybatis.spring.mapper.ClassPathMapperScanner] [scanCandidateComponents] [476] -> Identified candidate component class: file [D:\IdeaProject\VocabEase\VocabEase_common\target\classes\com\javastudy\vocabease_common\mappers\AppFeedbackMapper.class]
2026-03-18 00:56:08 [DEBUG] [org.mybatis.spring.mapper.ClassPathMapperScanner] [scanCandidateComponents] [476] -> Identified candidate component class: file [D:\IdeaProject\VocabEase\VocabEase_common\target\classes\com\javastudy\vocabease_common\mappers\AppQuestion4examMapper.class]
2026-03-18 00:56:08 [DEBUG] [org.mybatis.spring.mapper.ClassPathMapperScanner] [scanCandidateComponents] [476] -> Identified candidate component class: file [D:\IdeaProject\VocabEase\VocabEase_common\target\classes\com\javastudy\vocabease_common\mappers\AppUpdateMapper.class]
2026-03-18 00:56:08 [DEBUG] [org.mybatis.spring.mapper.ClassPathMapperScanner] [scanCandidateComponents] [476] -> Identified candidate component class: file [D:\IdeaProject\VocabEase\VocabEase_common\target\classes\com\javastudy\vocabease_common\mappers\Article2categoryMapper.class]
2026-03-18 00:56:08 [DEBUG] [org.mybatis.spring.mapper.ClassPathMapperScanner] [scanCandidateComponents] [476] -> Identified candidate component class: file [D:\IdeaProject\VocabEase\VocabEase_common\target\classes\com\javastudy\vocabease_common\mappers\ArticleMapper.class]
2026-03-18 00:56:08 [DEBUG] [org.mybatis.spring.mapper.ClassPathMapperScanner] [scanCandidateComponents] [476] -> Identified candidate component class: file [D:\IdeaProject\VocabEase\VocabEase_common\target\classes\com\javastudy\vocabease_common\mappers\BaseMapper.class]
2026-03-18 00:56:08 [DEBUG] [org.mybatis.spring.mapper.ClassPathMapperScanner] [scanCandidateComponents] [476] -> Identified candidate component class: file [D:\IdeaProject\VocabEase\VocabEase_common\target\classes\com\javastudy\vocabease_common\mappers\BaseMapperTableSplit.class]
2026-03-18 00:56:08 [DEBUG] [org.mybatis.spring.mapper.ClassPathMapperScanner] [scanCandidateComponents] [476] -> Identified candidate component class: file [D:\IdeaProject\VocabEase\VocabEase_common\target\classes\com\javastudy\vocabease_common\mappers\CategoryMapper.class]
2026-03-18 00:56:08 [DEBUG] [org.mybatis.spring.mapper.ClassPathMapperScanner] [scanCandidateComponents] [476] -> Identified candidate component class: file [D:\IdeaProject\VocabEase\VocabEase_common\target\classes\com\javastudy\vocabease_common\mappers\Item4questionMapper.class]
2026-03-18 00:56:08 [DEBUG] [org.mybatis.spring.mapper.ClassPathMapperScanner] [scanCandidateComponents] [476] -> Identified candidate component class: file [D:\IdeaProject\VocabEase\VocabEase_common\target\classes\com\javastudy\vocabease_common\mappers\MenuMapper.class]
2026-03-18 00:56:08 [DEBUG] [org.mybatis.spring.mapper.ClassPathMapperScanner] [scanCandidateComponents] [476] -> Identified candidate component class: file [D:\IdeaProject\VocabEase\VocabEase_common\target\classes\com\javastudy\vocabease_common\mappers\Question2categoryMapper.class]
2026-03-18 00:56:08 [DEBUG] [org.mybatis.spring.mapper.ClassPathMapperScanner] [scanCandidateComponents] [476] -> Identified candidate component class: file [D:\IdeaProject\VocabEase\VocabEase_common\target\classes\com\javastudy\vocabease_common\mappers\QuestionMapper.class]
2026-03-18 00:56:08 [DEBUG] [org.mybatis.spring.mapper.ClassPathMapperScanner] [scanCandidateComponents] [476] -> Identified candidate component class: file [D:\IdeaProject\VocabEase\VocabEase_common\target\classes\com\javastudy\vocabease_common\mappers\Role2menuMapper.class]
2026-03-18 00:56:08 [DEBUG] [org.mybatis.spring.mapper.ClassPathMapperScanner] [scanCandidateComponents] [476] -> Identified candidate component class: file [D:\IdeaProject\VocabEase\VocabEase_common\target\classes\com\javastudy\vocabease_common\mappers\RoleMapper.class]
2026-03-18 00:56:08 [DEBUG] [org.mybatis.spring.mapper.ClassPathMapperScanner] [scanCandidateComponents] [476] -> Identified candidate component class: file [D:\IdeaProject\VocabEase\VocabEase_common\target\classes\com\javastudy\vocabease_common\mappers\ShareMapper.class]
2026-03-18 00:56:08 [DEBUG] [org.mybatis.spring.mapper.ClassPathMapperScanner] [scanCandidateComponents] [476] -> Identified candidate component class: file [D:\IdeaProject\VocabEase\VocabEase_common\target\classes\com\javastudy\vocabease_common\mappers\Word2categoryMapper.class]
2026-03-18 00:56:08 [DEBUG] [org.mybatis.spring.mapper.ClassPathMapperScanner] [scanCandidateComponents] [476] -> Identified candidate component class: file [D:\IdeaProject\VocabEase\VocabEase_common\target\classes\com\javastudy\vocabease_common\mappers\WordMapper.class]
2026-03-18 00:56:08 [DEBUG] [org.mybatis.spring.mapper.ClassPathMapperScanner] [debug] [49] -> Creating MapperFactoryBean with name 'accountMapper' and 'com.javastudy.vocabease_common.mappers.AccountMapper' mapperInterface
2026-03-18 00:56:08 [DEBUG] [org.mybatis.spring.mapper.ClassPathMapperScanner] [debug] [49] -> Enabling autowire by type for MapperFactoryBean with name 'accountMapper'.
2026-03-18 00:56:08 [DEBUG] [org.mybatis.spring.mapper.ClassPathMapperScanner] [debug] [49] -> Creating MapperFactoryBean with name 'appAccountMapper' and 'com.javastudy.vocabease_common.mappers.AppAccountMapper' mapperInterface
2026-03-18 00:56:08 [DEBUG] [org.mybatis.spring.mapper.ClassPathMapperScanner] [debug] [49] -> Enabling autowire by type for MapperFactoryBean with name 'appAccountMapper'.
2026-03-18 00:56:08 [DEBUG] [org.mybatis.spring.mapper.ClassPathMapperScanner] [debug] [49] -> Creating MapperFactoryBean with name 'appCarouselMapper' and 'com.javastudy.vocabease_common.mappers.AppCarouselMapper' mapperInterface
2026-03-18 00:56:08 [DEBUG] [org.mybatis.spring.mapper.ClassPathMapperScanner] [debug] [49] -> Enabling autowire by type for MapperFactoryBean with name 'appCarouselMapper'.
2026-03-18 00:56:08 [DEBUG] [org.mybatis.spring.mapper.ClassPathMapperScanner] [debug] [49] -> Creating MapperFactoryBean with name 'appCollectMapper' and 'com.javastudy.vocabease_common.mappers.AppCollectMapper' mapperInterface
2026-03-18 00:56:08 [DEBUG] [org.mybatis.spring.mapper.ClassPathMapperScanner] [debug] [49] -> Enabling autowire by type for MapperFactoryBean with name 'appCollectMapper'.
2026-03-18 00:56:08 [DEBUG] [org.mybatis.spring.mapper.ClassPathMapperScanner] [debug] [49] -> Creating MapperFactoryBean with name 'appDeviceMapper' and 'com.javastudy.vocabease_common.mappers.AppDeviceMapper' mapperInterface
2026-03-18 00:56:08 [DEBUG] [org.mybatis.spring.mapper.ClassPathMapperScanner] [debug] [49] -> Enabling autowire by type for MapperFactoryBean with name 'appDeviceMapper'.
2026-03-18 00:56:08 [DEBUG] [org.mybatis.spring.mapper.ClassPathMapperScanner] [debug] [49] -> Creating MapperFactoryBean with name 'appExamMapper' and 'com.javastudy.vocabease_common.mappers.AppExamMapper' mapperInterface
2026-03-18 00:56:08 [DEBUG] [org.mybatis.spring.mapper.ClassPathMapperScanner] [debug] [49] -> Enabling autowire by type for MapperFactoryBean with name 'appExamMapper'.
2026-03-18 00:56:08 [DEBUG] [org.mybatis.spring.mapper.ClassPathMapperScanner] [debug] [49] -> Creating MapperFactoryBean with name 'appFeedbackMapper' and 'com.javastudy.vocabease_common.mappers.AppFeedbackMapper' mapperInterface
2026-03-18 00:56:08 [DEBUG] [org.mybatis.spring.mapper.ClassPathMapperScanner] [debug] [49] -> Enabling autowire by type for MapperFactoryBean with name 'appFeedbackMapper'.
2026-03-18 00:56:08 [DEBUG] [org.mybatis.spring.mapper.ClassPathMapperScanner] [debug] [49] -> Creating MapperFactoryBean with name 'appQuestion4examMapper' and 'com.javastudy.vocabease_common.mappers.AppQuestion4examMapper' mapperInterface
2026-03-18 00:56:08 [DEBUG] [org.mybatis.spring.mapper.ClassPathMapperScanner] [debug] [49] -> Enabling autowire by type for MapperFactoryBean with name 'appQuestion4examMapper'.
2026-03-18 00:56:08 [DEBUG] [org.mybatis.spring.mapper.ClassPathMapperScanner] [debug] [49] -> Creating MapperFactoryBean with name 'appUpdateMapper' and 'com.javastudy.vocabease_common.mappers.AppUpdateMapper' mapperInterface
2026-03-18 00:56:08 [DEBUG] [org.mybatis.spring.mapper.ClassPathMapperScanner] [debug] [49] -> Enabling autowire by type for MapperFactoryBean with name 'appUpdateMapper'.
2026-03-18 00:56:08 [DEBUG] [org.mybatis.spring.mapper.ClassPathMapperScanner] [debug] [49] -> Creating MapperFactoryBean with name 'article2categoryMapper' and 'com.javastudy.vocabease_common.mappers.Article2categoryMapper' mapperInterface
2026-03-18 00:56:08 [DEBUG] [org.mybatis.spring.mapper.ClassPathMapperScanner] [debug] [49] -> Enabling autowire by type for MapperFactoryBean with name 'article2categoryMapper'.
2026-03-18 00:56:08 [DEBUG] [org.mybatis.spring.mapper.ClassPathMapperScanner] [debug] [49] -> Creating MapperFactoryBean with name 'articleMapper' and 'com.javastudy.vocabease_common.mappers.ArticleMapper' mapperInterface
2026-03-18 00:56:08 [DEBUG] [org.mybatis.spring.mapper.ClassPathMapperScanner] [debug] [49] -> Enabling autowire by type for MapperFactoryBean with name 'articleMapper'.
2026-03-18 00:56:08 [DEBUG] [org.mybatis.spring.mapper.ClassPathMapperScanner] [debug] [49] -> Creating MapperFactoryBean with name 'baseMapper' and 'com.javastudy.vocabease_common.mappers.BaseMapper' mapperInterface
2026-03-18 00:56:08 [DEBUG] [org.mybatis.spring.mapper.ClassPathMapperScanner] [debug] [49] -> Enabling autowire by type for MapperFactoryBean with name 'baseMapper'.
2026-03-18 00:56:08 [DEBUG] [org.mybatis.spring.mapper.ClassPathMapperScanner] [debug] [49] -> Creating MapperFactoryBean with name 'baseMapperTableSplit' and 'com.javastudy.vocabease_common.mappers.BaseMapperTableSplit' mapperInterface
2026-03-18 00:56:08 [DEBUG] [org.mybatis.spring.mapper.ClassPathMapperScanner] [debug] [49] -> Enabling autowire by type for MapperFactoryBean with name 'baseMapperTableSplit'.
2026-03-18 00:56:08 [DEBUG] [org.mybatis.spring.mapper.ClassPathMapperScanner] [debug] [49] -> Creating MapperFactoryBean with name 'categoryMapper' and 'com.javastudy.vocabease_common.mappers.CategoryMapper' mapperInterface
2026-03-18 00:56:08 [DEBUG] [org.mybatis.spring.mapper.ClassPathMapperScanner] [debug] [49] -> Enabling autowire by type for MapperFactoryBean with name 'categoryMapper'.
2026-03-18 00:56:08 [DEBUG] [org.mybatis.spring.mapper.ClassPathMapperScanner] [debug] [49] -> Creating MapperFactoryBean with name 'item4questionMapper' and 'com.javastudy.vocabease_common.mappers.Item4questionMapper' mapperInterface
2026-03-18 00:56:08 [DEBUG] [org.mybatis.spring.mapper.ClassPathMapperScanner] [debug] [49] -> Enabling autowire by type for MapperFactoryBean with name 'item4questionMapper'.
2026-03-18 00:56:08 [DEBUG] [org.mybatis.spring.mapper.ClassPathMapperScanner] [debug] [49] -> Creating MapperFactoryBean with name 'menuMapper' and 'com.javastudy.vocabease_common.mappers.MenuMapper' mapperInterface
2026-03-18 00:56:08 [DEBUG] [org.mybatis.spring.mapper.ClassPathMapperScanner] [debug] [49] -> Enabling autowire by type for MapperFactoryBean with name 'menuMapper'.
2026-03-18 00:56:08 [DEBUG] [org.mybatis.spring.mapper.ClassPathMapperScanner] [debug] [49] -> Creating MapperFactoryBean with name 'question2categoryMapper' and 'com.javastudy.vocabease_common.mappers.Question2categoryMapper' mapperInterface
2026-03-18 00:56:08 [DEBUG] [org.mybatis.spring.mapper.ClassPathMapperScanner] [debug] [49] -> Enabling autowire by type for MapperFactoryBean with name 'question2categoryMapper'.
2026-03-18 00:56:08 [DEBUG] [org.mybatis.spring.mapper.ClassPathMapperScanner] [debug] [49] -> Creating MapperFactoryBean with name 'questionMapper' and 'com.javastudy.vocabease_common.mappers.QuestionMapper' mapperInterface
2026-03-18 00:56:08 [DEBUG] [org.mybatis.spring.mapper.ClassPathMapperScanner] [debug] [49] -> Enabling autowire by type for MapperFactoryBean with name 'questionMapper'.
2026-03-18 00:56:08 [DEBUG] [org.mybatis.spring.mapper.ClassPathMapperScanner] [debug] [49] -> Creating MapperFactoryBean with name 'role2menuMapper' and 'com.javastudy.vocabease_common.mappers.Role2menuMapper' mapperInterface
2026-03-18 00:56:08 [DEBUG] [org.mybatis.spring.mapper.ClassPathMapperScanner] [debug] [49] -> Enabling autowire by type for MapperFactoryBean with name 'role2menuMapper'.
2026-03-18 00:56:08 [DEBUG] [org.mybatis.spring.mapper.ClassPathMapperScanner] [debug] [49] -> Creating MapperFactoryBean with name 'roleMapper' and 'com.javastudy.vocabease_common.mappers.RoleMapper' mapperInterface
2026-03-18 00:56:08 [DEBUG] [org.mybatis.spring.mapper.ClassPathMapperScanner] [debug] [49] -> Enabling autowire by type for MapperFactoryBean with name 'roleMapper'.
2026-03-18 00:56:08 [DEBUG] [org.mybatis.spring.mapper.ClassPathMapperScanner] [debug] [49] -> Creating MapperFactoryBean with name 'shareMapper' and 'com.javastudy.vocabease_common.mappers.ShareMapper' mapperInterface
2026-03-18 00:56:08 [DEBUG] [org.mybatis.spring.mapper.ClassPathMapperScanner] [debug] [49] -> Enabling autowire by type for MapperFactoryBean with name 'shareMapper'.
2026-03-18 00:56:08 [DEBUG] [org.mybatis.spring.mapper.ClassPathMapperScanner] [debug] [49] -> Creating MapperFactoryBean with name 'word2categoryMapper' and 'com.javastudy.vocabease_common.mappers.Word2categoryMapper' mapperInterface
2026-03-18 00:56:08 [DEBUG] [org.mybatis.spring.mapper.ClassPathMapperScanner] [debug] [49] -> Enabling autowire by type for MapperFactoryBean with name 'word2categoryMapper'.
2026-03-18 00:56:08 [DEBUG] [org.mybatis.spring.mapper.ClassPathMapperScanner] [debug] [49] -> Creating MapperFactoryBean with name 'wordMapper' and 'com.javastudy.vocabease_common.mappers.WordMapper' mapperInterface
2026-03-18 00:56:08 [DEBUG] [org.mybatis.spring.mapper.ClassPathMapperScanner] [debug] [49] -> Enabling autowire by type for MapperFactoryBean with name 'wordMapper'.
2026-03-18 00:56:08 [DEBUG] [org.springframework.beans.factory.support.DefaultListableBeanFactory] [getSingleton] [225] -> Creating shared instance of singleton bean 'org.springframework.boot.sql.init.dependency.DatabaseInitializationDependencyConfigurer$DependsOnDatabaseInitializationPostProcessor'
2026-03-18 00:56:08 [DEBUG] [org.springframework.beans.factory.support.DefaultListableBeanFactory] [getSingleton] [225] -> Creating shared instance of singleton bean 'org.springframework.context.event.internalEventListenerProcessor'
2026-03-18 00:56:08 [DEBUG] [org.springframework.beans.factory.support.DefaultListableBeanFactory] [getSingleton] [225] -> Creating shared instance of singleton bean 'preserveErrorControllerTargetClassPostProcessor'
2026-03-18 00:56:08 [DEBUG] [org.springframework.beans.factory.support.DefaultListableBeanFactory] [getSingleton] [225] -> Creating shared instance of singleton bean 'org.springframework.context.event.internalEventListenerFactory'
2026-03-18 00:56:08 [DEBUG] [org.springframework.beans.factory.support.DefaultListableBeanFactory] [getSingleton] [225] -> Creating shared instance of singleton bean 'org.springframework.transaction.config.internalTransactionalEventListenerFactory'
2026-03-18 00:56:08 [DEBUG] [org.springframework.beans.factory.support.DefaultListableBeanFactory] [getSingleton] [225] -> Creating shared instance of singleton bean 'org.springframework.context.annotation.internalAutowiredAnnotationProcessor'
2026-03-18 00:56:08 [DEBUG] [org.springframework.beans.factory.support.DefaultListableBeanFactory] [getSingleton] [225] -> Creating shared instance of singleton bean 'org.springframework.context.annotation.internalCommonAnnotationProcessor'
2026-03-18 00:56:08 [DEBUG] [org.springframework.beans.factory.support.DefaultListableBeanFactory] [getSingleton] [225] -> Creating shared instance of singleton bean 'org.springframework.boot.context.properties.ConfigurationPropertiesBindingPostProcessor'
2026-03-18 00:56:08 [DEBUG] [org.springframework.beans.factory.support.DefaultListableBeanFactory] [getSingleton] [225] -> Creating shared instance of singleton bean 'org.springframework.boot.context.internalConfigurationPropertiesBinder'
2026-03-18 00:56:08 [DEBUG] [org.springframework.beans.factory.support.DefaultListableBeanFactory] [getSingleton] [225] -> Creating shared instance of singleton bean 'jdbcConnectionDetailsHikariBeanPostProcessor'
2026-03-18 00:56:08 [DEBUG] [org.springframework.beans.factory.support.DefaultListableBeanFactory] [getSingleton] [225] -> Creating shared instance of singleton bean 'org.springframework.aop.config.internalAutoProxyCreator'
2026-03-18 00:56:08 [DEBUG] [org.springframework.beans.factory.support.DefaultListableBeanFactory] [getSingleton] [225] -> Creating shared instance of singleton bean 'persistenceExceptionTranslationPostProcessor'
2026-03-18 00:56:08 [DEBUG] [org.springframework.beans.factory.support.DefaultListableBeanFactory] [registerDependentBeans] [945] -> Autowiring by type from bean name 'persistenceExceptionTranslationPostProcessor' via factory method to bean named 'environment'
2026-03-18 00:56:08 [DEBUG] [org.springframework.beans.factory.support.DefaultListableBeanFactory] [getSingleton] [225] -> Creating shared instance of singleton bean 'webServerFactoryCustomizerBeanPostProcessor'
2026-03-18 00:56:08 [DEBUG] [org.springframework.beans.factory.support.DefaultListableBeanFactory] [getSingleton] [225] -> Creating shared instance of singleton bean 'errorPageRegistrarBeanPostProcessor'
2026-03-18 00:56:08 [DEBUG] [org.springframework.beans.factory.support.DefaultListableBeanFactory] [getSingleton] [225] -> Creating shared instance of singleton bean 'projectingArgumentResolverBeanPostProcessor'
2026-03-18 00:56:08 [DEBUG] [org.springframework.beans.factory.support.DefaultListableBeanFactory] [getSingleton] [225] -> Creating shared instance of singleton bean 'org.springframework.transaction.config.internalTransactionAdvisor'
2026-03-18 00:56:08 [DEBUG] [org.springframework.beans.factory.support.DefaultListableBeanFactory] [getSingleton] [225] -> Creating shared instance of singleton bean 'org.springframework.transaction.annotation.ProxyTransactionManagementConfiguration'
2026-03-18 00:56:08 [DEBUG] [org.springframework.aop.aspectj.annotation.ReflectiveAspectJAdvisorFactory] [getAdvice] [261] -> Found AspectJ method: public void com.javastudy.vocabease_api.aspect.OperationAspect.interceptorDo(org.aspectj.lang.JoinPoint)
2026-03-18 00:56:08 [DEBUG] [org.springframework.beans.factory.support.DefaultListableBeanFactory] [getSingleton] [225] -> Creating shared instance of singleton bean 'transactionAttributeSource'
2026-03-18 00:56:08 [DEBUG] [org.springframework.beans.factory.support.DefaultListableBeanFactory] [getSingleton] [225] -> Creating shared instance of singleton bean 'transactionInterceptor'
2026-03-18 00:56:08 [DEBUG] [org.springframework.beans.factory.support.DefaultListableBeanFactory] [registerDependentBeans] [945] -> Autowiring by type from bean name 'transactionInterceptor' via factory method to bean named 'transactionAttributeSource'
2026-03-18 00:56:09 [DEBUG] [org.springframework.beans.factory.support.DefaultListableBeanFactory] [registerDependentBeans] [945] -> Autowiring by type from bean name 'org.springframework.transaction.config.internalTransactionAdvisor' via factory method to bean named 'transactionAttributeSource'
2026-03-18 00:56:09 [DEBUG] [org.springframework.beans.factory.support.DefaultListableBeanFactory] [registerDependentBeans] [945] -> Autowiring by type from bean name 'org.springframework.transaction.config.internalTransactionAdvisor' via factory method to bean named 'transactionInterceptor'
2026-03-18 00:56:09 [DEBUG] [org.springframework.ui.context.support.UiApplicationContextUtils] [initThemeSource] [86] -> Unable to locate ThemeSource with name 'themeSource': using default [org.springframework.ui.context.support.ResourceBundleThemeSource@2e7bf7b7]
2026-03-18 00:56:09 [DEBUG] [org.springframework.beans.factory.support.DefaultListableBeanFactory] [getSingleton] [225] -> Creating shared instance of singleton bean 'tomcatServletWebServerFactory'
2026-03-18 00:56:09 [DEBUG] [org.springframework.beans.factory.support.DefaultListableBeanFactory] [getSingleton] [225] -> Creating shared instance of singleton bean 'org.springframework.boot.autoconfigure.web.servlet.ServletWebServerFactoryConfiguration$EmbeddedTomcat'
2026-03-18 00:56:09 [DEBUG] [org.springframework.beans.factory.support.DefaultListableBeanFactory] [getSingleton] [225] -> Creating shared instance of singleton bean 'websocketServletWebServerCustomizer'
2026-03-18 00:56:09 [DEBUG] [org.springframework.beans.factory.support.DefaultListableBeanFactory] [getSingleton] [225] -> Creating shared instance of singleton bean 'org.springframework.boot.autoconfigure.websocket.servlet.WebSocketServletAutoConfiguration$TomcatWebSocketConfiguration'
2026-03-18 00:56:09 [DEBUG] [org.springframework.beans.factory.support.DefaultListableBeanFactory] [getSingleton] [225] -> Creating shared instance of singleton bean 'servletWebServerFactoryCustomizer'
2026-03-18 00:56:09 [DEBUG] [org.springframework.beans.factory.support.DefaultListableBeanFactory] [getSingleton] [225] -> Creating shared instance of singleton bean 'org.springframework.boot.autoconfigure.web.servlet.ServletWebServerFactoryAutoConfiguration'
2026-03-18 00:56:09 [DEBUG] [org.springframework.beans.factory.support.DefaultListableBeanFactory] [getSingleton] [225] -> Creating shared instance of singleton bean 'server-org.springframework.boot.autoconfigure.web.ServerProperties'
2026-03-18 00:56:09 [DEBUG] [org.springframework.beans.factory.support.DefaultListableBeanFactory] [getSingleton] [225] -> Creating shared instance of singleton bean 'org.springframework.boot.context.properties.BoundConfigurationProperties'
2026-03-18 00:56:09 [DEBUG] [org.springframework.beans.factory.support.DefaultListableBeanFactory] [registerDependentBeans] [945] -> Autowiring by type from bean name 'servletWebServerFactoryCustomizer' via factory method to bean named 'server-org.springframework.boot.autoconfigure.web.ServerProperties'
2026-03-18 00:56:09 [DEBUG] [org.springframework.beans.factory.support.DefaultListableBeanFactory] [getSingleton] [225] -> Creating shared instance of singleton bean 'sslBundleRegistry'
2026-03-18 00:56:09 [DEBUG] [org.springframework.beans.factory.support.DefaultListableBeanFactory] [getSingleton] [225] -> Creating shared instance of singleton bean 'org.springframework.boot.autoconfigure.ssl.SslAutoConfiguration'
2026-03-18 00:56:09 [DEBUG] [org.springframework.beans.factory.support.DefaultListableBeanFactory] [getSingleton] [225] -> Creating shared instance of singleton bean 'spring.ssl-org.springframework.boot.autoconfigure.ssl.SslProperties'
2026-03-18 00:56:09 [DEBUG] [org.springframework.beans.factory.support.DefaultListableBeanFactory] [registerDependentBeans] [945] -> Autowiring by type from bean name 'org.springframework.boot.autoconfigure.ssl.SslAutoConfiguration' via constructor to bean named 'spring.ssl-org.springframework.boot.autoconfigure.ssl.SslProperties'
2026-03-18 00:56:09 [DEBUG] [org.springframework.beans.factory.support.DefaultListableBeanFactory] [getSingleton] [225] -> Creating shared instance of singleton bean 'sslPropertiesSslBundleRegistrar'
2026-03-18 00:56:09 [DEBUG] [org.springframework.beans.factory.support.DefaultListableBeanFactory] [getSingleton] [225] -> Creating shared instance of singleton bean 'fileWatcher'
2026-03-18 00:56:09 [DEBUG] [org.springframework.beans.factory.support.DefaultListableBeanFactory] [registerDependentBeans] [945] -> Autowiring by type from bean name 'sslPropertiesSslBundleRegistrar' via factory method to bean named 'fileWatcher'
2026-03-18 00:56:09 [DEBUG] [org.springframework.beans.factory.support.DefaultListableBeanFactory] [getSingleton] [225] -> Creating shared instance of singleton bean 'tomcatServletWebServerFactoryCustomizer'
2026-03-18 00:56:09 [DEBUG] [org.springframework.beans.factory.support.DefaultListableBeanFactory] [registerDependentBeans] [945] -> Autowiring by type from bean name 'tomcatServletWebServerFactoryCustomizer' via factory method to bean named 'server-org.springframework.boot.autoconfigure.web.ServerProperties'
2026-03-18 00:56:09 [DEBUG] [org.springframework.beans.factory.support.DefaultListableBeanFactory] [getSingleton] [225] -> Creating shared instance of singleton bean 'tomcatWebServerFactoryCustomizer'
2026-03-18 00:56:09 [DEBUG] [org.springframework.beans.factory.support.DefaultListableBeanFactory] [getSingleton] [225] -> Creating shared instance of singleton bean 'org.springframework.boot.autoconfigure.web.embedded.EmbeddedWebServerFactoryCustomizerAutoConfiguration$TomcatWebServerFactoryCustomizerConfiguration'
2026-03-18 00:56:09 [DEBUG] [org.springframework.beans.factory.support.DefaultListableBeanFactory] [registerDependentBeans] [945] -> Autowiring by type from bean name 'tomcatWebServerFactoryCustomizer' via factory method to bean named 'environment'
2026-03-18 00:56:09 [DEBUG] [org.springframework.beans.factory.support.DefaultListableBeanFactory] [registerDependentBeans] [945] -> Autowiring by type from bean name 'tomcatWebServerFactoryCustomizer' via factory method to bean named 'server-org.springframework.boot.autoconfigure.web.ServerProperties'
2026-03-18 00:56:09 [DEBUG] [org.springframework.beans.factory.support.DefaultListableBeanFactory] [getSingleton] [225] -> Creating shared instance of singleton bean 'localeCharsetMappingsCustomizer'
2026-03-18 00:56:09 [DEBUG] [org.springframework.beans.factory.support.DefaultListableBeanFactory] [getSingleton] [225] -> Creating shared instance of singleton bean 'org.springframework.boot.autoconfigure.web.servlet.HttpEncodingAutoConfiguration'
2026-03-18 00:56:09 [DEBUG] [org.springframework.beans.factory.support.DefaultListableBeanFactory] [registerDependentBeans] [945] -> Autowiring by type from bean name 'org.springframework.boot.autoconfigure.web.servlet.HttpEncodingAutoConfiguration' via constructor to bean named 'server-org.springframework.boot.autoconfigure.web.ServerProperties'
2026-03-18 00:56:09 [DEBUG] [org.springframework.beans.factory.support.DefaultListableBeanFactory] [getSingleton] [225] -> Creating shared instance of singleton bean 'errorPageCustomizer'
2026-03-18 00:56:09 [DEBUG] [org.springframework.beans.factory.support.DefaultListableBeanFactory] [getSingleton] [225] -> Creating shared instance of singleton bean 'org.springframework.boot.autoconfigure.web.servlet.error.ErrorMvcAutoConfiguration'
2026-03-18 00:56:09 [DEBUG] [org.springframework.beans.factory.support.DefaultListableBeanFactory] [registerDependentBeans] [945] -> Autowiring by type from bean name 'org.springframework.boot.autoconfigure.web.servlet.error.ErrorMvcAutoConfiguration' via constructor to bean named 'server-org.springframework.boot.autoconfigure.web.ServerProperties'
2026-03-18 00:56:09 [DEBUG] [org.springframework.beans.factory.support.DefaultListableBeanFactory] [getSingleton] [225] -> Creating shared instance of singleton bean 'dispatcherServletRegistration'
2026-03-18 00:56:09 [DEBUG] [org.springframework.beans.factory.support.DefaultListableBeanFactory] [getSingleton] [225] -> Creating shared instance of singleton bean 'org.springframework.boot.autoconfigure.web.servlet.DispatcherServletAutoConfiguration$DispatcherServletRegistrationConfiguration'
2026-03-18 00:56:09 [DEBUG] [org.springframework.beans.factory.support.DefaultListableBeanFactory] [getSingleton] [225] -> Creating shared instance of singleton bean 'dispatcherServlet'
2026-03-18 00:56:09 [DEBUG] [org.springframework.beans.factory.support.DefaultListableBeanFactory] [getSingleton] [225] -> Creating shared instance of singleton bean 'org.springframework.boot.autoconfigure.web.servlet.DispatcherServletAutoConfiguration$DispatcherServletConfiguration'
2026-03-18 00:56:09 [DEBUG] [org.springframework.beans.factory.support.DefaultListableBeanFactory] [getSingleton] [225] -> Creating shared instance of singleton bean 'spring.mvc-org.springframework.boot.autoconfigure.web.servlet.WebMvcProperties'
2026-03-18 00:56:09 [DEBUG] [org.springframework.beans.factory.support.DefaultListableBeanFactory] [registerDependentBeans] [945] -> Autowiring by type from bean name 'dispatcherServlet' via factory method to bean named 'spring.mvc-org.springframework.boot.autoconfigure.web.servlet.WebMvcProperties'
2026-03-18 00:56:09 [DEBUG] [org.springframework.beans.factory.support.DefaultListableBeanFactory] [registerDependentBeans] [945] -> Autowiring by type from bean name 'dispatcherServletRegistration' via factory method to bean named 'dispatcherServlet'
2026-03-18 00:56:09 [DEBUG] [org.springframework.beans.factory.support.DefaultListableBeanFactory] [registerDependentBeans] [945] -> Autowiring by type from bean name 'dispatcherServletRegistration' via factory method to bean named 'spring.mvc-org.springframework.boot.autoconfigure.web.servlet.WebMvcProperties'
2026-03-18 00:56:09 [DEBUG] [org.springframework.beans.factory.support.DefaultListableBeanFactory] [getSingleton] [225] -> Creating shared instance of singleton bean 'multipartConfigElement'
2026-03-18 00:56:09 [DEBUG] [org.springframework.beans.factory.support.DefaultListableBeanFactory] [getSingleton] [225] -> Creating shared instance of singleton bean 'org.springframework.boot.autoconfigure.web.servlet.MultipartAutoConfiguration'
2026-03-18 00:56:09 [DEBUG] [org.springframework.beans.factory.support.DefaultListableBeanFactory] [getSingleton] [225] -> Creating shared instance of singleton bean 'spring.servlet.multipart-org.springframework.boot.autoconfigure.web.servlet.MultipartProperties'
2026-03-18 00:56:09 [DEBUG] [org.springframework.beans.factory.support.DefaultListableBeanFactory] [registerDependentBeans] [945] -> Autowiring by type from bean name 'org.springframework.boot.autoconfigure.web.servlet.MultipartAutoConfiguration' via constructor to bean named 'spring.servlet.multipart-org.springframework.boot.autoconfigure.web.servlet.MultipartProperties'
2026-03-18 00:56:09 [DEBUG] [org.springframework.beans.factory.support.DefaultListableBeanFactory] [registerDependentBeans] [945] -> Autowiring by type from bean name 'errorPageCustomizer' via factory method to bean named 'dispatcherServletRegistration'
2026-03-18 00:56:09 [DEBUG] [org.springframework.boot.web.embedded.tomcat.TomcatServletWebServerFactory] [getArchiveFileDocumentRoot] [81] -> Code archive: C:\Users\qwy27\.m2\repository\org\springframework\boot\spring-boot\3.3.0\spring-boot-3.3.0.jar
2026-03-18 00:56:09 [DEBUG] [org.springframework.boot.web.embedded.tomcat.TomcatServletWebServerFactory] [getExplodedWarFileDocumentRoot] [125] -> Code archive: C:\Users\qwy27\.m2\repository\org\springframework\boot\spring-boot\3.3.0\spring-boot-3.3.0.jar
2026-03-18 00:56:09 [DEBUG] [org.springframework.boot.web.embedded.tomcat.TomcatServletWebServerFactory] [logNoDocumentRoots] [149] -> None of the document roots [src/main/webapp, public, static] point to a directory and will be ignored.
2026-03-18 00:56:09 [INFO] [org.springframework.boot.web.embedded.tomcat.TomcatWebServer] [initialize] [111] -> Tomcat initialized with port 9090 (http)
2026-03-18 00:56:09 [INFO] [org.apache.coyote.http11.Http11NioProtocol] [log] [173] -> Initializing ProtocolHandler ["http-nio-9090"]
2026-03-18 00:56:09 [INFO] [org.apache.catalina.core.StandardService] [log] [173] -> Starting service [Tomcat]
2026-03-18 00:56:09 [INFO] [org.apache.catalina.core.StandardEngine] [log] [173] -> Starting Servlet engine: [Apache Tomcat/10.1.24]
2026-03-18 00:56:09 [INFO] [org.apache.catalina.core.ContainerBase.[Tomcat].[localhost].[/]] [log] [173] -> Initializing Spring embedded WebApplicationContext
2026-03-18 00:56:09 [DEBUG] [org.springframework.boot.web.servlet.context.ServletWebServerApplicationContext] [prepareWebApplicationContext] [290] -> Published root WebApplicationContext as ServletContext attribute with name [org.springframework.web.context.WebApplicationContext.ROOT]
2026-03-18 00:56:09 [INFO] [org.springframework.boot.web.servlet.context.ServletWebServerApplicationContext] [prepareWebApplicationContext] [296] -> Root WebApplicationContext: initialization completed in 2292 ms
2026-03-18 00:56:09 [DEBUG] [org.springframework.beans.factory.support.DefaultListableBeanFactory] [getSingleton] [225] -> Creating shared instance of singleton bean 'sessionRepositoryFilterRegistration'
2026-03-18 00:56:09 [DEBUG] [org.springframework.beans.factory.support.DefaultListableBeanFactory] [getSingleton] [225] -> Creating shared instance of singleton bean 'org.springframework.boot.autoconfigure.session.SessionRepositoryFilterConfiguration'
2026-03-18 00:56:09 [DEBUG] [org.springframework.beans.factory.support.DefaultListableBeanFactory] [getSingleton] [225] -> Creating shared instance of singleton bean 'spring.session-org.springframework.boot.autoconfigure.session.SessionProperties'
2026-03-18 00:56:09 [DEBUG] [org.springframework.beans.factory.support.DefaultListableBeanFactory] [registerDependentBeans] [945] -> Autowiring by type from bean name 'sessionRepositoryFilterRegistration' via factory method to bean named 'spring.session-org.springframework.boot.autoconfigure.session.SessionProperties'
2026-03-18 00:56:09 [DEBUG] [org.springframework.beans.factory.support.DefaultListableBeanFactory] [registerDependentBeans] [945] -> Autowiring by type from bean name 'sessionRepositoryFilterRegistration' via factory method to bean named 'org.springframework.beans.factory.support.DefaultListableBeanFactory@28276e50'
2026-03-18 00:56:09 [DEBUG] [org.springframework.beans.factory.support.DefaultListableBeanFactory] [getSingleton] [225] -> Creating shared instance of singleton bean 'requestContextFilter'
2026-03-18 00:56:09 [DEBUG] [org.springframework.beans.factory.support.DefaultListableBeanFactory] [getSingleton] [225] -> Creating shared instance of singleton bean 'formContentFilter'
2026-03-18 00:56:09 [DEBUG] [org.springframework.beans.factory.support.DefaultListableBeanFactory] [getSingleton] [225] -> Creating shared instance of singleton bean 'org.springframework.boot.autoconfigure.web.servlet.WebMvcAutoConfiguration'
2026-03-18 00:56:09 [DEBUG] [org.springframework.beans.factory.support.DefaultListableBeanFactory] [getSingleton] [225] -> Creating shared instance of singleton bean 'characterEncodingFilter'
2026-03-18 00:56:09 [DEBUG] [org.springframework.boot.web.servlet.ServletContextInitializerBeans] [logMappings] [235] -> Mapping filters: springSessionRepositoryFilter urls=[/*] order=-2147483598, characterEncodingFilter urls=[/*] order=-2147483648, formContentFilter urls=[/*] order=-9900, requestContextFilter urls=[/*] order=-105
2026-03-18 00:56:09 [DEBUG] [org.springframework.boot.web.servlet.ServletContextInitializerBeans] [logMappings] [235] -> Mapping servlets: dispatcherServlet urls=[/]
2026-03-18 00:56:09 [DEBUG] [org.springframework.boot.web.servlet.filter.OrderedRequestContextFilter] [init] [240] -> Filter 'requestContextFilter' configured for use
2026-03-18 00:56:09 [DEBUG] [org.springframework.boot.web.servlet.DelegatingFilterProxyRegistrationBean$1] [init] [240] -> Filter 'springSessionRepositoryFilter' configured for use
2026-03-18 00:56:09 [DEBUG] [org.springframework.boot.web.servlet.filter.OrderedCharacterEncodingFilter] [init] [240] -> Filter 'characterEncodingFilter' configured for use
2026-03-18 00:56:09 [DEBUG] [org.springframework.boot.web.servlet.filter.OrderedFormContentFilter] [init] [240] -> Filter 'formContentFilter' configured for use
2026-03-18 00:56:09 [DEBUG] [org.springframework.beans.factory.support.DefaultListableBeanFactory] [getSingleton] [225] -> Creating shared instance of singleton bean 'vocabEaseApiApplication'
2026-03-18 00:56:09 [DEBUG] [org.springframework.beans.factory.support.DefaultListableBeanFactory] [getSingleton] [225] -> Creating shared instance of singleton bean 'operationAspect'
2026-03-18 00:56:09 [DEBUG] [org.springframework.beans.factory.support.DefaultListableBeanFactory] [getSingleton] [225] -> Creating shared instance of singleton bean 'jwtUtil'
2026-03-18 00:56:09 [DEBUG] [org.springframework.beans.factory.support.DefaultListableBeanFactory] [getSingleton] [225] -> Creating shared instance of singleton bean 'appConfig'
2026-03-18 00:56:09 [DEBUG] [org.springframework.core.env.PropertySourcesPropertyResolver] [logKeyFound] [115] -> Found key 'project.folder' in PropertySource 'environmentProperties' with value of type String
2026-03-18 00:56:09 [DEBUG] [org.springframework.core.env.PropertySourcesPropertyResolver] [logKeyFound] [115] -> Found key 'admin.phone' in PropertySource 'environmentProperties' with value of type String
2026-03-18 00:56:09 [DEBUG] [org.springframework.core.env.PropertySourcesPropertyResolver] [logKeyFound] [115] -> Found key 'spring.security.jwt.key' in PropertySource 'environmentProperties' with value of type String
2026-03-18 00:56:09 [DEBUG] [org.springframework.core.env.PropertySourcesPropertyResolver] [logKeyFound] [115] -> Found key 'spring.application.name' in PropertySource 'environmentProperties' with value of type String
2026-03-18 00:56:09 [DEBUG] [org.springframework.core.env.PropertySourcesPropertyResolver] [logKeyFound] [115] -> Found key 'spring.application.domain' in PropertySource 'environmentProperties' with value of type String
2026-03-18 00:56:09 [DEBUG] [org.springframework.beans.factory.support.DefaultListableBeanFactory] [getSingleton] [225] -> Creating shared instance of singleton bean 'redisUtil'
2026-03-18 00:56:09 [DEBUG] [org.springframework.beans.factory.support.DefaultListableBeanFactory] [getSingleton] [225] -> Creating shared instance of singleton bean 'redisTemplate'
2026-03-18 00:56:09 [DEBUG] [org.springframework.beans.factory.support.DefaultListableBeanFactory] [getSingleton] [225] -> Creating shared instance of singleton bean 'redisConfig'
2026-03-18 00:56:09 [DEBUG] [org.springframework.beans.factory.support.DefaultListableBeanFactory] [getSingleton] [225] -> Creating shared instance of singleton bean 'redisConnectionFactory'
2026-03-18 00:56:09 [DEBUG] [org.springframework.beans.factory.support.DefaultListableBeanFactory] [getSingleton] [225] -> Creating shared instance of singleton bean 'org.springframework.boot.autoconfigure.data.redis.LettuceConnectionConfiguration'
2026-03-18 00:56:09 [DEBUG] [org.springframework.beans.factory.support.DefaultListableBeanFactory] [getSingleton] [225] -> Creating shared instance of singleton bean 'spring.data.redis-org.springframework.boot.autoconfigure.data.redis.RedisProperties'
2026-03-18 00:56:09 [DEBUG] [org.springframework.beans.factory.support.DefaultListableBeanFactory] [getSingleton] [225] -> Creating shared instance of singleton bean 'redisConnectionDetails'
2026-03-18 00:56:09 [DEBUG] [org.springframework.beans.factory.support.DefaultListableBeanFactory] [getSingleton] [225] -> Creating shared instance of singleton bean 'org.springframework.boot.autoconfigure.data.redis.RedisAutoConfiguration'
2026-03-18 00:56:09 [DEBUG] [org.springframework.beans.factory.support.DefaultListableBeanFactory] [registerDependentBeans] [945] -> Autowiring by type from bean name 'redisConnectionDetails' via factory method to bean named 'spring.data.redis-org.springframework.boot.autoconfigure.data.redis.RedisProperties'
2026-03-18 00:56:09 [DEBUG] [org.springframework.beans.factory.support.DefaultListableBeanFactory] [registerDependentBeans] [945] -> Autowiring by type from bean name 'org.springframework.boot.autoconfigure.data.redis.LettuceConnectionConfiguration' via constructor to bean named 'spring.data.redis-org.springframework.boot.autoconfigure.data.redis.RedisProperties'
2026-03-18 00:56:09 [DEBUG] [org.springframework.beans.factory.support.DefaultListableBeanFactory] [registerDependentBeans] [945] -> Autowiring by type from bean name 'org.springframework.boot.autoconfigure.data.redis.LettuceConnectionConfiguration' via constructor to bean named 'redisConnectionDetails'
2026-03-18 00:56:09 [DEBUG] [org.springframework.beans.factory.support.DefaultListableBeanFactory] [getSingleton] [225] -> Creating shared instance of singleton bean 'lettuceClientResources'
2026-03-18 00:56:09 [DEBUG] [io.netty.util.internal.logging.InternalLoggerFactory] [useSlf4JLoggerFactory] [63] -> Using SLF4J as the default logging framework
2026-03-18 00:56:09 [DEBUG] [io.lettuce.core.resource.AddressResolverGroupProvider] [<clinit>] [37] -> Starting without optional netty's non-blocking DNS resolver library
2026-03-18 00:56:09 [DEBUG] [io.lettuce.core.resource.DefaultClientResources] [<clinit>] [122] -> -Dio.netty.eventLoopThreads: 8
2026-03-18 00:56:09 [DEBUG] [io.lettuce.core.resource.DefaultEventLoopGroupProvider] [createEventLoopGroup] [231] -> Creating executor io.netty.util.concurrent.DefaultEventExecutorGroup
2026-03-18 00:56:09 [DEBUG] [io.netty.util.concurrent.GlobalEventExecutor] [<clinit>] [53] -> -Dio.netty.globalEventExecutor.quietPeriodSeconds: 1
2026-03-18 00:56:09 [DEBUG] [io.netty.util.internal.InternalThreadLocalMap] [<clinit>] [100] -> -Dio.netty.threadLocalMap.stringBuilder.initialSize: 1024
2026-03-18 00:56:09 [DEBUG] [io.netty.util.internal.InternalThreadLocalMap] [<clinit>] [101] -> -Dio.netty.threadLocalMap.stringBuilder.maxSize: 4096
2026-03-18 00:56:09 [DEBUG] [io.netty.util.ResourceLeakDetector] [<clinit>] [129] -> -Dio.netty.leakDetection.level: simple
2026-03-18 00:56:09 [DEBUG] [io.netty.util.ResourceLeakDetector] [<clinit>] [130] -> -Dio.netty.leakDetection.targetRecords: 4
2026-03-18 00:56:09 [DEBUG] [io.netty.util.ResourceLeakDetectorFactory] [newResourceLeakDetector] [196] -> Loaded default ResourceLeakDetector: io.netty.util.ResourceLeakDetector@39266403
2026-03-18 00:56:09 [DEBUG] [io.netty.util.internal.PlatformDependent0] [explicitNoUnsafeCause0] [515] -> -Dio.netty.noUnsafe: false
2026-03-18 00:56:09 [DEBUG] [io.netty.util.internal.PlatformDependent0] [javaVersion0] [1026] -> Java version: 21
2026-03-18 00:56:09 [DEBUG] [io.netty.util.internal.PlatformDependent0] [<clinit>] [140] -> sun.misc.Unsafe.theUnsafe: available
2026-03-18 00:56:09 [DEBUG] [io.netty.util.internal.PlatformDependent0] [<clinit>] [164] -> sun.misc.Unsafe.copyMemory: available
2026-03-18 00:56:09 [DEBUG] [io.netty.util.internal.PlatformDependent0] [<clinit>] [196] -> sun.misc.Unsafe.storeFence: available
2026-03-18 00:56:09 [DEBUG] [io.netty.util.internal.PlatformDependent0] [<clinit>] [239] -> java.nio.Buffer.address: available
2026-03-18 00:56:09 [DEBUG] [io.netty.util.internal.PlatformDependent0] [<clinit>] [325] -> direct buffer constructor: unavailable: Reflective setAccessible(true) disabled
2026-03-18 00:56:09 [DEBUG] [io.netty.util.internal.PlatformDependent0] [<clinit>] [403] -> java.nio.Bits.unaligned: available, true
2026-03-18 00:56:09 [DEBUG] [io.netty.util.internal.PlatformDependent0] [<clinit>] [471] -> jdk.internal.misc.Unsafe.allocateUninitializedArray(int): unavailable: class io.netty.util.internal.PlatformDependent0$7 cannot access class jdk.internal.misc.Unsafe (in module java.base) because module java.base does not export jdk.internal.misc to unnamed module @12c8a2c0
2026-03-18 00:56:09 [DEBUG] [io.netty.util.internal.PlatformDependent0] [<clinit>] [501] -> java.nio.DirectByteBuffer.<init>(long, {int,long}): unavailable
2026-03-18 00:56:09 [DEBUG] [io.netty.util.internal.PlatformDependent] [unsafeUnavailabilityCause0] [1170] -> sun.misc.Unsafe: available
2026-03-18 00:56:09 [DEBUG] [io.netty.util.internal.PlatformDependent] [tmpdir0] [1316] -> -Dio.netty.tmpdir: C:\Users\qwy27\AppData\Local\Temp (java.io.tmpdir)
2026-03-18 00:56:09 [DEBUG] [io.netty.util.internal.PlatformDependent] [bitMode0] [1395] -> -Dio.netty.bitMode: 64 (sun.arch.data.model)
2026-03-18 00:56:09 [DEBUG] [io.netty.util.internal.PlatformDependent] [isWindows0] [1130] -> Platform: Windows
2026-03-18 00:56:09 [DEBUG] [io.netty.util.internal.PlatformDependent] [<clinit>] [178] -> -Dio.netty.maxDirectMemory: -1 bytes
2026-03-18 00:56:09 [DEBUG] [io.netty.util.internal.PlatformDependent] [<clinit>] [185] -> -Dio.netty.uninitializedArrayAllocationThreshold: -1
2026-03-18 00:56:09 [DEBUG] [io.netty.util.internal.CleanerJava9] [<clinit>] [71] -> java.nio.ByteBuffer.cleaner(): available
2026-03-18 00:56:09 [DEBUG] [io.netty.util.internal.PlatformDependent] [<clinit>] [205] -> -Dio.netty.noPreferDirect: false
2026-03-18 00:56:09 [DEBUG] [io.netty.util.internal.PlatformDependent] [<clinit>] [1013] -> org.jctools-core.MpscChunkedArrayQueue: available
2026-03-18 00:56:09 [DEBUG] [reactor.util.Loggers] [debug] [254] -> Using Slf4j logging framework
2026-03-18 00:56:09 [DEBUG] [io.lettuce.core.event.jfr.EventRecorderHolder] [<clinit>] [47] -> Starting with JFR support
2026-03-18 00:56:09 [DEBUG] [io.lettuce.core.resource.DefaultClientResources] [<init>] [227] -> LatencyUtils/HdrUtils are not available, metrics are disabled
2026-03-18 00:56:09 [DEBUG] [org.springframework.beans.factory.support.DefaultListableBeanFactory] [registerDependentBeans] [945] -> Autowiring by type from bean name 'redisConnectionFactory' via factory method to bean named 'lettuceClientResources'
2026-03-18 00:56:10 [DEBUG] [org.springframework.beans.factory.support.DefaultListableBeanFactory] [registerDependentBeans] [945] -> Autowiring by type from bean name 'redisTemplate' via factory method to bean named 'redisConnectionFactory'
2026-03-18 00:56:10 [DEBUG] [org.springframework.data.convert.CustomConversions] [isSupportedConverter] [349] -> Adding converter from class java.lang.String to class [B as writing converter
2026-03-18 00:56:10 [DEBUG] [org.springframework.data.convert.CustomConversions] [isSupportedConverter] [349] -> Adding converter from class [B to class java.lang.String as reading converter
2026-03-18 00:56:10 [DEBUG] [org.springframework.data.convert.CustomConversions] [isSupportedConverter] [349] -> Adding converter from class java.lang.Number to class [B as writing converter
2026-03-18 00:56:10 [DEBUG] [org.springframework.data.convert.CustomConversions] [isSupportedConverter] [349] -> Adding converter from class [B to class java.lang.Number as reading converter
2026-03-18 00:56:10 [DEBUG] [org.springframework.data.convert.CustomConversions] [isSupportedConverter] [349] -> Adding converter from class java.lang.Enum to class [B as writing converter
2026-03-18 00:56:10 [DEBUG] [org.springframework.data.convert.CustomConversions] [isSupportedConverter] [349] -> Adding converter from class [B to class java.lang.Enum as reading converter
2026-03-18 00:56:10 [DEBUG] [org.springframework.data.convert.CustomConversions] [isSupportedConverter] [349] -> Adding converter from class java.lang.Boolean to class [B as writing converter
2026-03-18 00:56:10 [DEBUG] [org.springframework.data.convert.CustomConversions] [isSupportedConverter] [349] -> Adding converter from class [B to class java.lang.Boolean as reading converter
2026-03-18 00:56:10 [DEBUG] [org.springframework.data.convert.CustomConversions] [isSupportedConverter] [349] -> Adding converter from class java.util.Date to class [B as writing converter
2026-03-18 00:56:10 [DEBUG] [org.springframework.data.convert.CustomConversions] [isSupportedConverter] [349] -> Adding converter from class [B to class java.util.Date as reading converter
2026-03-18 00:56:10 [DEBUG] [org.springframework.data.convert.CustomConversions] [isSupportedConverter] [349] -> Adding converter from class java.util.UUID to class [B as writing converter
2026-03-18 00:56:10 [DEBUG] [org.springframework.data.convert.CustomConversions] [isSupportedConverter] [349] -> Adding converter from class [B to class java.util.UUID as reading converter
2026-03-18 00:56:10 [DEBUG] [org.springframework.data.convert.CustomConversions] [isSupportedConverter] [349] -> Adding converter from class java.time.LocalDateTime to class [B as reading converter
2026-03-18 00:56:10 [DEBUG] [org.springframework.data.convert.CustomConversions] [isSupportedConverter] [349] -> Adding converter from class [B to class java.time.LocalDateTime as reading converter
2026-03-18 00:56:10 [DEBUG] [org.springframework.data.convert.CustomConversions] [isSupportedConverter] [349] -> Adding converter from class java.time.LocalDate to class [B as reading converter
2026-03-18 00:56:10 [DEBUG] [org.springframework.data.convert.CustomConversions] [isSupportedConverter] [349] -> Adding converter from class [B to class java.time.LocalDate as reading converter
2026-03-18 00:56:10 [DEBUG] [org.springframework.data.convert.CustomConversions] [isSupportedConverter] [349] -> Adding converter from class java.time.LocalTime to class [B as reading converter
2026-03-18 00:56:10 [DEBUG] [org.springframework.data.convert.CustomConversions] [isSupportedConverter] [349] -> Adding converter from class [B to class java.time.LocalTime as reading converter
2026-03-18 00:56:10 [DEBUG] [org.springframework.data.convert.CustomConversions] [isSupportedConverter] [349] -> Adding converter from class java.time.ZonedDateTime to class [B as reading converter
2026-03-18 00:56:10 [DEBUG] [org.springframework.data.convert.CustomConversions] [isSupportedConverter] [349] -> Adding converter from class [B to class java.time.ZonedDateTime as reading converter
2026-03-18 00:56:10 [DEBUG] [org.springframework.data.convert.CustomConversions] [isSupportedConverter] [349] -> Adding converter from class java.time.Instant to class [B as reading converter
2026-03-18 00:56:10 [DEBUG] [org.springframework.data.convert.CustomConversions] [isSupportedConverter] [349] -> Adding converter from class [B to class java.time.Instant as reading converter
2026-03-18 00:56:10 [DEBUG] [org.springframework.data.convert.CustomConversions] [isSupportedConverter] [349] -> Adding converter from class java.time.ZoneId to class [B as reading converter
2026-03-18 00:56:10 [DEBUG] [org.springframework.data.convert.CustomConversions] [isSupportedConverter] [349] -> Adding converter from class [B to class java.time.ZoneId as reading converter
2026-03-18 00:56:10 [DEBUG] [org.springframework.data.convert.CustomConversions] [isSupportedConverter] [349] -> Adding converter from class java.time.Period to class [B as reading converter
2026-03-18 00:56:10 [DEBUG] [org.springframework.data.convert.CustomConversions] [isSupportedConverter] [349] -> Adding converter from class [B to class java.time.Period as reading converter
2026-03-18 00:56:10 [DEBUG] [org.springframework.data.convert.CustomConversions] [isSupportedConverter] [349] -> Adding converter from class java.time.Duration to class [B as reading converter
2026-03-18 00:56:10 [DEBUG] [org.springframework.data.convert.CustomConversions] [isSupportedConverter] [349] -> Adding converter from class [B to class java.time.Duration as reading converter
2026-03-18 00:56:10 [DEBUG] [org.springframework.data.convert.CustomConversions] [isSupportedConverter] [349] -> Adding converter from class java.time.OffsetDateTime to class [B as reading converter
2026-03-18 00:56:10 [DEBUG] [org.springframework.data.convert.CustomConversions] [isSupportedConverter] [349] -> Adding converter from class [B to class java.time.OffsetDateTime as reading converter
2026-03-18 00:56:10 [DEBUG] [org.springframework.data.convert.CustomConversions] [isSupportedConverter] [349] -> Adding converter from class java.time.OffsetTime to class [B as reading converter
2026-03-18 00:56:10 [DEBUG] [org.springframework.data.convert.CustomConversions] [isSupportedConverter] [349] -> Adding converter from class [B to class java.time.OffsetTime as reading converter
2026-03-18 00:56:10 [DEBUG] [org.springframework.data.convert.CustomConversions] [isSupportedConverter] [349] -> Adding converter from class java.util.Date to class java.time.LocalDateTime as reading converter
2026-03-18 00:56:10 [DEBUG] [org.springframework.data.convert.CustomConversions] [isSupportedConverter] [349] -> Adding converter from class java.time.LocalDateTime to class java.util.Date as writing converter
2026-03-18 00:56:10 [DEBUG] [org.springframework.data.convert.CustomConversions] [isSupportedConverter] [349] -> Adding converter from class java.util.Date to class java.time.LocalDate as reading converter
2026-03-18 00:56:10 [DEBUG] [org.springframework.data.convert.CustomConversions] [isSupportedConverter] [349] -> Adding converter from class java.time.LocalDate to class java.util.Date as writing converter
2026-03-18 00:56:10 [DEBUG] [org.springframework.data.convert.CustomConversions] [isSupportedConverter] [349] -> Adding converter from class java.util.Date to class java.time.LocalTime as reading converter
2026-03-18 00:56:10 [DEBUG] [org.springframework.data.convert.CustomConversions] [isSupportedConverter] [349] -> Adding converter from class java.time.LocalTime to class java.util.Date as writing converter
2026-03-18 00:56:10 [DEBUG] [org.springframework.data.convert.CustomConversions] [isSupportedConverter] [349] -> Adding converter from class java.util.Date to class java.time.Instant as reading converter
2026-03-18 00:56:10 [DEBUG] [org.springframework.data.convert.CustomConversions] [isSupportedConverter] [349] -> Adding converter from class java.time.Instant to class java.util.Date as writing converter
2026-03-18 00:56:10 [DEBUG] [org.springframework.data.convert.CustomConversions] [isSupportedConverter] [349] -> Adding converter from class java.time.LocalDateTime to class java.time.Instant as reading converter
2026-03-18 00:56:10 [DEBUG] [org.springframework.data.convert.CustomConversions] [isSupportedConverter] [349] -> Adding converter from class java.time.Instant to class java.time.LocalDateTime as reading converter
2026-03-18 00:56:10 [DEBUG] [org.springframework.data.convert.CustomConversions] [isSupportedConverter] [349] -> Adding converter from class java.time.ZoneId to class java.lang.String as writing converter
2026-03-18 00:56:10 [DEBUG] [org.springframework.data.convert.CustomConversions] [isSupportedConverter] [349] -> Adding converter from class java.lang.String to class java.time.ZoneId as reading converter
2026-03-18 00:56:10 [DEBUG] [org.springframework.data.convert.CustomConversions] [isSupportedConverter] [349] -> Adding converter from class java.time.Duration to class java.lang.String as writing converter
2026-03-18 00:56:10 [DEBUG] [org.springframework.data.convert.CustomConversions] [isSupportedConverter] [349] -> Adding converter from class java.lang.String to class java.time.Duration as reading converter
2026-03-18 00:56:10 [DEBUG] [org.springframework.data.convert.CustomConversions] [isSupportedConverter] [349] -> Adding converter from class java.time.Period to class java.lang.String as writing converter
2026-03-18 00:56:10 [DEBUG] [org.springframework.data.convert.CustomConversions] [isSupportedConverter] [349] -> Adding converter from class java.lang.String to class java.time.Period as reading converter
2026-03-18 00:56:10 [DEBUG] [org.springframework.data.convert.CustomConversions] [isSupportedConverter] [349] -> Adding converter from class java.lang.String to class java.time.LocalDate as reading converter
2026-03-18 00:56:10 [DEBUG] [org.springframework.data.convert.CustomConversions] [isSupportedConverter] [349] -> Adding converter from class java.lang.String to class java.time.LocalDateTime as reading converter
2026-03-18 00:56:10 [DEBUG] [org.springframework.data.convert.CustomConversions] [isSupportedConverter] [349] -> Adding converter from class java.lang.String to class java.time.Instant as reading converter
2026-03-18 00:56:10 [DEBUG] [org.springframework.data.convert.CustomConversions] [isSupportedConverter] [349] -> Adding converter from class java.lang.String to class [B as writing converter
2026-03-18 00:56:10 [DEBUG] [org.springframework.data.convert.CustomConversions] [isSupportedConverter] [349] -> Adding converter from class [B to class java.lang.String as reading converter
2026-03-18 00:56:10 [DEBUG] [org.springframework.data.convert.CustomConversions] [isSupportedConverter] [349] -> Adding converter from class java.lang.Number to class [B as writing converter
2026-03-18 00:56:10 [DEBUG] [org.springframework.data.convert.CustomConversions] [isSupportedConverter] [349] -> Adding converter from class [B to class java.lang.Number as reading converter
2026-03-18 00:56:10 [DEBUG] [org.springframework.data.convert.CustomConversions] [isSupportedConverter] [349] -> Adding converter from class java.lang.Enum to class [B as writing converter
2026-03-18 00:56:10 [DEBUG] [org.springframework.data.convert.CustomConversions] [isSupportedConverter] [349] -> Adding converter from class [B to class java.lang.Enum as reading converter
2026-03-18 00:56:10 [DEBUG] [org.springframework.data.convert.CustomConversions] [isSupportedConverter] [349] -> Adding converter from class java.lang.Boolean to class [B as writing converter
2026-03-18 00:56:10 [DEBUG] [org.springframework.data.convert.CustomConversions] [isSupportedConverter] [349] -> Adding converter from class [B to class java.lang.Boolean as reading converter
2026-03-18 00:56:10 [DEBUG] [org.springframework.data.convert.CustomConversions] [isSupportedConverter] [349] -> Adding converter from class java.util.Date to class [B as writing converter
2026-03-18 00:56:10 [DEBUG] [org.springframework.data.convert.CustomConversions] [isSupportedConverter] [349] -> Adding converter from class [B to class java.util.Date as reading converter
2026-03-18 00:56:10 [DEBUG] [org.springframework.data.convert.CustomConversions] [isSupportedConverter] [349] -> Adding converter from class java.util.UUID to class [B as writing converter
2026-03-18 00:56:10 [DEBUG] [org.springframework.data.convert.CustomConversions] [isSupportedConverter] [349] -> Adding converter from class [B to class java.util.UUID as reading converter
2026-03-18 00:56:10 [DEBUG] [org.springframework.data.convert.CustomConversions] [isSupportedConverter] [349] -> Adding converter from class java.time.LocalDateTime to class [B as reading converter
2026-03-18 00:56:10 [DEBUG] [org.springframework.data.convert.CustomConversions] [isSupportedConverter] [349] -> Adding converter from class [B to class java.time.LocalDateTime as reading converter
2026-03-18 00:56:10 [DEBUG] [org.springframework.data.convert.CustomConversions] [isSupportedConverter] [349] -> Adding converter from class java.time.LocalDate to class [B as reading converter
2026-03-18 00:56:10 [DEBUG] [org.springframework.data.convert.CustomConversions] [isSupportedConverter] [349] -> Adding converter from class [B to class java.time.LocalDate as reading converter
2026-03-18 00:56:10 [DEBUG] [org.springframework.data.convert.CustomConversions] [isSupportedConverter] [349] -> Adding converter from class java.time.LocalTime to class [B as reading converter
2026-03-18 00:56:10 [DEBUG] [org.springframework.data.convert.CustomConversions] [isSupportedConverter] [349] -> Adding converter from class [B to class java.time.LocalTime as reading converter
2026-03-18 00:56:10 [DEBUG] [org.springframework.data.convert.CustomConversions] [isSupportedConverter] [349] -> Adding converter from class java.time.ZonedDateTime to class [B as reading converter
2026-03-18 00:56:10 [DEBUG] [org.springframework.data.convert.CustomConversions] [isSupportedConverter] [349] -> Adding converter from class [B to class java.time.ZonedDateTime as reading converter
2026-03-18 00:56:10 [DEBUG] [org.springframework.data.convert.CustomConversions] [isSupportedConverter] [349] -> Adding converter from class java.time.Instant to class [B as reading converter
2026-03-18 00:56:10 [DEBUG] [org.springframework.data.convert.CustomConversions] [isSupportedConverter] [349] -> Adding converter from class [B to class java.time.Instant as reading converter
2026-03-18 00:56:10 [DEBUG] [org.springframework.data.convert.CustomConversions] [isSupportedConverter] [349] -> Adding converter from class java.time.ZoneId to class [B as reading converter
2026-03-18 00:56:10 [DEBUG] [org.springframework.data.convert.CustomConversions] [isSupportedConverter] [349] -> Adding converter from class [B to class java.time.ZoneId as reading converter
2026-03-18 00:56:10 [DEBUG] [org.springframework.data.convert.CustomConversions] [isSupportedConverter] [349] -> Adding converter from class java.time.Period to class [B as reading converter
2026-03-18 00:56:10 [DEBUG] [org.springframework.data.convert.CustomConversions] [isSupportedConverter] [349] -> Adding converter from class [B to class java.time.Period as reading converter
2026-03-18 00:56:10 [DEBUG] [org.springframework.data.convert.CustomConversions] [isSupportedConverter] [349] -> Adding converter from class java.time.Duration to class [B as reading converter
2026-03-18 00:56:10 [DEBUG] [org.springframework.data.convert.CustomConversions] [isSupportedConverter] [349] -> Adding converter from class [B to class java.time.Duration as reading converter
2026-03-18 00:56:10 [DEBUG] [org.springframework.data.convert.CustomConversions] [isSupportedConverter] [349] -> Adding converter from class java.time.OffsetDateTime to class [B as reading converter
2026-03-18 00:56:10 [DEBUG] [org.springframework.data.convert.CustomConversions] [isSupportedConverter] [349] -> Adding converter from class [B to class java.time.OffsetDateTime as reading converter
2026-03-18 00:56:10 [DEBUG] [org.springframework.data.convert.CustomConversions] [isSupportedConverter] [349] -> Adding converter from class java.time.OffsetTime to class [B as reading converter
2026-03-18 00:56:10 [DEBUG] [org.springframework.data.convert.CustomConversions] [isSupportedConverter] [349] -> Adding converter from class [B to class java.time.OffsetTime as reading converter
2026-03-18 00:56:10 [DEBUG] [org.springframework.data.convert.CustomConversions] [isSupportedConverter] [349] -> Adding converter from class java.util.Date to class java.time.LocalDateTime as reading converter
2026-03-18 00:56:10 [DEBUG] [org.springframework.data.convert.CustomConversions] [isSupportedConverter] [349] -> Adding converter from class java.time.LocalDateTime to class java.util.Date as writing converter
2026-03-18 00:56:10 [DEBUG] [org.springframework.data.convert.CustomConversions] [isSupportedConverter] [349] -> Adding converter from class java.util.Date to class java.time.LocalDate as reading converter
2026-03-18 00:56:10 [DEBUG] [org.springframework.data.convert.CustomConversions] [isSupportedConverter] [349] -> Adding converter from class java.time.LocalDate to class java.util.Date as writing converter
2026-03-18 00:56:10 [DEBUG] [org.springframework.data.convert.CustomConversions] [isSupportedConverter] [349] -> Adding converter from class java.util.Date to class java.time.LocalTime as reading converter
2026-03-18 00:56:10 [DEBUG] [org.springframework.data.convert.CustomConversions] [isSupportedConverter] [349] -> Adding converter from class java.time.LocalTime to class java.util.Date as writing converter
2026-03-18 00:56:10 [DEBUG] [org.springframework.data.convert.CustomConversions] [isSupportedConverter] [349] -> Adding converter from class java.util.Date to class java.time.Instant as reading converter
2026-03-18 00:56:10 [DEBUG] [org.springframework.data.convert.CustomConversions] [isSupportedConverter] [349] -> Adding converter from class java.time.Instant to class java.util.Date as writing converter
2026-03-18 00:56:10 [DEBUG] [org.springframework.data.convert.CustomConversions] [isSupportedConverter] [349] -> Adding converter from class java.time.LocalDateTime to class java.time.Instant as reading converter
2026-03-18 00:56:10 [DEBUG] [org.springframework.data.convert.CustomConversions] [isSupportedConverter] [349] -> Adding converter from class java.time.Instant to class java.time.LocalDateTime as reading converter
2026-03-18 00:56:10 [DEBUG] [org.springframework.data.convert.CustomConversions] [isSupportedConverter] [349] -> Adding converter from class java.time.ZoneId to class java.lang.String as writing converter
2026-03-18 00:56:10 [DEBUG] [org.springframework.data.convert.CustomConversions] [isSupportedConverter] [349] -> Adding converter from class java.lang.String to class java.time.ZoneId as reading converter
2026-03-18 00:56:10 [DEBUG] [org.springframework.data.convert.CustomConversions] [isSupportedConverter] [349] -> Adding converter from class java.time.Duration to class java.lang.String as writing converter
2026-03-18 00:56:10 [DEBUG] [org.springframework.data.convert.CustomConversions] [isSupportedConverter] [349] -> Adding converter from class java.lang.String to class java.time.Duration as reading converter
2026-03-18 00:56:10 [DEBUG] [org.springframework.data.convert.CustomConversions] [isSupportedConverter] [349] -> Adding converter from class java.time.Period to class java.lang.String as writing converter
2026-03-18 00:56:10 [DEBUG] [org.springframework.data.convert.CustomConversions] [isSupportedConverter] [349] -> Adding converter from class java.lang.String to class java.time.Period as reading converter
2026-03-18 00:56:10 [DEBUG] [org.springframework.data.convert.CustomConversions] [isSupportedConverter] [349] -> Adding converter from class java.lang.String to class java.time.LocalDate as reading converter
2026-03-18 00:56:10 [DEBUG] [org.springframework.data.convert.CustomConversions] [isSupportedConverter] [349] -> Adding converter from class java.lang.String to class java.time.LocalDateTime as reading converter
2026-03-18 00:56:10 [DEBUG] [org.springframework.data.convert.CustomConversions] [isSupportedConverter] [349] -> Adding converter from class java.lang.String to class java.time.Instant as reading converter
2026-03-18 00:56:10 [DEBUG] [org.springframework.data.convert.CustomConversions] [isSupportedConverter] [349] -> Adding converter from class java.lang.String to class [B as writing converter
2026-03-18 00:56:10 [DEBUG] [org.springframework.data.convert.CustomConversions] [isSupportedConverter] [349] -> Adding converter from class [B to class java.lang.String as reading converter
2026-03-18 00:56:10 [DEBUG] [org.springframework.data.convert.CustomConversions] [isSupportedConverter] [349] -> Adding converter from class java.lang.Number to class [B as writing converter
2026-03-18 00:56:10 [DEBUG] [org.springframework.data.convert.CustomConversions] [isSupportedConverter] [349] -> Adding converter from class [B to class java.lang.Number as reading converter
2026-03-18 00:56:10 [DEBUG] [org.springframework.data.convert.CustomConversions] [isSupportedConverter] [349] -> Adding converter from class java.lang.Enum to class [B as writing converter
2026-03-18 00:56:10 [DEBUG] [org.springframework.data.convert.CustomConversions] [isSupportedConverter] [349] -> Adding converter from class [B to class java.lang.Enum as reading converter
2026-03-18 00:56:10 [DEBUG] [org.springframework.data.convert.CustomConversions] [isSupportedConverter] [349] -> Adding converter from class java.lang.Boolean to class [B as writing converter
2026-03-18 00:56:10 [DEBUG] [org.springframework.data.convert.CustomConversions] [isSupportedConverter] [349] -> Adding converter from class [B to class java.lang.Boolean as reading converter
2026-03-18 00:56:10 [DEBUG] [org.springframework.data.convert.CustomConversions] [isSupportedConverter] [349] -> Adding converter from class java.util.Date to class [B as writing converter
2026-03-18 00:56:10 [DEBUG] [org.springframework.data.convert.CustomConversions] [isSupportedConverter] [349] -> Adding converter from class [B to class java.util.Date as reading converter
2026-03-18 00:56:10 [DEBUG] [org.springframework.data.convert.CustomConversions] [isSupportedConverter] [349] -> Adding converter from class java.util.UUID to class [B as writing converter
2026-03-18 00:56:10 [DEBUG] [org.springframework.data.convert.CustomConversions] [isSupportedConverter] [349] -> Adding converter from class [B to class java.util.UUID as reading converter
2026-03-18 00:56:10 [DEBUG] [org.springframework.data.convert.CustomConversions] [isSupportedConverter] [349] -> Adding converter from class java.time.LocalDateTime to class [B as reading converter
2026-03-18 00:56:10 [DEBUG] [org.springframework.data.convert.CustomConversions] [isSupportedConverter] [349] -> Adding converter from class [B to class java.time.LocalDateTime as reading converter
2026-03-18 00:56:10 [DEBUG] [org.springframework.data.convert.CustomConversions] [isSupportedConverter] [349] -> Adding converter from class java.time.LocalDate to class [B as reading converter
2026-03-18 00:56:10 [DEBUG] [org.springframework.data.convert.CustomConversions] [isSupportedConverter] [349] -> Adding converter from class [B to class java.time.LocalDate as reading converter
2026-03-18 00:56:10 [DEBUG] [org.springframework.data.convert.CustomConversions] [isSupportedConverter] [349] -> Adding converter from class java.time.LocalTime to class [B as reading converter
2026-03-18 00:56:10 [DEBUG] [org.springframework.data.convert.CustomConversions] [isSupportedConverter] [349] -> Adding converter from class [B to class java.time.LocalTime as reading converter
2026-03-18 00:56:10 [DEBUG] [org.springframework.data.convert.CustomConversions] [isSupportedConverter] [349] -> Adding converter from class java.time.ZonedDateTime to class [B as reading converter
2026-03-18 00:56:10 [DEBUG] [org.springframework.data.convert.CustomConversions] [isSupportedConverter] [349] -> Adding converter from class [B to class java.time.ZonedDateTime as reading converter
2026-03-18 00:56:10 [DEBUG] [org.springframework.data.convert.CustomConversions] [isSupportedConverter] [349] -> Adding converter from class java.time.Instant to class [B as reading converter
2026-03-18 00:56:10 [DEBUG] [org.springframework.data.convert.CustomConversions] [isSupportedConverter] [349] -> Adding converter from class [B to class java.time.Instant as reading converter
2026-03-18 00:56:10 [DEBUG] [org.springframework.data.convert.CustomConversions] [isSupportedConverter] [349] -> Adding converter from class java.time.ZoneId to class [B as reading converter
2026-03-18 00:56:10 [DEBUG] [org.springframework.data.convert.CustomConversions] [isSupportedConverter] [349] -> Adding converter from class [B to class java.time.ZoneId as reading converter
2026-03-18 00:56:10 [DEBUG] [org.springframework.data.convert.CustomConversions] [isSupportedConverter] [349] -> Adding converter from class java.time.Period to class [B as reading converter
2026-03-18 00:56:10 [DEBUG] [org.springframework.data.convert.CustomConversions] [isSupportedConverter] [349] -> Adding converter from class [B to class java.time.Period as reading converter
2026-03-18 00:56:10 [DEBUG] [org.springframework.data.convert.CustomConversions] [isSupportedConverter] [349] -> Adding converter from class java.time.Duration to class [B as reading converter
2026-03-18 00:56:10 [DEBUG] [org.springframework.data.convert.CustomConversions] [isSupportedConverter] [349] -> Adding converter from class [B to class java.time.Duration as reading converter
2026-03-18 00:56:10 [DEBUG] [org.springframework.data.convert.CustomConversions] [isSupportedConverter] [349] -> Adding converter from class java.time.OffsetDateTime to class [B as reading converter
2026-03-18 00:56:10 [DEBUG] [org.springframework.data.convert.CustomConversions] [isSupportedConverter] [349] -> Adding converter from class [B to class java.time.OffsetDateTime as reading converter
2026-03-18 00:56:10 [DEBUG] [org.springframework.data.convert.CustomConversions] [isSupportedConverter] [349] -> Adding converter from class java.time.OffsetTime to class [B as reading converter
2026-03-18 00:56:10 [DEBUG] [org.springframework.data.convert.CustomConversions] [isSupportedConverter] [349] -> Adding converter from class [B to class java.time.OffsetTime as reading converter
2026-03-18 00:56:10 [DEBUG] [org.springframework.data.convert.CustomConversions] [isSupportedConverter] [349] -> Adding converter from class java.util.Date to class java.time.LocalDateTime as reading converter
2026-03-18 00:56:10 [DEBUG] [org.springframework.data.convert.CustomConversions] [isSupportedConverter] [349] -> Adding converter from class java.time.LocalDateTime to class java.util.Date as writing converter
2026-03-18 00:56:10 [DEBUG] [org.springframework.data.convert.CustomConversions] [isSupportedConverter] [349] -> Adding converter from class java.util.Date to class java.time.LocalDate as reading converter
2026-03-18 00:56:10 [DEBUG] [org.springframework.data.convert.CustomConversions] [isSupportedConverter] [349] -> Adding converter from class java.time.LocalDate to class java.util.Date as writing converter
2026-03-18 00:56:10 [DEBUG] [org.springframework.data.convert.CustomConversions] [isSupportedConverter] [349] -> Adding converter from class java.util.Date to class java.time.LocalTime as reading converter
2026-03-18 00:56:10 [DEBUG] [org.springframework.data.convert.CustomConversions] [isSupportedConverter] [349] -> Adding converter from class java.time.LocalTime to class java.util.Date as writing converter
2026-03-18 00:56:10 [DEBUG] [org.springframework.data.convert.CustomConversions] [isSupportedConverter] [349] -> Adding converter from class java.util.Date to class java.time.Instant as reading converter
2026-03-18 00:56:10 [DEBUG] [org.springframework.data.convert.CustomConversions] [isSupportedConverter] [349] -> Adding converter from class java.time.Instant to class java.util.Date as writing converter
2026-03-18 00:56:10 [DEBUG] [org.springframework.data.convert.CustomConversions] [isSupportedConverter] [349] -> Adding converter from class java.time.LocalDateTime to class java.time.Instant as reading converter
2026-03-18 00:56:10 [DEBUG] [org.springframework.data.convert.CustomConversions] [isSupportedConverter] [349] -> Adding converter from class java.time.Instant to class java.time.LocalDateTime as reading converter
2026-03-18 00:56:10 [DEBUG] [org.springframework.data.convert.CustomConversions] [isSupportedConverter] [349] -> Adding converter from class java.time.ZoneId to class java.lang.String as writing converter
2026-03-18 00:56:10 [DEBUG] [org.springframework.data.convert.CustomConversions] [isSupportedConverter] [349] -> Adding converter from class java.lang.String to class java.time.ZoneId as reading converter
2026-03-18 00:56:10 [DEBUG] [org.springframework.data.convert.CustomConversions] [isSupportedConverter] [349] -> Adding converter from class java.time.Duration to class java.lang.String as writing converter
2026-03-18 00:56:10 [DEBUG] [org.springframework.data.convert.CustomConversions] [isSupportedConverter] [349] -> Adding converter from class java.lang.String to class java.time.Duration as reading converter
2026-03-18 00:56:10 [DEBUG] [org.springframework.data.convert.CustomConversions] [isSupportedConverter] [349] -> Adding converter from class java.time.Period to class java.lang.String as writing converter
2026-03-18 00:56:10 [DEBUG] [org.springframework.data.convert.CustomConversions] [isSupportedConverter] [349] -> Adding converter from class java.lang.String to class java.time.Period as reading converter
2026-03-18 00:56:10 [DEBUG] [org.springframework.data.convert.CustomConversions] [isSupportedConverter] [349] -> Adding converter from class java.lang.String to class java.time.LocalDate as reading converter
2026-03-18 00:56:10 [DEBUG] [org.springframework.data.convert.CustomConversions] [isSupportedConverter] [349] -> Adding converter from class java.lang.String to class java.time.LocalDateTime as reading converter
2026-03-18 00:56:10 [DEBUG] [org.springframework.data.convert.CustomConversions] [isSupportedConverter] [349] -> Adding converter from class java.lang.String to class java.time.Instant as reading converter
2026-03-18 00:56:10 [DEBUG] [org.springframework.data.convert.CustomConversions] [isSupportedConverter] [349] -> Adding converter from class java.lang.String to class [B as writing converter
2026-03-18 00:56:10 [DEBUG] [org.springframework.data.convert.CustomConversions] [isSupportedConverter] [349] -> Adding converter from class [B to class java.lang.String as reading converter
2026-03-18 00:56:10 [DEBUG] [org.springframework.data.convert.CustomConversions] [isSupportedConverter] [349] -> Adding converter from class java.lang.Number to class [B as writing converter
2026-03-18 00:56:10 [DEBUG] [org.springframework.data.convert.CustomConversions] [isSupportedConverter] [349] -> Adding converter from class [B to class java.lang.Number as reading converter
2026-03-18 00:56:10 [DEBUG] [org.springframework.data.convert.CustomConversions] [isSupportedConverter] [349] -> Adding converter from class java.lang.Enum to class [B as writing converter
2026-03-18 00:56:10 [DEBUG] [org.springframework.data.convert.CustomConversions] [isSupportedConverter] [349] -> Adding converter from class [B to class java.lang.Enum as reading converter
2026-03-18 00:56:10 [DEBUG] [org.springframework.data.convert.CustomConversions] [isSupportedConverter] [349] -> Adding converter from class java.lang.Boolean to class [B as writing converter
2026-03-18 00:56:10 [DEBUG] [org.springframework.data.convert.CustomConversions] [isSupportedConverter] [349] -> Adding converter from class [B to class java.lang.Boolean as reading converter
2026-03-18 00:56:10 [DEBUG] [org.springframework.data.convert.CustomConversions] [isSupportedConverter] [349] -> Adding converter from class java.util.Date to class [B as writing converter
2026-03-18 00:56:10 [DEBUG] [org.springframework.data.convert.CustomConversions] [isSupportedConverter] [349] -> Adding converter from class [B to class java.util.Date as reading converter
2026-03-18 00:56:10 [DEBUG] [org.springframework.data.convert.CustomConversions] [isSupportedConverter] [349] -> Adding converter from class java.util.UUID to class [B as writing converter
2026-03-18 00:56:10 [DEBUG] [org.springframework.data.convert.CustomConversions] [isSupportedConverter] [349] -> Adding converter from class [B to class java.util.UUID as reading converter
2026-03-18 00:56:10 [DEBUG] [org.springframework.data.convert.CustomConversions] [isSupportedConverter] [349] -> Adding converter from class java.time.LocalDateTime to class [B as reading converter
2026-03-18 00:56:10 [DEBUG] [org.springframework.data.convert.CustomConversions] [isSupportedConverter] [349] -> Adding converter from class [B to class java.time.LocalDateTime as reading converter
2026-03-18 00:56:10 [DEBUG] [org.springframework.data.convert.CustomConversions] [isSupportedConverter] [349] -> Adding converter from class java.time.LocalDate to class [B as reading converter
2026-03-18 00:56:10 [DEBUG] [org.springframework.data.convert.CustomConversions] [isSupportedConverter] [349] -> Adding converter from class [B to class java.time.LocalDate as reading converter
2026-03-18 00:56:10 [DEBUG] [org.springframework.data.convert.CustomConversions] [isSupportedConverter] [349] -> Adding converter from class java.time.LocalTime to class [B as reading converter
2026-03-18 00:56:10 [DEBUG] [org.springframework.data.convert.CustomConversions] [isSupportedConverter] [349] -> Adding converter from class [B to class java.time.LocalTime as reading converter
2026-03-18 00:56:10 [DEBUG] [org.springframework.data.convert.CustomConversions] [isSupportedConverter] [349] -> Adding converter from class java.time.ZonedDateTime to class [B as reading converter
2026-03-18 00:56:10 [DEBUG] [org.springframework.data.convert.CustomConversions] [isSupportedConverter] [349] -> Adding converter from class [B to class java.time.ZonedDateTime as reading converter
2026-03-18 00:56:10 [DEBUG] [org.springframework.data.convert.CustomConversions] [isSupportedConverter] [349] -> Adding converter from class java.time.Instant to class [B as reading converter
2026-03-18 00:56:10 [DEBUG] [org.springframework.data.convert.CustomConversions] [isSupportedConverter] [349] -> Adding converter from class [B to class java.time.Instant as reading converter
2026-03-18 00:56:10 [DEBUG] [org.springframework.data.convert.CustomConversions] [isSupportedConverter] [349] -> Adding converter from class java.time.ZoneId to class [B as reading converter
2026-03-18 00:56:10 [DEBUG] [org.springframework.data.convert.CustomConversions] [isSupportedConverter] [349] -> Adding converter from class [B to class java.time.ZoneId as reading converter
2026-03-18 00:56:10 [DEBUG] [org.springframework.data.convert.CustomConversions] [isSupportedConverter] [349] -> Adding converter from class java.time.Period to class [B as reading converter
2026-03-18 00:56:10 [DEBUG] [org.springframework.data.convert.CustomConversions] [isSupportedConverter] [349] -> Adding converter from class [B to class java.time.Period as reading converter
2026-03-18 00:56:10 [DEBUG] [org.springframework.data.convert.CustomConversions] [isSupportedConverter] [349] -> Adding converter from class java.time.Duration to class [B as reading converter
2026-03-18 00:56:10 [DEBUG] [org.springframework.data.convert.CustomConversions] [isSupportedConverter] [349] -> Adding converter from class [B to class java.time.Duration as reading converter
2026-03-18 00:56:10 [DEBUG] [org.springframework.data.convert.CustomConversions] [isSupportedConverter] [349] -> Adding converter from class java.time.OffsetDateTime to class [B as reading converter
2026-03-18 00:56:10 [DEBUG] [org.springframework.data.convert.CustomConversions] [isSupportedConverter] [349] -> Adding converter from class [B to class java.time.OffsetDateTime as reading converter
2026-03-18 00:56:10 [DEBUG] [org.springframework.data.convert.CustomConversions] [isSupportedConverter] [349] -> Adding converter from class java.time.OffsetTime to class [B as reading converter
2026-03-18 00:56:10 [DEBUG] [org.springframework.data.convert.CustomConversions] [isSupportedConverter] [349] -> Adding converter from class [B to class java.time.OffsetTime as reading converter
2026-03-18 00:56:10 [DEBUG] [org.springframework.data.convert.CustomConversions] [isSupportedConverter] [349] -> Adding converter from class java.util.Date to class java.time.LocalDateTime as reading converter
2026-03-18 00:56:10 [DEBUG] [org.springframework.data.convert.CustomConversions] [isSupportedConverter] [349] -> Adding converter from class java.time.LocalDateTime to class java.util.Date as writing converter
2026-03-18 00:56:10 [DEBUG] [org.springframework.data.convert.CustomConversions] [isSupportedConverter] [349] -> Adding converter from class java.util.Date to class java.time.LocalDate as reading converter
2026-03-18 00:56:10 [DEBUG] [org.springframework.data.convert.CustomConversions] [isSupportedConverter] [349] -> Adding converter from class java.time.LocalDate to class java.util.Date as writing converter
2026-03-18 00:56:10 [DEBUG] [org.springframework.data.convert.CustomConversions] [isSupportedConverter] [349] -> Adding converter from class java.util.Date to class java.time.LocalTime as reading converter
2026-03-18 00:56:10 [DEBUG] [org.springframework.data.convert.CustomConversions] [isSupportedConverter] [349] -> Adding converter from class java.time.LocalTime to class java.util.Date as writing converter
2026-03-18 00:56:10 [DEBUG] [org.springframework.data.convert.CustomConversions] [isSupportedConverter] [349] -> Adding converter from class java.util.Date to class java.time.Instant as reading converter
2026-03-18 00:56:10 [DEBUG] [org.springframework.data.convert.CustomConversions] [isSupportedConverter] [349] -> Adding converter from class java.time.Instant to class java.util.Date as writing converter
2026-03-18 00:56:10 [DEBUG] [org.springframework.data.convert.CustomConversions] [isSupportedConverter] [349] -> Adding converter from class java.time.LocalDateTime to class java.time.Instant as reading converter
2026-03-18 00:56:10 [DEBUG] [org.springframework.data.convert.CustomConversions] [isSupportedConverter] [349] -> Adding converter from class java.time.Instant to class java.time.LocalDateTime as reading converter
2026-03-18 00:56:10 [DEBUG] [org.springframework.data.convert.CustomConversions] [isSupportedConverter] [349] -> Adding converter from class java.time.ZoneId to class java.lang.String as writing converter
2026-03-18 00:56:10 [DEBUG] [org.springframework.data.convert.CustomConversions] [isSupportedConverter] [349] -> Adding converter from class java.lang.String to class java.time.ZoneId as reading converter
2026-03-18 00:56:10 [DEBUG] [org.springframework.data.convert.CustomConversions] [isSupportedConverter] [349] -> Adding converter from class java.time.Duration to class java.lang.String as writing converter
2026-03-18 00:56:10 [DEBUG] [org.springframework.data.convert.CustomConversions] [isSupportedConverter] [349] -> Adding converter from class java.lang.String to class java.time.Duration as reading converter
2026-03-18 00:56:10 [DEBUG] [org.springframework.data.convert.CustomConversions] [isSupportedConverter] [349] -> Adding converter from class java.time.Period to class java.lang.String as writing converter
2026-03-18 00:56:10 [DEBUG] [org.springframework.data.convert.CustomConversions] [isSupportedConverter] [349] -> Adding converter from class java.lang.String to class java.time.Period as reading converter
2026-03-18 00:56:10 [DEBUG] [org.springframework.data.convert.CustomConversions] [isSupportedConverter] [349] -> Adding converter from class java.lang.String to class java.time.LocalDate as reading converter
2026-03-18 00:56:10 [DEBUG] [org.springframework.data.convert.CustomConversions] [isSupportedConverter] [349] -> Adding converter from class java.lang.String to class java.time.LocalDateTime as reading converter
2026-03-18 00:56:10 [DEBUG] [org.springframework.data.convert.CustomConversions] [isSupportedConverter] [349] -> Adding converter from class java.lang.String to class java.time.Instant as reading converter
2026-03-18 00:56:10 [DEBUG] [org.springframework.data.convert.CustomConversions] [isSupportedConverter] [349] -> Adding converter from class java.lang.String to class [B as writing converter
2026-03-18 00:56:10 [DEBUG] [org.springframework.data.convert.CustomConversions] [isSupportedConverter] [349] -> Adding converter from class [B to class java.lang.String as reading converter
2026-03-18 00:56:10 [DEBUG] [org.springframework.data.convert.CustomConversions] [isSupportedConverter] [349] -> Adding converter from class java.lang.Number to class [B as writing converter
2026-03-18 00:56:10 [DEBUG] [org.springframework.data.convert.CustomConversions] [isSupportedConverter] [349] -> Adding converter from class [B to class java.lang.Number as reading converter
2026-03-18 00:56:10 [DEBUG] [org.springframework.data.convert.CustomConversions] [isSupportedConverter] [349] -> Adding converter from class java.lang.Enum to class [B as writing converter
2026-03-18 00:56:10 [DEBUG] [org.springframework.data.convert.CustomConversions] [isSupportedConverter] [349] -> Adding converter from class [B to class java.lang.Enum as reading converter
2026-03-18 00:56:10 [DEBUG] [org.springframework.data.convert.CustomConversions] [isSupportedConverter] [349] -> Adding converter from class java.lang.Boolean to class [B as writing converter
2026-03-18 00:56:10 [DEBUG] [org.springframework.data.convert.CustomConversions] [isSupportedConverter] [349] -> Adding converter from class [B to class java.lang.Boolean as reading converter
2026-03-18 00:56:10 [DEBUG] [org.springframework.data.convert.CustomConversions] [isSupportedConverter] [349] -> Adding converter from class java.util.Date to class [B as writing converter
2026-03-18 00:56:10 [DEBUG] [org.springframework.data.convert.CustomConversions] [isSupportedConverter] [349] -> Adding converter from class [B to class java.util.Date as reading converter
2026-03-18 00:56:10 [DEBUG] [org.springframework.data.convert.CustomConversions] [isSupportedConverter] [349] -> Adding converter from class java.util.UUID to class [B as writing converter
2026-03-18 00:56:10 [DEBUG] [org.springframework.data.convert.CustomConversions] [isSupportedConverter] [349] -> Adding converter from class [B to class java.util.UUID as reading converter
2026-03-18 00:56:10 [DEBUG] [org.springframework.data.convert.CustomConversions] [isSupportedConverter] [349] -> Adding converter from class java.time.LocalDateTime to class [B as reading converter
2026-03-18 00:56:10 [DEBUG] [org.springframework.data.convert.CustomConversions] [isSupportedConverter] [349] -> Adding converter from class [B to class java.time.LocalDateTime as reading converter
2026-03-18 00:56:10 [DEBUG] [org.springframework.data.convert.CustomConversions] [isSupportedConverter] [349] -> Adding converter from class java.time.LocalDate to class [B as reading converter
2026-03-18 00:56:10 [DEBUG] [org.springframework.data.convert.CustomConversions] [isSupportedConverter] [349] -> Adding converter from class [B to class java.time.LocalDate as reading converter
2026-03-18 00:56:10 [DEBUG] [org.springframework.data.convert.CustomConversions] [isSupportedConverter] [349] -> Adding converter from class java.time.LocalTime to class [B as reading converter
2026-03-18 00:56:10 [DEBUG] [org.springframework.data.convert.CustomConversions] [isSupportedConverter] [349] -> Adding converter from class [B to class java.time.LocalTime as reading converter
2026-03-18 00:56:10 [DEBUG] [org.springframework.data.convert.CustomConversions] [isSupportedConverter] [349] -> Adding converter from class java.time.ZonedDateTime to class [B as reading converter
2026-03-18 00:56:10 [DEBUG] [org.springframework.data.convert.CustomConversions] [isSupportedConverter] [349] -> Adding converter from class [B to class java.time.ZonedDateTime as reading converter
2026-03-18 00:56:10 [DEBUG] [org.springframework.data.convert.CustomConversions] [isSupportedConverter] [349] -> Adding converter from class java.time.Instant to class [B as reading converter
2026-03-18 00:56:10 [DEBUG] [org.springframework.data.convert.CustomConversions] [isSupportedConverter] [349] -> Adding converter from class [B to class java.time.Instant as reading converter
2026-03-18 00:56:10 [DEBUG] [org.springframework.data.convert.CustomConversions] [isSupportedConverter] [349] -> Adding converter from class java.time.ZoneId to class [B as reading converter
2026-03-18 00:56:10 [DEBUG] [org.springframework.data.convert.CustomConversions] [isSupportedConverter] [349] -> Adding converter from class [B to class java.time.ZoneId as reading converter
2026-03-18 00:56:10 [DEBUG] [org.springframework.data.convert.CustomConversions] [isSupportedConverter] [349] -> Adding converter from class java.time.Period to class [B as reading converter
2026-03-18 00:56:10 [DEBUG] [org.springframework.data.convert.CustomConversions] [isSupportedConverter] [349] -> Adding converter from class [B to class java.time.Period as reading converter
2026-03-18 00:56:10 [DEBUG] [org.springframework.data.convert.CustomConversions] [isSupportedConverter] [349] -> Adding converter from class java.time.Duration to class [B as reading converter
2026-03-18 00:56:10 [DEBUG] [org.springframework.data.convert.CustomConversions] [isSupportedConverter] [349] -> Adding converter from class [B to class java.time.Duration as reading converter
2026-03-18 00:56:10 [DEBUG] [org.springframework.data.convert.CustomConversions] [isSupportedConverter] [349] -> Adding converter from class java.time.OffsetDateTime to class [B as reading converter
2026-03-18 00:56:10 [DEBUG] [org.springframework.data.convert.CustomConversions] [isSupportedConverter] [349] -> Adding converter from class [B to class java.time.OffsetDateTime as reading converter
2026-03-18 00:56:10 [DEBUG] [org.springframework.data.convert.CustomConversions] [isSupportedConverter] [349] -> Adding converter from class java.time.OffsetTime to class [B as reading converter
2026-03-18 00:56:10 [DEBUG] [org.springframework.data.convert.CustomConversions] [isSupportedConverter] [349] -> Adding converter from class [B to class java.time.OffsetTime as reading converter
2026-03-18 00:56:10 [DEBUG] [org.springframework.data.convert.CustomConversions] [isSupportedConverter] [349] -> Adding converter from class java.util.Date to class java.time.LocalDateTime as reading converter
2026-03-18 00:56:10 [DEBUG] [org.springframework.data.convert.CustomConversions] [isSupportedConverter] [349] -> Adding converter from class java.time.LocalDateTime to class java.util.Date as writing converter
2026-03-18 00:56:10 [DEBUG] [org.springframework.data.convert.CustomConversions] [isSupportedConverter] [349] -> Adding converter from class java.util.Date to class java.time.LocalDate as reading converter
2026-03-18 00:56:10 [DEBUG] [org.springframework.data.convert.CustomConversions] [isSupportedConverter] [349] -> Adding converter from class java.time.LocalDate to class java.util.Date as writing converter
2026-03-18 00:56:10 [DEBUG] [org.springframework.data.convert.CustomConversions] [isSupportedConverter] [349] -> Adding converter from class java.util.Date to class java.time.LocalTime as reading converter
2026-03-18 00:56:10 [DEBUG] [org.springframework.data.convert.CustomConversions] [isSupportedConverter] [349] -> Adding converter from class java.time.LocalTime to class java.util.Date as writing converter
2026-03-18 00:56:10 [DEBUG] [org.springframework.data.convert.CustomConversions] [isSupportedConverter] [349] -> Adding converter from class java.util.Date to class java.time.Instant as reading converter
2026-03-18 00:56:10 [DEBUG] [org.springframework.data.convert.CustomConversions] [isSupportedConverter] [349] -> Adding converter from class java.time.Instant to class java.util.Date as writing converter
2026-03-18 00:56:10 [DEBUG] [org.springframework.data.convert.CustomConversions] [isSupportedConverter] [349] -> Adding converter from class java.time.LocalDateTime to class java.time.Instant as reading converter
2026-03-18 00:56:10 [DEBUG] [org.springframework.data.convert.CustomConversions] [isSupportedConverter] [349] -> Adding converter from class java.time.Instant to class java.time.LocalDateTime as reading converter
2026-03-18 00:56:10 [DEBUG] [org.springframework.data.convert.CustomConversions] [isSupportedConverter] [349] -> Adding converter from class java.time.ZoneId to class java.lang.String as writing converter
2026-03-18 00:56:10 [DEBUG] [org.springframework.data.convert.CustomConversions] [isSupportedConverter] [349] -> Adding converter from class java.lang.String to class java.time.ZoneId as reading converter
2026-03-18 00:56:10 [DEBUG] [org.springframework.data.convert.CustomConversions] [isSupportedConverter] [349] -> Adding converter from class java.time.Duration to class java.lang.String as writing converter
2026-03-18 00:56:10 [DEBUG] [org.springframework.data.convert.CustomConversions] [isSupportedConverter] [349] -> Adding converter from class java.lang.String to class java.time.Duration as reading converter
2026-03-18 00:56:10 [DEBUG] [org.springframework.data.convert.CustomConversions] [isSupportedConverter] [349] -> Adding converter from class java.time.Period to class java.lang.String as writing converter
2026-03-18 00:56:10 [DEBUG] [org.springframework.data.convert.CustomConversions] [isSupportedConverter] [349] -> Adding converter from class java.lang.String to class java.time.Period as reading converter
2026-03-18 00:56:10 [DEBUG] [org.springframework.data.convert.CustomConversions] [isSupportedConverter] [349] -> Adding converter from class java.lang.String to class java.time.LocalDate as reading converter
2026-03-18 00:56:10 [DEBUG] [org.springframework.data.convert.CustomConversions] [isSupportedConverter] [349] -> Adding converter from class java.lang.String to class java.time.LocalDateTime as reading converter
2026-03-18 00:56:10 [DEBUG] [org.springframework.data.convert.CustomConversions] [isSupportedConverter] [349] -> Adding converter from class java.lang.String to class java.time.Instant as reading converter
2026-03-18 00:56:10 [DEBUG] [org.springframework.beans.factory.support.DefaultListableBeanFactory] [getSingleton] [225] -> Creating shared instance of singleton bean 'resourceConfig'
2026-03-18 00:56:10 [DEBUG] [org.springframework.beans.factory.support.DefaultListableBeanFactory] [getSingleton] [225] -> Creating shared instance of singleton bean 'AGlobalExceptionHandlerController'
2026-03-18 00:56:10 [DEBUG] [org.springframework.beans.factory.support.DefaultListableBeanFactory] [getSingleton] [225] -> Creating shared instance of singleton bean 'appCollectController'
2026-03-18 00:56:10 [DEBUG] [org.springframework.beans.factory.support.DefaultListableBeanFactory] [getSingleton] [225] -> Creating shared instance of singleton bean 'appCollectService'
2026-03-18 00:56:10 [DEBUG] [org.springframework.beans.factory.support.DefaultListableBeanFactory] [getSingleton] [225] -> Creating shared instance of singleton bean 'appCollectMapper'
2026-03-18 00:56:10 [DEBUG] [org.springframework.beans.factory.support.DefaultListableBeanFactory] [getSingleton] [225] -> Creating shared instance of singleton bean 'sqlSessionFactory'
2026-03-18 00:56:10 [DEBUG] [org.springframework.beans.factory.support.DefaultListableBeanFactory] [getSingleton] [225] -> Creating shared instance of singleton bean 'org.mybatis.spring.boot.autoconfigure.MybatisAutoConfiguration'
2026-03-18 00:56:10 [DEBUG] [org.springframework.beans.factory.support.DefaultListableBeanFactory] [getSingleton] [225] -> Creating shared instance of singleton bean 'mybatis-org.mybatis.spring.boot.autoconfigure.MybatisProperties'
2026-03-18 00:56:10 [DEBUG] [org.springframework.beans.factory.support.DefaultListableBeanFactory] [registerDependentBeans] [945] -> Autowiring by type from bean name 'org.mybatis.spring.boot.autoconfigure.MybatisAutoConfiguration' via constructor to bean named 'mybatis-org.mybatis.spring.boot.autoconfigure.MybatisProperties'
2026-03-18 00:56:10 [DEBUG] [org.springframework.beans.factory.support.DefaultListableBeanFactory] [registerDependentBeans] [945] -> Autowiring by type from bean name 'org.mybatis.spring.boot.autoconfigure.MybatisAutoConfiguration' via constructor to bean named 'org.springframework.boot.web.servlet.context.AnnotationConfigServletWebServerApplicationContext@1d470d0'
2026-03-18 00:56:10 [DEBUG] [org.springframework.beans.factory.support.DefaultListableBeanFactory] [getSingleton] [225] -> Creating shared instance of singleton bean 'dataSource'
2026-03-18 00:56:10 [DEBUG] [org.springframework.beans.factory.support.DefaultListableBeanFactory] [getSingleton] [225] -> Creating shared instance of singleton bean 'org.springframework.boot.autoconfigure.jdbc.DataSourceConfiguration$Hikari'
2026-03-18 00:56:10 [DEBUG] [org.springframework.beans.factory.support.DefaultListableBeanFactory] [getSingleton] [225] -> Creating shared instance of singleton bean 'spring.datasource-org.springframework.boot.autoconfigure.jdbc.DataSourceProperties'
2026-03-18 00:56:10 [DEBUG] [org.springframework.beans.factory.support.DefaultListableBeanFactory] [getSingleton] [225] -> Creating shared instance of singleton bean 'jdbcConnectionDetails'
2026-03-18 00:56:10 [DEBUG] [org.springframework.beans.factory.support.DefaultListableBeanFactory] [getSingleton] [225] -> Creating shared instance of singleton bean 'org.springframework.boot.autoconfigure.jdbc.DataSourceAutoConfiguration$PooledDataSourceConfiguration'
2026-03-18 00:56:10 [DEBUG] [org.springframework.beans.factory.support.DefaultListableBeanFactory] [registerDependentBeans] [945] -> Autowiring by type from bean name 'jdbcConnectionDetails' via factory method to bean named 'spring.datasource-org.springframework.boot.autoconfigure.jdbc.DataSourceProperties'
2026-03-18 00:56:10 [DEBUG] [org.springframework.beans.factory.support.DefaultListableBeanFactory] [registerDependentBeans] [945] -> Autowiring by type from bean name 'dataSource' via factory method to bean named 'spring.datasource-org.springframework.boot.autoconfigure.jdbc.DataSourceProperties'
2026-03-18 00:56:10 [DEBUG] [org.springframework.beans.factory.support.DefaultListableBeanFactory] [registerDependentBeans] [945] -> Autowiring by type from bean name 'dataSource' via factory method to bean named 'jdbcConnectionDetails'
2026-03-18 00:56:10 [DEBUG] [com.zaxxer.hikari.HikariConfig] [attemptFromContextLoader] [974] -> Driver class com.mysql.cj.jdbc.Driver found in Thread context class loader jdk.internal.loader.ClassLoaders$AppClassLoader@36baf30c
2026-03-18 00:56:10 [DEBUG] [org.springframework.beans.factory.support.DefaultListableBeanFactory] [registerDependentBeans] [945] -> Autowiring by type from bean name 'sqlSessionFactory' via factory method to bean named 'dataSource'
2026-03-18 00:56:10 [DEBUG] [org.mybatis.spring.SqlSessionFactoryBean] [debug] [49] -> Parsed mapper file: 'file [D:\IdeaProject\VocabEase\VocabEase_common\target\classes\com\javastudy\vocabease_common\mappers\AccountMapper.xml]'
2026-03-18 00:56:10 [DEBUG] [org.mybatis.spring.SqlSessionFactoryBean] [debug] [49] -> Parsed mapper file: 'file [D:\IdeaProject\VocabEase\VocabEase_common\target\classes\com\javastudy\vocabease_common\mappers\AppAccountMapper.xml]'
2026-03-18 00:56:10 [DEBUG] [org.mybatis.spring.SqlSessionFactoryBean] [debug] [49] -> Parsed mapper file: 'file [D:\IdeaProject\VocabEase\VocabEase_common\target\classes\com\javastudy\vocabease_common\mappers\AppCarouselMapper.xml]'
2026-03-18 00:56:10 [DEBUG] [org.mybatis.spring.SqlSessionFactoryBean] [debug] [49] -> Parsed mapper file: 'file [D:\IdeaProject\VocabEase\VocabEase_common\target\classes\com\javastudy\vocabease_common\mappers\AppCollectMapper.xml]'
2026-03-18 00:56:10 [DEBUG] [org.mybatis.spring.SqlSessionFactoryBean] [debug] [49] -> Parsed mapper file: 'file [D:\IdeaProject\VocabEase\VocabEase_common\target\classes\com\javastudy\vocabease_common\mappers\AppDeviceMapper.xml]'
2026-03-18 00:56:10 [DEBUG] [org.mybatis.spring.SqlSessionFactoryBean] [debug] [49] -> Parsed mapper file: 'file [D:\IdeaProject\VocabEase\VocabEase_common\target\classes\com\javastudy\vocabease_common\mappers\AppExamMapper.xml]'
2026-03-18 00:56:10 [DEBUG] [org.mybatis.spring.SqlSessionFactoryBean] [debug] [49] -> Parsed mapper file: 'file [D:\IdeaProject\VocabEase\VocabEase_common\target\classes\com\javastudy\vocabease_common\mappers\AppFeedbackMapper.xml]'
2026-03-18 00:56:10 [DEBUG] [org.mybatis.spring.SqlSessionFactoryBean] [debug] [49] -> Parsed mapper file: 'file [D:\IdeaProject\VocabEase\VocabEase_common\target\classes\com\javastudy\vocabease_common\mappers\AppQuestion4examMapper.xml]'
2026-03-18 00:56:10 [DEBUG] [org.mybatis.spring.SqlSessionFactoryBean] [debug] [49] -> Parsed mapper file: 'file [D:\IdeaProject\VocabEase\VocabEase_common\target\classes\com\javastudy\vocabease_common\mappers\AppUpdateMapper.xml]'
2026-03-18 00:56:10 [DEBUG] [org.mybatis.spring.SqlSessionFactoryBean] [debug] [49] -> Parsed mapper file: 'file [D:\IdeaProject\VocabEase\VocabEase_common\target\classes\com\javastudy\vocabease_common\mappers\Article2categoryMapper.xml]'
2026-03-18 00:56:10 [DEBUG] [org.mybatis.spring.SqlSessionFactoryBean] [debug] [49] -> Parsed mapper file: 'file [D:\IdeaProject\VocabEase\VocabEase_common\target\classes\com\javastudy\vocabease_common\mappers\ArticleMapper.xml]'
2026-03-18 00:56:10 [DEBUG] [org.mybatis.spring.SqlSessionFactoryBean] [debug] [49] -> Parsed mapper file: 'file [D:\IdeaProject\VocabEase\VocabEase_common\target\classes\com\javastudy\vocabease_common\mappers\CategoryMapper.xml]'
2026-03-18 00:56:10 [DEBUG] [org.mybatis.spring.SqlSessionFactoryBean] [debug] [49] -> Parsed mapper file: 'file [D:\IdeaProject\VocabEase\VocabEase_common\target\classes\com\javastudy\vocabease_common\mappers\Item4questionMapper.xml]'
2026-03-18 00:56:10 [DEBUG] [org.mybatis.spring.SqlSessionFactoryBean] [debug] [49] -> Parsed mapper file: 'file [D:\IdeaProject\VocabEase\VocabEase_common\target\classes\com\javastudy\vocabease_common\mappers\MenuMapper.xml]'
2026-03-18 00:56:10 [DEBUG] [org.mybatis.spring.SqlSessionFactoryBean] [debug] [49] -> Parsed mapper file: 'file [D:\IdeaProject\VocabEase\VocabEase_common\target\classes\com\javastudy\vocabease_common\mappers\Question2categoryMapper.xml]'
2026-03-18 00:56:10 [DEBUG] [org.mybatis.spring.SqlSessionFactoryBean] [debug] [49] -> Parsed mapper file: 'file [D:\IdeaProject\VocabEase\VocabEase_common\target\classes\com\javastudy\vocabease_common\mappers\QuestionMapper.xml]'
2026-03-18 00:56:10 [DEBUG] [org.mybatis.spring.SqlSessionFactoryBean] [debug] [49] -> Parsed mapper file: 'file [D:\IdeaProject\VocabEase\VocabEase_common\target\classes\com\javastudy\vocabease_common\mappers\Role2menuMapper.xml]'
2026-03-18 00:56:10 [DEBUG] [org.mybatis.spring.SqlSessionFactoryBean] [debug] [49] -> Parsed mapper file: 'file [D:\IdeaProject\VocabEase\VocabEase_common\target\classes\com\javastudy\vocabease_common\mappers\RoleMapper.xml]'
2026-03-18 00:56:10 [DEBUG] [org.mybatis.spring.SqlSessionFactoryBean] [debug] [49] -> Parsed mapper file: 'file [D:\IdeaProject\VocabEase\VocabEase_common\target\classes\com\javastudy\vocabease_common\mappers\ShareMapper.xml]'
2026-03-18 00:56:10 [DEBUG] [org.mybatis.spring.SqlSessionFactoryBean] [debug] [49] -> Parsed mapper file: 'file [D:\IdeaProject\VocabEase\VocabEase_common\target\classes\com\javastudy\vocabease_common\mappers\Word2categoryMapper.xml]'
2026-03-18 00:56:10 [DEBUG] [org.mybatis.spring.SqlSessionFactoryBean] [debug] [49] -> Parsed mapper file: 'file [D:\IdeaProject\VocabEase\VocabEase_common\target\classes\com\javastudy\vocabease_common\mappers\WordMapper.xml]'
2026-03-18 00:56:10 [DEBUG] [org.springframework.beans.factory.support.DefaultListableBeanFactory] [getSingleton] [225] -> Creating shared instance of singleton bean 'dataSourceScriptDatabaseInitializer'
2026-03-18 00:56:10 [DEBUG] [org.springframework.beans.factory.support.DefaultListableBeanFactory] [getSingleton] [225] -> Creating shared instance of singleton bean 'org.springframework.boot.autoconfigure.sql.init.DataSourceInitializationConfiguration'
2026-03-18 00:56:10 [DEBUG] [org.springframework.beans.factory.support.DefaultListableBeanFactory] [getSingleton] [225] -> Creating shared instance of singleton bean 'spring.sql.init-org.springframework.boot.autoconfigure.sql.init.SqlInitializationProperties'
2026-03-18 00:56:10 [DEBUG] [org.springframework.beans.factory.support.DefaultListableBeanFactory] [registerDependentBeans] [945] -> Autowiring by type from bean name 'dataSourceScriptDatabaseInitializer' via factory method to bean named 'dataSource'
2026-03-18 00:56:10 [DEBUG] [org.springframework.beans.factory.support.DefaultListableBeanFactory] [registerDependentBeans] [945] -> Autowiring by type from bean name 'dataSourceScriptDatabaseInitializer' via factory method to bean named 'spring.sql.init-org.springframework.boot.autoconfigure.sql.init.SqlInitializationProperties'
2026-03-18 00:56:10 [DEBUG] [org.springframework.beans.factory.support.DefaultListableBeanFactory] [getSingleton] [225] -> Creating shared instance of singleton bean 'sqlSessionTemplate'
2026-03-18 00:56:10 [DEBUG] [org.springframework.beans.factory.support.DefaultListableBeanFactory] [registerDependentBeans] [945] -> Autowiring by type from bean name 'sqlSessionTemplate' via factory method to bean named 'sqlSessionFactory'
2026-03-18 00:56:10 [DEBUG] [org.springframework.beans.factory.support.DefaultListableBeanFactory] [getSingleton] [225] -> Creating shared instance of singleton bean 'appExamController'
2026-03-18 00:56:10 [DEBUG] [org.springframework.beans.factory.support.DefaultListableBeanFactory] [getSingleton] [225] -> Creating shared instance of singleton bean 'appExamService'
2026-03-18 00:56:10 [DEBUG] [org.springframework.beans.factory.support.DefaultListableBeanFactory] [getSingleton] [225] -> Creating shared instance of singleton bean 'appExamMapper'
2026-03-18 00:56:10 [DEBUG] [org.springframework.beans.factory.support.DefaultListableBeanFactory] [getSingleton] [225] -> Creating shared instance of singleton bean 'appQuestion4examMapper'
2026-03-18 00:56:10 [DEBUG] [org.springframework.beans.factory.support.DefaultListableBeanFactory] [getSingleton] [225] -> Creating shared instance of singleton bean 'questionMapper'
2026-03-18 00:56:10 [DEBUG] [org.springframework.beans.factory.support.DefaultListableBeanFactory] [getSingleton] [225] -> Creating shared instance of singleton bean 'item4questionMapper'
2026-03-18 00:56:10 [DEBUG] [org.springframework.beans.factory.support.DefaultListableBeanFactory] [getSingleton] [225] -> Creating shared instance of singleton bean 'articleController'
2026-03-18 00:56:10 [DEBUG] [org.springframework.beans.factory.support.DefaultListableBeanFactory] [getSingleton] [225] -> Creating shared instance of singleton bean 'article2categoryService'
2026-03-18 00:56:10 [DEBUG] [org.springframework.beans.factory.support.DefaultListableBeanFactory] [getSingleton] [225] -> Creating shared instance of singleton bean 'article2categoryMapper'
2026-03-18 00:56:10 [DEBUG] [org.springframework.beans.factory.support.DefaultListableBeanFactory] [getSingleton] [225] -> Creating shared instance of singleton bean 'articleService'
2026-03-18 00:56:10 [DEBUG] [org.springframework.beans.factory.support.DefaultListableBeanFactory] [getSingleton] [225] -> Creating shared instance of singleton bean 'articleMapper'
2026-03-18 00:56:10 [DEBUG] [org.springframework.beans.factory.support.DefaultListableBeanFactory] [getSingleton] [225] -> Creating shared instance of singleton bean 'categoryService'
2026-03-18 00:56:10 [DEBUG] [org.springframework.beans.factory.support.DefaultListableBeanFactory] [getSingleton] [225] -> Creating shared instance of singleton bean 'categoryMapper'
2026-03-18 00:56:10 [DEBUG] [org.springframework.beans.factory.support.DefaultListableBeanFactory] [getSingleton] [225] -> Creating shared instance of singleton bean 'question2categoryMapper'
2026-03-18 00:56:10 [DEBUG] [org.springframework.beans.factory.support.DefaultListableBeanFactory] [getSingleton] [225] -> Creating shared instance of singleton bean 'fileController'
2026-03-18 00:56:10 [DEBUG] [org.springframework.beans.factory.support.DefaultListableBeanFactory] [getSingleton] [225] -> Creating shared instance of singleton bean 'indexController'
2026-03-18 00:56:10 [DEBUG] [org.springframework.beans.factory.support.DefaultListableBeanFactory] [getSingleton] [225] -> Creating shared instance of singleton bean 'appCarouselService'
2026-03-18 00:56:10 [DEBUG] [org.springframework.beans.factory.support.DefaultListableBeanFactory] [getSingleton] [225] -> Creating shared instance of singleton bean 'appCarouselMapper'
2026-03-18 00:56:10 [DEBUG] [org.springframework.beans.factory.support.DefaultListableBeanFactory] [getSingleton] [225] -> Creating shared instance of singleton bean 'questionService'
2026-03-18 00:56:10 [DEBUG] [org.springframework.beans.factory.support.DefaultListableBeanFactory] [getSingleton] [225] -> Creating shared instance of singleton bean 'question2categoryService'
2026-03-18 00:56:10 [DEBUG] [org.springframework.beans.factory.support.DefaultListableBeanFactory] [getSingleton] [225] -> Creating shared instance of singleton bean 'item4questionService'
2026-03-18 00:56:10 [DEBUG] [org.springframework.beans.factory.support.DefaultListableBeanFactory] [getSingleton] [225] -> Creating shared instance of singleton bean 'appDeviceService'
2026-03-18 00:56:10 [DEBUG] [org.springframework.beans.factory.support.DefaultListableBeanFactory] [getSingleton] [225] -> Creating shared instance of singleton bean 'appDeviceMapper'
2026-03-18 00:56:11 [DEBUG] [org.springframework.beans.factory.support.DefaultListableBeanFactory] [getSingleton] [225] -> Creating shared instance of singleton bean 'loginController'
2026-03-18 00:56:11 [DEBUG] [org.springframework.beans.factory.support.DefaultListableBeanFactory] [getSingleton] [225] -> Creating shared instance of singleton bean 'appAccountService'
2026-03-18 00:56:11 [DEBUG] [org.springframework.beans.factory.support.DefaultListableBeanFactory] [getSingleton] [225] -> Creating shared instance of singleton bean 'appAccountMapper'
2026-03-18 00:56:11 [DEBUG] [org.springframework.beans.factory.support.DefaultListableBeanFactory] [getSingleton] [225] -> Creating shared instance of singleton bean 'myInfoController'
2026-03-18 00:56:11 [DEBUG] [org.springframework.beans.factory.support.DefaultListableBeanFactory] [getSingleton] [225] -> Creating shared instance of singleton bean 'appFeedbackService'
2026-03-18 00:56:11 [DEBUG] [org.springframework.beans.factory.support.DefaultListableBeanFactory] [getSingleton] [225] -> Creating shared instance of singleton bean 'appFeedbackMapper'
2026-03-18 00:56:11 [DEBUG] [org.springframework.beans.factory.support.DefaultListableBeanFactory] [getSingleton] [225] -> Creating shared instance of singleton bean 'appQuestion4examService'
2026-03-18 00:56:11 [DEBUG] [org.springframework.beans.factory.support.DefaultListableBeanFactory] [getSingleton] [225] -> Creating shared instance of singleton bean 'wordService'
2026-03-18 00:56:11 [DEBUG] [org.springframework.beans.factory.support.DefaultListableBeanFactory] [getSingleton] [225] -> Creating shared instance of singleton bean 'wordMapper'
2026-03-18 00:56:11 [DEBUG] [org.springframework.beans.factory.support.DefaultListableBeanFactory] [getSingleton] [225] -> Creating shared instance of singleton bean 'word2categoryService'
2026-03-18 00:56:11 [DEBUG] [org.springframework.beans.factory.support.DefaultListableBeanFactory] [getSingleton] [225] -> Creating shared instance of singleton bean 'word2categoryMapper'
2026-03-18 00:56:11 [DEBUG] [org.springframework.beans.factory.support.DefaultListableBeanFactory] [getSingleton] [225] -> Creating shared instance of singleton bean 'shareService'
2026-03-18 00:56:11 [DEBUG] [org.springframework.beans.factory.support.DefaultListableBeanFactory] [getSingleton] [225] -> Creating shared instance of singleton bean 'shareMapper'
2026-03-18 00:56:11 [DEBUG] [org.springframework.beans.factory.support.DefaultListableBeanFactory] [getSingleton] [225] -> Creating shared instance of singleton bean 'searchController'
2026-03-18 00:56:11 [DEBUG] [org.springframework.beans.factory.support.DefaultListableBeanFactory] [getSingleton] [225] -> Creating shared instance of singleton bean 'shareController'
2026-03-18 00:56:11 [DEBUG] [org.springframework.beans.factory.support.DefaultListableBeanFactory] [getSingleton] [225] -> Creating shared instance of singleton bean 'testController'
2026-03-18 00:56:11 [DEBUG] [org.springframework.beans.factory.support.DefaultListableBeanFactory] [getSingleton] [225] -> Creating shared instance of singleton bean 'updateController'
2026-03-18 00:56:11 [DEBUG] [org.springframework.beans.factory.support.DefaultListableBeanFactory] [getSingleton] [225] -> Creating shared instance of singleton bean 'appUpdateService'
2026-03-18 00:56:11 [DEBUG] [org.springframework.beans.factory.support.DefaultListableBeanFactory] [getSingleton] [225] -> Creating shared instance of singleton bean 'appUpdateMapper'
2026-03-18 00:56:11 [DEBUG] [org.springframework.beans.factory.support.DefaultListableBeanFactory] [getSingleton] [225] -> Creating shared instance of singleton bean 'wechatLoginController'
2026-03-18 00:56:11 [DEBUG] [org.springframework.core.env.PropertySourcesPropertyResolver] [logKeyFound] [115] -> Found key 'wechat.miniapp.appid' in PropertySource 'environmentProperties' with value of type String
2026-03-18 00:56:11 [DEBUG] [org.springframework.core.env.PropertySourcesPropertyResolver] [logKeyFound] [115] -> Found key 'wechat.miniapp.secret' in PropertySource 'environmentProperties' with value of type String
2026-03-18 00:56:11 [DEBUG] [org.springframework.beans.factory.support.DefaultListableBeanFactory] [getSingleton] [225] -> Creating shared instance of singleton bean 'wordController'
2026-03-18 00:56:11 [DEBUG] [org.springframework.beans.factory.support.DefaultListableBeanFactory] [getSingleton] [225] -> Creating shared instance of singleton bean 'accountService'
2026-03-18 00:56:11 [DEBUG] [org.springframework.beans.factory.support.DefaultListableBeanFactory] [getSingleton] [225] -> Creating shared instance of singleton bean 'accountMapper'
2026-03-18 00:56:11 [DEBUG] [org.springframework.beans.factory.support.DefaultListableBeanFactory] [getSingleton] [225] -> Creating shared instance of singleton bean 'menuService'
2026-03-18 00:56:11 [DEBUG] [org.springframework.beans.factory.support.DefaultListableBeanFactory] [getSingleton] [225] -> Creating shared instance of singleton bean 'menuMapper'
2026-03-18 00:56:11 [DEBUG] [org.springframework.beans.factory.support.DefaultListableBeanFactory] [getSingleton] [225] -> Creating shared instance of singleton bean 'role2menuService'
2026-03-18 00:56:11 [DEBUG] [org.springframework.beans.factory.support.DefaultListableBeanFactory] [getSingleton] [225] -> Creating shared instance of singleton bean 'role2menuMapper'
2026-03-18 00:56:11 [DEBUG] [org.springframework.beans.factory.support.DefaultListableBeanFactory] [getSingleton] [225] -> Creating shared instance of singleton bean 'roleService'
2026-03-18 00:56:11 [DEBUG] [org.springframework.beans.factory.support.DefaultListableBeanFactory] [getSingleton] [225] -> Creating shared instance of singleton bean 'roleMapper'
2026-03-18 00:56:11 [DEBUG] [org.springframework.beans.factory.support.DefaultListableBeanFactory] [getSingleton] [225] -> Creating shared instance of singleton bean 'statisticDataService'
2026-03-18 00:56:11 [DEBUG] [org.springframework.beans.factory.support.DefaultListableBeanFactory] [getSingleton] [225] -> Creating shared instance of singleton bean 'org.springframework.boot.autoconfigure.context.PropertyPlaceholderAutoConfiguration'
2026-03-18 00:56:11 [DEBUG] [org.springframework.beans.factory.support.DefaultListableBeanFactory] [getSingleton] [225] -> Creating shared instance of singleton bean 'org.springframework.boot.context.properties.EnableConfigurationPropertiesRegistrar.methodValidationExcludeFilter'
2026-03-18 00:56:11 [DEBUG] [org.springframework.beans.factory.support.DefaultListableBeanFactory] [getSingleton] [225] -> Creating shared instance of singleton bean 'org.springframework.boot.autoconfigure.websocket.servlet.WebSocketServletAutoConfiguration'
2026-03-18 00:56:11 [DEBUG] [org.springframework.beans.factory.support.DefaultListableBeanFactory] [getSingleton] [225] -> Creating shared instance of singleton bean 'org.springframework.boot.autoconfigure.web.servlet.DispatcherServletAutoConfiguration'
2026-03-18 00:56:11 [DEBUG] [org.springframework.beans.factory.support.DefaultListableBeanFactory] [getSingleton] [225] -> Creating shared instance of singleton bean 'org.springframework.boot.autoconfigure.task.TaskExecutorConfigurations$ThreadPoolTaskExecutorBuilderConfiguration'
2026-03-18 00:56:11 [DEBUG] [org.springframework.beans.factory.support.DefaultListableBeanFactory] [getSingleton] [225] -> Creating shared instance of singleton bean 'threadPoolTaskExecutorBuilder'
2026-03-18 00:56:11 [DEBUG] [org.springframework.beans.factory.support.DefaultListableBeanFactory] [getSingleton] [225] -> Creating shared instance of singleton bean 'spring.task.execution-org.springframework.boot.autoconfigure.task.TaskExecutionProperties'
2026-03-18 00:56:11 [DEBUG] [org.springframework.beans.factory.support.DefaultListableBeanFactory] [registerDependentBeans] [945] -> Autowiring by type from bean name 'threadPoolTaskExecutorBuilder' via factory method to bean named 'spring.task.execution-org.springframework.boot.autoconfigure.task.TaskExecutionProperties'
2026-03-18 00:56:11 [DEBUG] [org.springframework.beans.factory.support.DefaultListableBeanFactory] [getSingleton] [225] -> Creating shared instance of singleton bean 'org.springframework.boot.autoconfigure.task.TaskExecutorConfigurations$TaskExecutorBuilderConfiguration'
2026-03-18 00:56:11 [DEBUG] [org.springframework.beans.factory.support.DefaultListableBeanFactory] [getSingleton] [225] -> Creating shared instance of singleton bean 'taskExecutorBuilder'
2026-03-18 00:56:11 [DEBUG] [org.springframework.beans.factory.support.DefaultListableBeanFactory] [registerDependentBeans] [945] -> Autowiring by type from bean name 'taskExecutorBuilder' via factory method to bean named 'spring.task.execution-org.springframework.boot.autoconfigure.task.TaskExecutionProperties'
2026-03-18 00:56:11 [DEBUG] [org.springframework.beans.factory.support.DefaultListableBeanFactory] [getSingleton] [225] -> Creating shared instance of singleton bean 'org.springframework.boot.autoconfigure.task.TaskExecutorConfigurations$SimpleAsyncTaskExecutorBuilderConfiguration'
2026-03-18 00:56:11 [DEBUG] [org.springframework.beans.factory.support.DefaultListableBeanFactory] [registerDependentBeans] [945] -> Autowiring by type from bean name 'org.springframework.boot.autoconfigure.task.TaskExecutorConfigurations$SimpleAsyncTaskExecutorBuilderConfiguration' via constructor to bean named 'spring.task.execution-org.springframework.boot.autoconfigure.task.TaskExecutionProperties'
2026-03-18 00:56:11 [DEBUG] [org.springframework.beans.factory.support.DefaultListableBeanFactory] [getSingleton] [225] -> Creating shared instance of singleton bean 'simpleAsyncTaskExecutorBuilder'
2026-03-18 00:56:11 [DEBUG] [org.springframework.beans.factory.support.DefaultListableBeanFactory] [getSingleton] [225] -> Creating shared instance of singleton bean 'org.springframework.boot.autoconfigure.task.TaskExecutorConfigurations$TaskExecutorConfiguration'
2026-03-18 00:56:11 [DEBUG] [org.springframework.beans.factory.support.DefaultListableBeanFactory] [getSingleton] [225] -> Creating shared instance of singleton bean 'org.springframework.boot.autoconfigure.task.TaskExecutionAutoConfiguration'
2026-03-18 00:56:11 [DEBUG] [org.springframework.beans.factory.support.DefaultListableBeanFactory] [getSingleton] [225] -> Creating shared instance of singleton bean 'org.springframework.boot.autoconfigure.web.servlet.error.ErrorMvcAutoConfiguration$WhitelabelErrorViewConfiguration'
2026-03-18 00:56:11 [DEBUG] [org.springframework.beans.factory.support.DefaultListableBeanFactory] [getSingleton] [225] -> Creating shared instance of singleton bean 'error'
2026-03-18 00:56:11 [DEBUG] [org.springframework.beans.factory.support.DefaultListableBeanFactory] [getSingleton] [225] -> Creating shared instance of singleton bean 'beanNameViewResolver'
2026-03-18 00:56:11 [DEBUG] [org.springframework.beans.factory.support.DefaultListableBeanFactory] [getSingleton] [225] -> Creating shared instance of singleton bean 'org.springframework.boot.autoconfigure.web.servlet.error.ErrorMvcAutoConfiguration$DefaultErrorViewResolverConfiguration'
2026-03-18 00:56:11 [DEBUG] [org.springframework.beans.factory.support.DefaultListableBeanFactory] [getSingleton] [225] -> Creating shared instance of singleton bean 'spring.web-org.springframework.boot.autoconfigure.web.WebProperties'
2026-03-18 00:56:11 [DEBUG] [org.springframework.beans.factory.support.DefaultListableBeanFactory] [registerDependentBeans] [945] -> Autowiring by type from bean name 'org.springframework.boot.autoconfigure.web.servlet.error.ErrorMvcAutoConfiguration$DefaultErrorViewResolverConfiguration' via constructor to bean named 'org.springframework.boot.web.servlet.context.AnnotationConfigServletWebServerApplicationContext@1d470d0'
2026-03-18 00:56:11 [DEBUG] [org.springframework.beans.factory.support.DefaultListableBeanFactory] [registerDependentBeans] [945] -> Autowiring by type from bean name 'org.springframework.boot.autoconfigure.web.servlet.error.ErrorMvcAutoConfiguration$DefaultErrorViewResolverConfiguration' via constructor to bean named 'spring.web-org.springframework.boot.autoconfigure.web.WebProperties'
2026-03-18 00:56:11 [DEBUG] [org.springframework.beans.factory.support.DefaultListableBeanFactory] [getSingleton] [225] -> Creating shared instance of singleton bean 'conventionErrorViewResolver'
2026-03-18 00:56:11 [DEBUG] [org.springframework.beans.factory.support.DefaultListableBeanFactory] [getSingleton] [225] -> Creating shared instance of singleton bean 'errorAttributes'
2026-03-18 00:56:11 [DEBUG] [org.springframework.beans.factory.support.DefaultListableBeanFactory] [getSingleton] [225] -> Creating shared instance of singleton bean 'basicErrorController'
2026-03-18 00:56:11 [DEBUG] [org.springframework.beans.factory.support.DefaultListableBeanFactory] [registerDependentBeans] [945] -> Autowiring by type from bean name 'basicErrorController' via factory method to bean named 'errorAttributes'
2026-03-18 00:56:11 [DEBUG] [org.springframework.beans.factory.support.DefaultListableBeanFactory] [getSingleton] [225] -> Creating shared instance of singleton bean 'org.springframework.boot.autoconfigure.web.servlet.WebMvcAutoConfiguration$EnableWebMvcConfiguration'
2026-03-18 00:56:11 [DEBUG] [org.springframework.beans.factory.support.DefaultListableBeanFactory] [registerDependentBeans] [945] -> Autowiring by type from bean name 'org.springframework.boot.autoconfigure.web.servlet.WebMvcAutoConfiguration$EnableWebMvcConfiguration' via constructor to bean named 'spring.mvc-org.springframework.boot.autoconfigure.web.servlet.WebMvcProperties'
2026-03-18 00:56:11 [DEBUG] [org.springframework.beans.factory.support.DefaultListableBeanFactory] [registerDependentBeans] [945] -> Autowiring by type from bean name 'org.springframework.boot.autoconfigure.web.servlet.WebMvcAutoConfiguration$EnableWebMvcConfiguration' via constructor to bean named 'spring.web-org.springframework.boot.autoconfigure.web.WebProperties'
2026-03-18 00:56:11 [DEBUG] [org.springframework.beans.factory.support.DefaultListableBeanFactory] [registerDependentBeans] [945] -> Autowiring by type from bean name 'org.springframework.boot.autoconfigure.web.servlet.WebMvcAutoConfiguration$EnableWebMvcConfiguration' via constructor to bean named 'org.springframework.beans.factory.support.DefaultListableBeanFactory@28276e50'
2026-03-18 00:56:11 [DEBUG] [org.springframework.beans.factory.support.DefaultListableBeanFactory] [getSingleton] [225] -> Creating shared instance of singleton bean 'org.springframework.boot.autoconfigure.web.servlet.WebMvcAutoConfiguration$WebMvcAutoConfigurationAdapter'
2026-03-18 00:56:11 [DEBUG] [org.springframework.beans.factory.support.DefaultListableBeanFactory] [registerDependentBeans] [945] -> Autowiring by type from bean name 'org.springframework.boot.autoconfigure.web.servlet.WebMvcAutoConfiguration$WebMvcAutoConfigurationAdapter' via constructor to bean named 'spring.web-org.springframework.boot.autoconfigure.web.WebProperties'
2026-03-18 00:56:11 [DEBUG] [org.springframework.beans.factory.support.DefaultListableBeanFactory] [registerDependentBeans] [945] -> Autowiring by type from bean name 'org.springframework.boot.autoconfigure.web.servlet.WebMvcAutoConfiguration$WebMvcAutoConfigurationAdapter' via constructor to bean named 'spring.mvc-org.springframework.boot.autoconfigure.web.servlet.WebMvcProperties'
2026-03-18 00:56:11 [DEBUG] [org.springframework.beans.factory.support.DefaultListableBeanFactory] [registerDependentBeans] [945] -> Autowiring by type from bean name 'org.springframework.boot.autoconfigure.web.servlet.WebMvcAutoConfiguration$WebMvcAutoConfigurationAdapter' via constructor to bean named 'org.springframework.beans.factory.support.DefaultListableBeanFactory@28276e50'
2026-03-18 00:56:11 [DEBUG] [org.springframework.beans.factory.support.DefaultListableBeanFactory] [getSingleton] [225] -> Creating shared instance of singleton bean 'org.springframework.data.web.config.SpringDataWebConfiguration'
2026-03-18 00:56:11 [DEBUG] [org.springframework.beans.factory.support.DefaultListableBeanFactory] [registerDependentBeans] [945] -> Autowiring by type from bean name 'org.springframework.data.web.config.SpringDataWebConfiguration' via constructor to bean named 'org.springframework.boot.web.servlet.context.AnnotationConfigServletWebServerApplicationContext@1d470d0'
2026-03-18 00:56:11 [DEBUG] [org.springframework.beans.factory.support.DefaultListableBeanFactory] [getSingleton] [225] -> Creating shared instance of singleton bean 'welcomePageHandlerMapping'
2026-03-18 00:56:11 [DEBUG] [org.springframework.beans.factory.support.DefaultListableBeanFactory] [getSingleton] [225] -> Creating shared instance of singleton bean 'mvcConversionService'
2026-03-18 00:56:11 [DEBUG] [org.springframework.beans.factory.support.DefaultListableBeanFactory] [getSingleton] [225] -> Creating shared instance of singleton bean 'mvcResourceUrlProvider'
2026-03-18 00:56:11 [DEBUG] [org.springframework.beans.factory.support.DefaultListableBeanFactory] [registerDependentBeans] [945] -> Autowiring by type from bean name 'welcomePageHandlerMapping' via factory method to bean named 'org.springframework.boot.web.servlet.context.AnnotationConfigServletWebServerApplicationContext@1d470d0'
2026-03-18 00:56:11 [DEBUG] [org.springframework.beans.factory.support.DefaultListableBeanFactory] [registerDependentBeans] [945] -> Autowiring by type from bean name 'welcomePageHandlerMapping' via factory method to bean named 'mvcConversionService'
2026-03-18 00:56:11 [DEBUG] [org.springframework.beans.factory.support.DefaultListableBeanFactory] [registerDependentBeans] [945] -> Autowiring by type from bean name 'welcomePageHandlerMapping' via factory method to bean named 'mvcResourceUrlProvider'
2026-03-18 00:56:11 [DEBUG] [org.springframework.beans.factory.support.DefaultListableBeanFactory] [getSingleton] [225] -> Creating shared instance of singleton bean 'welcomePageNotAcceptableHandlerMapping'
2026-03-18 00:56:11 [DEBUG] [org.springframework.beans.factory.support.DefaultListableBeanFactory] [registerDependentBeans] [945] -> Autowiring by type from bean name 'welcomePageNotAcceptableHandlerMapping' via factory method to bean named 'org.springframework.boot.web.servlet.context.AnnotationConfigServletWebServerApplicationContext@1d470d0'
2026-03-18 00:56:11 [DEBUG] [org.springframework.beans.factory.support.DefaultListableBeanFactory] [registerDependentBeans] [945] -> Autowiring by type from bean name 'welcomePageNotAcceptableHandlerMapping' via factory method to bean named 'mvcConversionService'
2026-03-18 00:56:11 [DEBUG] [org.springframework.beans.factory.support.DefaultListableBeanFactory] [registerDependentBeans] [945] -> Autowiring by type from bean name 'welcomePageNotAcceptableHandlerMapping' via factory method to bean named 'mvcResourceUrlProvider'
2026-03-18 00:56:11 [DEBUG] [org.springframework.beans.factory.support.DefaultListableBeanFactory] [getSingleton] [225] -> Creating shared instance of singleton bean 'localeResolver'
2026-03-18 00:56:11 [DEBUG] [org.springframework.beans.factory.support.DefaultListableBeanFactory] [getSingleton] [225] -> Creating shared instance of singleton bean 'themeResolver'
2026-03-18 00:56:11 [DEBUG] [org.springframework.beans.factory.support.DefaultListableBeanFactory] [getSingleton] [225] -> Creating shared instance of singleton bean 'flashMapManager'
2026-03-18 00:56:11 [DEBUG] [org.springframework.beans.factory.support.DefaultListableBeanFactory] [getSingleton] [225] -> Creating shared instance of singleton bean 'mvcValidator'
2026-03-18 00:56:11 [DEBUG] [org.springframework.beans.factory.support.DefaultListableBeanFactory] [getSingleton] [225] -> Creating shared instance of singleton bean 'mvcContentNegotiationManager'
2026-03-18 00:56:11 [DEBUG] [org.springframework.beans.factory.support.DefaultListableBeanFactory] [getSingleton] [225] -> Creating shared instance of singleton bean 'requestMappingHandlerMapping'
2026-03-18 00:56:11 [DEBUG] [org.springframework.beans.factory.support.DefaultListableBeanFactory] [registerDependentBeans] [945] -> Autowiring by type from bean name 'requestMappingHandlerMapping' via factory method to bean named 'mvcContentNegotiationManager'
2026-03-18 00:56:11 [DEBUG] [org.springframework.beans.factory.support.DefaultListableBeanFactory] [registerDependentBeans] [945] -> Autowiring by type from bean name 'requestMappingHandlerMapping' via factory method to bean named 'mvcConversionService'
2026-03-18 00:56:11 [DEBUG] [org.springframework.beans.factory.support.DefaultListableBeanFactory] [registerDependentBeans] [945] -> Autowiring by type from bean name 'requestMappingHandlerMapping' via factory method to bean named 'mvcResourceUrlProvider'
2026-03-18 00:56:11 [DEBUG] [_org.springframework.web.servlet.HandlerMapping.Mappings] [detectHandlerMethods] [294] -> 
	c.j.v.c.AppCollectController:
	{ [/appCollect/cancelCollect]}: cancelCollect(String,String,Integer)
	{ [/appCollect/addCollect]}: addCollect(String,String,Integer)
2026-03-18 00:56:11 [DEBUG] [_org.springframework.web.servlet.HandlerMapping.Mappings] [detectHandlerMethods] [294] -> 
	c.j.v.c.AppExamController:
	{ [/appExam/getExamQuestion]}: getExamQuestion(String,Integer)
	{ [/appExam/loadExamNotFinish]}: loadExamNotFinish(String)
	{ [/appExam/endExam]}: endExam(String,AppExamPostDto)
	{ [/appExam/cancelExam]}: cancelExam(String,Integer)
	{ [/appExam/addExam]}: addExam(String,String)
	{ [/appExam/startExam]}: startExam(String,Integer)
2026-03-18 00:56:11 [DEBUG] [_org.springframework.web.servlet.HandlerMapping.Mappings] [detectHandlerMethods] [294] -> 
	c.j.v.c.ArticleController:
	{ [/article/getArticleNext]}: getArticleNext(String,Integer,Integer)
	{ [/article/loadArticle]}: loadArticle(Integer,Integer)
2026-03-18 00:56:11 [DEBUG] [_org.springframework.web.servlet.HandlerMapping.Mappings] [detectHandlerMethods] [294] -> 
	c.j.v.c.FileController:
	{ [/file/downloadTemplate]}: downloadTemplate(HttpServletResponse,HttpServletRequest,Integer)
	{ [/file/getImage/{imageFolder}/{imageName}]}: getImage(HttpServletResponse,String,String)
	{ [/file/uploadFile]}: uploadFile(MultipartFile,Integer)
2026-03-18 00:56:11 [DEBUG] [_org.springframework.web.servlet.HandlerMapping.Mappings] [detectHandlerMethods] [294] -> 
	c.j.v.c.IndexController:
	{ [/index/report]}: report(HttpServletRequest,String,String)
	{ [/index/loadCarousel]}: loadCarousel()
	{ [/index/loadCategory]}: loadCategory(Integer)
	{ [/index/loadQuestionById]}: loadQuestionById(Integer)
2026-03-18 00:56:11 [DEBUG] [_org.springframework.web.servlet.HandlerMapping.Mappings] [detectHandlerMethods] [294] -> 
	c.j.v.c.LoginController:
	{ [/account/register]}: register(HttpServletRequest,String,String,String,Integer,String,String,String)
	{ [/account/login]}: login(HttpServletRequest,String,String,String,String,String)
	{ [/account/checkCode]}: checkCode(HttpServletResponse,String,Integer)
	{ [/account/autoLogin]}: autoLogin(HttpServletRequest,String,String,String)
2026-03-18 00:56:11 [DEBUG] [_org.springframework.web.servlet.HandlerMapping.Mappings] [detectHandlerMethods] [294] -> 
	c.j.v.c.MyInfoController:
	{ [/myInfo/loadMyCollect]}: loadMyCollect(String,Integer)
	{ [/myInfo/getMyFeedback]}: getMyFeedback(String,Integer)
	{ [/myInfo/getMyCollectNext]}: getMyCollectNext(String,Integer,Integer,Integer)
	{ [/myInfo/getMyFeedbackReply]}: getMyFeedbackReply(String,Integer)
	{ [/myInfo/uploadMyAvatar]}: uploadMyAvatar(String,MultipartFile,HttpServletRequest)
	{ [/myInfo/updateMyInfo]}: updateMyInfo(String,Integer,String,String,String)
	{ [/myInfo/addMyNewFeedback]}: addMyNewFeedback(String,Integer,String)
	{GET [/myInfo/loadMyInfo]}: loadMyInfo(String)
	{ [/myInfo/getMyExam]}: getMyExam(String,Integer)
	{ [/myInfo/getMyWrong]}: getMyWrong(String,Integer)
2026-03-18 00:56:11 [DEBUG] [_org.springframework.web.servlet.HandlerMapping.Mappings] [detectHandlerMethods] [294] -> 
	c.j.v.c.SearchController:
	{ [/search/search]}: search(String,Integer,Integer)
2026-03-18 00:56:11 [DEBUG] [_org.springframework.web.servlet.HandlerMapping.Mappings] [detectHandlerMethods] [294] -> 
	c.j.v.c.ShareController:
	{ [/share/getShareNext]}: getShareNext(String,Integer,Integer)
	{ [/share/loadShare]}: loadShare(Integer)
2026-03-18 00:56:11 [DEBUG] [_org.springframework.web.servlet.HandlerMapping.Mappings] [detectHandlerMethods] [294] -> 
	c.j.v.c.TestController:
	{ [/test]}: test()
2026-03-18 00:56:11 [DEBUG] [_org.springframework.web.servlet.HandlerMapping.Mappings] [detectHandlerMethods] [294] -> 
	c.j.v.c.UpdateController:
	{ [/update/checkVersion]}: checkVersion(String,String)
	{ [/update/download]}: download(HttpServletResponse,Integer)
2026-03-18 00:56:11 [DEBUG] [_org.springframework.web.servlet.HandlerMapping.Mappings] [detectHandlerMethods] [294] -> 
	c.j.v.c.WechatLoginController:
	{ [/account/wxLogin]}: wxLogin(Map,HttpServletRequest)
2026-03-18 00:56:11 [DEBUG] [_org.springframework.web.servlet.HandlerMapping.Mappings] [detectHandlerMethods] [294] -> 
	c.j.v.c.WordController:
	{ [/word/getWordNext]}: getWordNext(String,Integer,Integer)
	{ [/word/loadWord]}: loadWord(Integer,Integer)
2026-03-18 00:56:11 [DEBUG] [_org.springframework.web.servlet.HandlerMapping.Mappings] [detectHandlerMethods] [294] -> 
	o.s.b.a.w.s.e.BasicErrorController:
	{ [/error]}: error(HttpServletRequest)
	{ [/error], produces [text/html]}: errorHtml(HttpServletRequest,HttpServletResponse)
2026-03-18 00:56:11 [DEBUG] [org.springframework.web.servlet.mvc.method.annotation.RequestMappingHandlerMapping] [handlerMethodsInitialized] [366] -> 42 mappings in 'requestMappingHandlerMapping'
2026-03-18 00:56:11 [DEBUG] [org.springframework.beans.factory.support.DefaultListableBeanFactory] [getSingleton] [225] -> Creating shared instance of singleton bean 'mvcPatternParser'
2026-03-18 00:56:11 [DEBUG] [org.springframework.beans.factory.support.DefaultListableBeanFactory] [getSingleton] [225] -> Creating shared instance of singleton bean 'mvcUrlPathHelper'
2026-03-18 00:56:11 [DEBUG] [org.springframework.beans.factory.support.DefaultListableBeanFactory] [getSingleton] [225] -> Creating shared instance of singleton bean 'mvcPathMatcher'
2026-03-18 00:56:11 [DEBUG] [org.springframework.beans.factory.support.DefaultListableBeanFactory] [getSingleton] [225] -> Creating shared instance of singleton bean 'viewControllerHandlerMapping'
2026-03-18 00:56:11 [DEBUG] [org.springframework.beans.factory.support.DefaultListableBeanFactory] [registerDependentBeans] [945] -> Autowiring by type from bean name 'viewControllerHandlerMapping' via factory method to bean named 'mvcConversionService'
2026-03-18 00:56:11 [DEBUG] [org.springframework.beans.factory.support.DefaultListableBeanFactory] [registerDependentBeans] [945] -> Autowiring by type from bean name 'viewControllerHandlerMapping' via factory method to bean named 'mvcResourceUrlProvider'
2026-03-18 00:56:11 [DEBUG] [org.springframework.beans.factory.support.DefaultListableBeanFactory] [getSingleton] [225] -> Creating shared instance of singleton bean 'beanNameHandlerMapping'
2026-03-18 00:56:11 [DEBUG] [org.springframework.beans.factory.support.DefaultListableBeanFactory] [registerDependentBeans] [945] -> Autowiring by type from bean name 'beanNameHandlerMapping' via factory method to bean named 'mvcConversionService'
2026-03-18 00:56:11 [DEBUG] [org.springframework.beans.factory.support.DefaultListableBeanFactory] [registerDependentBeans] [945] -> Autowiring by type from bean name 'beanNameHandlerMapping' via factory method to bean named 'mvcResourceUrlProvider'
2026-03-18 00:56:11 [DEBUG] [_org.springframework.web.servlet.HandlerMapping.Mappings] [detectHandlers] [86] -> 'beanNameHandlerMapping' {}
2026-03-18 00:56:11 [DEBUG] [org.springframework.beans.factory.support.DefaultListableBeanFactory] [getSingleton] [225] -> Creating shared instance of singleton bean 'routerFunctionMapping'
2026-03-18 00:56:11 [DEBUG] [org.springframework.beans.factory.support.DefaultListableBeanFactory] [registerDependentBeans] [945] -> Autowiring by type from bean name 'routerFunctionMapping' via factory method to bean named 'mvcConversionService'
2026-03-18 00:56:11 [DEBUG] [org.springframework.beans.factory.support.DefaultListableBeanFactory] [registerDependentBeans] [945] -> Autowiring by type from bean name 'routerFunctionMapping' via factory method to bean named 'mvcResourceUrlProvider'
2026-03-18 00:56:11 [DEBUG] [org.springframework.beans.factory.support.DefaultListableBeanFactory] [getSingleton] [225] -> Creating shared instance of singleton bean 'messageConverters'
2026-03-18 00:56:11 [DEBUG] [org.springframework.beans.factory.support.DefaultListableBeanFactory] [getSingleton] [225] -> Creating shared instance of singleton bean 'org.springframework.boot.autoconfigure.http.HttpMessageConvertersAutoConfiguration'
2026-03-18 00:56:11 [DEBUG] [org.springframework.beans.factory.support.DefaultListableBeanFactory] [getSingleton] [225] -> Creating shared instance of singleton bean 'stringHttpMessageConverter'
2026-03-18 00:56:11 [DEBUG] [org.springframework.beans.factory.support.DefaultListableBeanFactory] [getSingleton] [225] -> Creating shared instance of singleton bean 'org.springframework.boot.autoconfigure.http.HttpMessageConvertersAutoConfiguration$StringHttpMessageConverterConfiguration'
2026-03-18 00:56:11 [DEBUG] [org.springframework.beans.factory.support.DefaultListableBeanFactory] [registerDependentBeans] [945] -> Autowiring by type from bean name 'stringHttpMessageConverter' via factory method to bean named 'environment'
2026-03-18 00:56:11 [DEBUG] [org.springframework.beans.factory.support.DefaultListableBeanFactory] [getSingleton] [225] -> Creating shared instance of singleton bean 'mappingJackson2HttpMessageConverter'
2026-03-18 00:56:11 [DEBUG] [org.springframework.beans.factory.support.DefaultListableBeanFactory] [getSingleton] [225] -> Creating shared instance of singleton bean 'org.springframework.boot.autoconfigure.http.JacksonHttpMessageConvertersConfiguration$MappingJackson2HttpMessageConverterConfiguration'
2026-03-18 00:56:11 [DEBUG] [org.springframework.beans.factory.support.DefaultListableBeanFactory] [getSingleton] [225] -> Creating shared instance of singleton bean 'jacksonObjectMapper'
2026-03-18 00:56:11 [DEBUG] [org.springframework.beans.factory.support.DefaultListableBeanFactory] [getSingleton] [225] -> Creating shared instance of singleton bean 'org.springframework.boot.autoconfigure.jackson.JacksonAutoConfiguration$JacksonObjectMapperConfiguration'
2026-03-18 00:56:11 [DEBUG] [org.springframework.beans.factory.support.DefaultListableBeanFactory] [getSingleton] [225] -> Creating shared instance of singleton bean 'org.springframework.boot.autoconfigure.jackson.JacksonAutoConfiguration$JacksonObjectMapperBuilderConfiguration'
2026-03-18 00:56:11 [DEBUG] [org.springframework.beans.factory.support.DefaultListableBeanFactory] [getSingleton] [225] -> Creating shared instance of singleton bean 'standardJacksonObjectMapperBuilderCustomizer'
2026-03-18 00:56:11 [DEBUG] [org.springframework.beans.factory.support.DefaultListableBeanFactory] [getSingleton] [225] -> Creating shared instance of singleton bean 'org.springframework.boot.autoconfigure.jackson.JacksonAutoConfiguration$Jackson2ObjectMapperBuilderCustomizerConfiguration'
2026-03-18 00:56:11 [DEBUG] [org.springframework.beans.factory.support.DefaultListableBeanFactory] [getSingleton] [225] -> Creating shared instance of singleton bean 'spring.jackson-org.springframework.boot.autoconfigure.jackson.JacksonProperties'
2026-03-18 00:56:11 [DEBUG] [org.springframework.beans.factory.support.DefaultListableBeanFactory] [registerDependentBeans] [945] -> Autowiring by type from bean name 'standardJacksonObjectMapperBuilderCustomizer' via factory method to bean named 'spring.jackson-org.springframework.boot.autoconfigure.jackson.JacksonProperties'
2026-03-18 00:56:11 [DEBUG] [org.springframework.beans.factory.support.DefaultListableBeanFactory] [getSingleton] [225] -> Creating shared instance of singleton bean 'parameterNamesModule'
2026-03-18 00:56:11 [DEBUG] [org.springframework.beans.factory.support.DefaultListableBeanFactory] [getSingleton] [225] -> Creating shared instance of singleton bean 'org.springframework.boot.autoconfigure.jackson.JacksonAutoConfiguration$ParameterNamesModuleConfiguration'
2026-03-18 00:56:11 [DEBUG] [org.springframework.beans.factory.support.DefaultListableBeanFactory] [getSingleton] [225] -> Creating shared instance of singleton bean 'jsonMixinModule'
2026-03-18 00:56:11 [DEBUG] [org.springframework.beans.factory.support.DefaultListableBeanFactory] [getSingleton] [225] -> Creating shared instance of singleton bean 'org.springframework.boot.autoconfigure.jackson.JacksonAutoConfiguration$JacksonMixinConfiguration'
2026-03-18 00:56:11 [DEBUG] [org.springframework.beans.factory.support.DefaultListableBeanFactory] [getSingleton] [225] -> Creating shared instance of singleton bean 'jsonMixinModuleEntries'
2026-03-18 00:56:11 [DEBUG] [org.springframework.beans.factory.support.DefaultListableBeanFactory] [registerDependentBeans] [945] -> Autowiring by type from bean name 'jsonMixinModuleEntries' via factory method to bean named 'org.springframework.boot.web.servlet.context.AnnotationConfigServletWebServerApplicationContext@1d470d0'
2026-03-18 00:56:11 [DEBUG] [org.springframework.beans.factory.support.DefaultListableBeanFactory] [registerDependentBeans] [945] -> Autowiring by type from bean name 'jsonMixinModule' via factory method to bean named 'org.springframework.boot.web.servlet.context.AnnotationConfigServletWebServerApplicationContext@1d470d0'
2026-03-18 00:56:11 [DEBUG] [org.springframework.beans.factory.support.DefaultListableBeanFactory] [registerDependentBeans] [945] -> Autowiring by type from bean name 'jsonMixinModule' via factory method to bean named 'jsonMixinModuleEntries'
2026-03-18 00:56:11 [DEBUG] [org.springframework.beans.factory.support.DefaultListableBeanFactory] [getSingleton] [225] -> Creating shared instance of singleton bean 'jsonComponentModule'
2026-03-18 00:56:11 [DEBUG] [org.springframework.beans.factory.support.DefaultListableBeanFactory] [getSingleton] [225] -> Creating shared instance of singleton bean 'org.springframework.boot.autoconfigure.jackson.JacksonAutoConfiguration'
2026-03-18 00:56:11 [DEBUG] [org.springframework.beans.factory.support.DefaultListableBeanFactory] [getSingleton] [225] -> Creating shared instance of singleton bean 'jacksonGeoModule'
2026-03-18 00:56:11 [DEBUG] [org.springframework.beans.factory.support.DefaultListableBeanFactory] [getSingleton] [225] -> Creating shared instance of singleton bean 'org.springframework.data.web.config.SpringDataJacksonConfiguration'
2026-03-18 00:56:11 [DEBUG] [org.springframework.beans.factory.support.DefaultListableBeanFactory] [getSingleton] [225] -> Creating shared instance of singleton bean 'org.springframework.data.web.config.SpringDataWebSettings'
2026-03-18 00:56:11 [DEBUG] [org.springframework.beans.factory.support.DefaultListableBeanFactory] [getSingleton] [225] -> Creating shared instance of singleton bean 'pageModule'
2026-03-18 00:56:11 [DEBUG] [org.springframework.beans.factory.support.DefaultListableBeanFactory] [registerDependentBeans] [945] -> Autowiring by type from bean name 'jacksonObjectMapperBuilder' via factory method to bean named 'org.springframework.boot.web.servlet.context.AnnotationConfigServletWebServerApplicationContext@1d470d0'
2026-03-18 00:56:11 [DEBUG] [org.springframework.beans.factory.support.DefaultListableBeanFactory] [registerDependentBeans] [945] -> Autowiring by type from bean name 'jacksonObjectMapperBuilder' via factory method to bean named 'standardJacksonObjectMapperBuilderCustomizer'
2026-03-18 00:56:11 [DEBUG] [org.springframework.beans.factory.support.DefaultListableBeanFactory] [registerDependentBeans] [945] -> Autowiring by type from bean name 'jacksonObjectMapper' via factory method to bean named 'jacksonObjectMapperBuilder'
2026-03-18 00:56:11 [DEBUG] [org.springframework.beans.factory.support.DefaultListableBeanFactory] [registerDependentBeans] [945] -> Autowiring by type from bean name 'mappingJackson2HttpMessageConverter' via factory method to bean named 'jacksonObjectMapper'
2026-03-18 00:56:11 [DEBUG] [org.springframework.beans.factory.support.DefaultListableBeanFactory] [getSingleton] [225] -> Creating shared instance of singleton bean 'resourceHandlerMapping'
2026-03-18 00:56:11 [DEBUG] [org.springframework.beans.factory.support.DefaultListableBeanFactory] [registerDependentBeans] [945] -> Autowiring by type from bean name 'resourceHandlerMapping' via factory method to bean named 'mvcContentNegotiationManager'
2026-03-18 00:56:11 [DEBUG] [org.springframework.beans.factory.support.DefaultListableBeanFactory] [registerDependentBeans] [945] -> Autowiring by type from bean name 'resourceHandlerMapping' via factory method to bean named 'mvcConversionService'
2026-03-18 00:56:11 [DEBUG] [org.springframework.beans.factory.support.DefaultListableBeanFactory] [registerDependentBeans] [945] -> Autowiring by type from bean name 'resourceHandlerMapping' via factory method to bean named 'mvcResourceUrlProvider'
2026-03-18 00:56:11 [DEBUG] [_org.springframework.web.servlet.HandlerMapping.Mappings] [logMappings] [176] -> 'resourceHandlerMapping' {/webjars/**=ResourceHttpRequestHandler [classpath [META-INF/resources/webjars/]], /**=ResourceHttpRequestHandler [classpath [META-INF/resources/], classpath [resources/], classpath [static/], classpath [public/], ServletContext [/]], /VocabEase/avatar/**=ResourceHttpRequestHandler [URL [file:/D:/IdeaProject/VocabEase/avatar/]]}
2026-03-18 00:56:11 [DEBUG] [org.springframework.beans.factory.support.DefaultListableBeanFactory] [getSingleton] [225] -> Creating shared instance of singleton bean 'defaultServletHandlerMapping'
2026-03-18 00:56:11 [DEBUG] [org.springframework.beans.factory.support.DefaultListableBeanFactory] [getSingleton] [225] -> Creating shared instance of singleton bean 'requestMappingHandlerAdapter'
2026-03-18 00:56:11 [DEBUG] [org.springframework.beans.factory.support.DefaultListableBeanFactory] [registerDependentBeans] [945] -> Autowiring by type from bean name 'requestMappingHandlerAdapter' via factory method to bean named 'mvcContentNegotiationManager'
2026-03-18 00:56:11 [DEBUG] [org.springframework.beans.factory.support.DefaultListableBeanFactory] [registerDependentBeans] [945] -> Autowiring by type from bean name 'requestMappingHandlerAdapter' via factory method to bean named 'mvcConversionService'
2026-03-18 00:56:11 [DEBUG] [org.springframework.beans.factory.support.DefaultListableBeanFactory] [registerDependentBeans] [945] -> Autowiring by type from bean name 'requestMappingHandlerAdapter' via factory method to bean named 'mvcValidator'
2026-03-18 00:56:11 [DEBUG] [org.springframework.beans.factory.support.DefaultListableBeanFactory] [getSingleton] [225] -> Creating shared instance of singleton bean 'sortResolver'
2026-03-18 00:56:11 [DEBUG] [org.springframework.beans.factory.support.DefaultListableBeanFactory] [getSingleton] [225] -> Creating shared instance of singleton bean 'sortCustomizer'
2026-03-18 00:56:11 [DEBUG] [org.springframework.beans.factory.support.DefaultListableBeanFactory] [getSingleton] [225] -> Creating shared instance of singleton bean 'org.springframework.boot.autoconfigure.data.web.SpringDataWebAutoConfiguration'
2026-03-18 00:56:11 [DEBUG] [org.springframework.beans.factory.support.DefaultListableBeanFactory] [getSingleton] [225] -> Creating shared instance of singleton bean 'spring.data.web-org.springframework.boot.autoconfigure.data.web.SpringDataWebProperties'
2026-03-18 00:56:11 [DEBUG] [org.springframework.beans.factory.support.DefaultListableBeanFactory] [registerDependentBeans] [945] -> Autowiring by type from bean name 'org.springframework.boot.autoconfigure.data.web.SpringDataWebAutoConfiguration' via constructor to bean named 'spring.data.web-org.springframework.boot.autoconfigure.data.web.SpringDataWebProperties'
2026-03-18 00:56:11 [DEBUG] [org.springframework.beans.factory.support.DefaultListableBeanFactory] [getSingleton] [225] -> Creating shared instance of singleton bean 'pageableResolver'
2026-03-18 00:56:11 [DEBUG] [org.springframework.beans.factory.support.DefaultListableBeanFactory] [getSingleton] [225] -> Creating shared instance of singleton bean 'pageableCustomizer'
2026-03-18 00:56:11 [DEBUG] [org.springframework.beans.factory.support.DefaultListableBeanFactory] [getSingleton] [225] -> Creating shared instance of singleton bean 'applicationTaskExecutor'
2026-03-18 00:56:11 [DEBUG] [org.springframework.beans.factory.support.DefaultListableBeanFactory] [registerDependentBeans] [945] -> Autowiring by type from bean name 'applicationTaskExecutor' via factory method to bean named 'taskExecutorBuilder'
2026-03-18 00:56:11 [DEBUG] [org.springframework.scheduling.concurrent.ThreadPoolTaskExecutor] [initialize] [264] -> Initializing ExecutorService 'applicationTaskExecutor'
2026-03-18 00:56:11 [DEBUG] [org.springframework.web.servlet.mvc.method.annotation.RequestMappingHandlerAdapter] [initControllerAdviceCache] [634] -> ControllerAdvice beans: 0 @ModelAttribute, 0 @InitBinder, 1 RequestBodyAdvice, 1 ResponseBodyAdvice
2026-03-18 00:56:11 [DEBUG] [org.springframework.beans.factory.support.DefaultListableBeanFactory] [getSingleton] [225] -> Creating shared instance of singleton bean 'handlerFunctionAdapter'
2026-03-18 00:56:11 [DEBUG] [org.springframework.beans.factory.support.DefaultListableBeanFactory] [getSingleton] [225] -> Creating shared instance of singleton bean 'mvcUriComponentsContributor'
2026-03-18 00:56:11 [DEBUG] [org.springframework.beans.factory.support.DefaultListableBeanFactory] [registerDependentBeans] [945] -> Autowiring by type from bean name 'mvcUriComponentsContributor' via factory method to bean named 'mvcConversionService'
2026-03-18 00:56:11 [DEBUG] [org.springframework.beans.factory.support.DefaultListableBeanFactory] [registerDependentBeans] [945] -> Autowiring by type from bean name 'mvcUriComponentsContributor' via factory method to bean named 'requestMappingHandlerAdapter'
2026-03-18 00:56:11 [DEBUG] [org.springframework.beans.factory.support.DefaultListableBeanFactory] [getSingleton] [225] -> Creating shared instance of singleton bean 'httpRequestHandlerAdapter'
2026-03-18 00:56:11 [DEBUG] [org.springframework.beans.factory.support.DefaultListableBeanFactory] [getSingleton] [225] -> Creating shared instance of singleton bean 'simpleControllerHandlerAdapter'
2026-03-18 00:56:11 [DEBUG] [org.springframework.beans.factory.support.DefaultListableBeanFactory] [getSingleton] [225] -> Creating shared instance of singleton bean 'handlerExceptionResolver'
2026-03-18 00:56:11 [DEBUG] [org.springframework.beans.factory.support.DefaultListableBeanFactory] [registerDependentBeans] [945] -> Autowiring by type from bean name 'handlerExceptionResolver' via factory method to bean named 'mvcContentNegotiationManager'
2026-03-18 00:56:11 [DEBUG] [org.springframework.web.servlet.mvc.method.annotation.ExceptionHandlerExceptionResolver] [initExceptionHandlerAdviceCache] [305] -> ControllerAdvice beans: 1 @ExceptionHandler, 1 ResponseBodyAdvice
2026-03-18 00:56:11 [DEBUG] [org.springframework.beans.factory.support.DefaultListableBeanFactory] [getSingleton] [225] -> Creating shared instance of singleton bean 'mvcViewResolver'
2026-03-18 00:56:11 [DEBUG] [org.springframework.beans.factory.support.DefaultListableBeanFactory] [registerDependentBeans] [945] -> Autowiring by type from bean name 'mvcViewResolver' via factory method to bean named 'mvcContentNegotiationManager'
2026-03-18 00:56:11 [DEBUG] [org.springframework.beans.factory.support.DefaultListableBeanFactory] [getSingleton] [225] -> Creating shared instance of singleton bean 'viewNameTranslator'
2026-03-18 00:56:11 [DEBUG] [org.springframework.beans.factory.support.DefaultListableBeanFactory] [getSingleton] [225] -> Creating shared instance of singleton bean 'defaultViewResolver'
2026-03-18 00:56:11 [DEBUG] [org.springframework.beans.factory.support.DefaultListableBeanFactory] [getSingleton] [225] -> Creating shared instance of singleton bean 'viewResolver'
2026-03-18 00:56:11 [DEBUG] [org.springframework.beans.factory.support.DefaultListableBeanFactory] [registerDependentBeans] [945] -> Autowiring by type from bean name 'viewResolver' via factory method to bean named 'org.springframework.beans.factory.support.DefaultListableBeanFactory@28276e50'
2026-03-18 00:56:11 [DEBUG] [org.springframework.beans.factory.support.DefaultListableBeanFactory] [getSingleton] [225] -> Creating shared instance of singleton bean 'viewResolver'
2026-03-18 00:56:11 [DEBUG] [org.springframework.beans.factory.support.DefaultListableBeanFactory] [getSingleton] [225] -> Creating shared instance of singleton bean 'org.mybatis.spring.boot.autoconfigure.MybatisLanguageDriverAutoConfiguration'
2026-03-18 00:56:11 [DEBUG] [org.springframework.beans.factory.support.DefaultListableBeanFactory] [getSingleton] [225] -> Creating shared instance of singleton bean 'org.springframework.boot.autoconfigure.jdbc.DataSourceJmxConfiguration$Hikari'
2026-03-18 00:56:11 [DEBUG] [org.springframework.beans.factory.support.DefaultListableBeanFactory] [registerDependentBeans] [945] -> Autowiring by type from bean name 'org.springframework.boot.autoconfigure.jdbc.DataSourceJmxConfiguration$Hikari' via constructor to bean named 'dataSource'
2026-03-18 00:56:11 [DEBUG] [org.springframework.beans.factory.support.DefaultListableBeanFactory] [getSingleton] [225] -> Creating shared instance of singleton bean 'org.springframework.boot.autoconfigure.jdbc.DataSourceJmxConfiguration'
2026-03-18 00:56:11 [DEBUG] [org.springframework.beans.factory.support.DefaultListableBeanFactory] [getSingleton] [225] -> Creating shared instance of singleton bean 'org.springframework.boot.autoconfigure.jdbc.metadata.DataSourcePoolMetadataProvidersConfiguration$HikariPoolDataSourceMetadataProviderConfiguration'
2026-03-18 00:56:11 [DEBUG] [org.springframework.beans.factory.support.DefaultListableBeanFactory] [getSingleton] [225] -> Creating shared instance of singleton bean 'hikariPoolDataSourceMetadataProvider'
2026-03-18 00:56:11 [DEBUG] [org.springframework.beans.factory.support.DefaultListableBeanFactory] [getSingleton] [225] -> Creating shared instance of singleton bean 'org.springframework.boot.autoconfigure.jdbc.metadata.DataSourcePoolMetadataProvidersConfiguration'
2026-03-18 00:56:11 [DEBUG] [org.springframework.beans.factory.support.DefaultListableBeanFactory] [getSingleton] [225] -> Creating shared instance of singleton bean 'org.springframework.boot.autoconfigure.jdbc.DataSourceAutoConfiguration'
2026-03-18 00:56:11 [DEBUG] [org.springframework.beans.factory.support.DefaultListableBeanFactory] [getSingleton] [225] -> Creating shared instance of singleton bean 'org.springframework.boot.autoconfigure.jmx.JmxAutoConfiguration'
2026-03-18 00:56:11 [DEBUG] [org.springframework.beans.factory.support.DefaultListableBeanFactory] [getSingleton] [225] -> Creating shared instance of singleton bean 'spring.jmx-org.springframework.boot.autoconfigure.jmx.JmxProperties'
2026-03-18 00:56:11 [DEBUG] [org.springframework.beans.factory.support.DefaultListableBeanFactory] [registerDependentBeans] [945] -> Autowiring by type from bean name 'org.springframework.boot.autoconfigure.jmx.JmxAutoConfiguration' via constructor to bean named 'spring.jmx-org.springframework.boot.autoconfigure.jmx.JmxProperties'
2026-03-18 00:56:11 [DEBUG] [org.springframework.beans.factory.support.DefaultListableBeanFactory] [getSingleton] [225] -> Creating shared instance of singleton bean 'mbeanExporter'
2026-03-18 00:56:11 [DEBUG] [org.springframework.beans.factory.support.DefaultListableBeanFactory] [getSingleton] [225] -> Creating shared instance of singleton bean 'objectNamingStrategy'
2026-03-18 00:56:11 [DEBUG] [org.springframework.beans.factory.support.DefaultListableBeanFactory] [registerDependentBeans] [945] -> Autowiring by type from bean name 'mbeanExporter' via factory method to bean named 'objectNamingStrategy'
2026-03-18 00:56:11 [DEBUG] [org.springframework.beans.factory.support.DefaultListableBeanFactory] [registerDependentBeans] [945] -> Autowiring by type from bean name 'mbeanExporter' via factory method to bean named 'org.springframework.beans.factory.support.DefaultListableBeanFactory@28276e50'
2026-03-18 00:56:11 [DEBUG] [org.springframework.beans.factory.support.DefaultListableBeanFactory] [getSingleton] [225] -> Creating shared instance of singleton bean 'mbeanServer'
2026-03-18 00:56:11 [DEBUG] [org.springframework.jmx.support.JmxUtils] [locateMBeanServer] [127] -> Found MBeanServer: com.sun.jmx.mbeanserver.JmxMBeanServer@363459fc
2026-03-18 00:56:11 [DEBUG] [org.springframework.beans.factory.support.DefaultListableBeanFactory] [getSingleton] [225] -> Creating shared instance of singleton bean 'org.springframework.boot.autoconfigure.admin.SpringApplicationAdminJmxAutoConfiguration'
2026-03-18 00:56:11 [DEBUG] [org.springframework.beans.factory.support.DefaultListableBeanFactory] [getSingleton] [225] -> Creating shared instance of singleton bean 'springApplicationAdminRegistrar'
2026-03-18 00:56:11 [DEBUG] [org.springframework.beans.factory.support.DefaultListableBeanFactory] [registerDependentBeans] [945] -> Autowiring by type from bean name 'springApplicationAdminRegistrar' via factory method to bean named 'environment'
2026-03-18 00:56:11 [DEBUG] [org.springframework.boot.admin.SpringApplicationAdminMXBeanRegistrar$SpringApplicationAdmin] [afterPropertiesSet] [131] -> Application Admin MBean registered with name 'org.springframework.boot:type=Admin,name=SpringApplication'
2026-03-18 00:56:11 [DEBUG] [org.springframework.beans.factory.support.DefaultListableBeanFactory] [getSingleton] [225] -> Creating shared instance of singleton bean 'org.springframework.boot.autoconfigure.aop.AopAutoConfiguration$AspectJAutoProxyingConfiguration$CglibAutoProxyConfiguration'
2026-03-18 00:56:11 [DEBUG] [org.springframework.beans.factory.support.DefaultListableBeanFactory] [getSingleton] [225] -> Creating shared instance of singleton bean 'org.springframework.boot.autoconfigure.aop.AopAutoConfiguration$AspectJAutoProxyingConfiguration'
2026-03-18 00:56:11 [DEBUG] [org.springframework.beans.factory.support.DefaultListableBeanFactory] [getSingleton] [225] -> Creating shared instance of singleton bean 'org.springframework.boot.autoconfigure.aop.AopAutoConfiguration'
2026-03-18 00:56:11 [DEBUG] [org.springframework.beans.factory.support.DefaultListableBeanFactory] [getSingleton] [225] -> Creating shared instance of singleton bean 'org.springframework.boot.autoconfigure.availability.ApplicationAvailabilityAutoConfiguration'
2026-03-18 00:56:11 [DEBUG] [org.springframework.beans.factory.support.DefaultListableBeanFactory] [getSingleton] [225] -> Creating shared instance of singleton bean 'applicationAvailability'
2026-03-18 00:56:11 [DEBUG] [org.springframework.beans.factory.support.DefaultListableBeanFactory] [getSingleton] [225] -> Creating shared instance of singleton bean 'stringRedisTemplate'
2026-03-18 00:56:11 [DEBUG] [org.springframework.beans.factory.support.DefaultListableBeanFactory] [registerDependentBeans] [945] -> Autowiring by type from bean name 'stringRedisTemplate' via factory method to bean named 'redisConnectionFactory'
2026-03-18 00:56:11 [DEBUG] [org.springframework.beans.factory.support.DefaultListableBeanFactory] [getSingleton] [225] -> Creating shared instance of singleton bean 'org.springframework.boot.autoconfigure.transaction.TransactionManagerCustomizationAutoConfiguration'
2026-03-18 00:56:11 [DEBUG] [org.springframework.beans.factory.support.DefaultListableBeanFactory] [getSingleton] [225] -> Creating shared instance of singleton bean 'platformTransactionManagerCustomizers'
2026-03-18 00:56:11 [DEBUG] [org.springframework.beans.factory.support.DefaultListableBeanFactory] [getSingleton] [225] -> Creating shared instance of singleton bean 'transactionExecutionListeners'
2026-03-18 00:56:11 [DEBUG] [org.springframework.beans.factory.support.DefaultListableBeanFactory] [getSingleton] [225] -> Creating shared instance of singleton bean 'spring.transaction-org.springframework.boot.autoconfigure.transaction.TransactionProperties'
2026-03-18 00:56:11 [DEBUG] [org.springframework.beans.factory.support.DefaultListableBeanFactory] [getSingleton] [225] -> Creating shared instance of singleton bean 'org.springframework.boot.autoconfigure.context.ConfigurationPropertiesAutoConfiguration'
2026-03-18 00:56:11 [DEBUG] [org.springframework.beans.factory.support.DefaultListableBeanFactory] [getSingleton] [225] -> Creating shared instance of singleton bean 'org.springframework.boot.autoconfigure.context.LifecycleAutoConfiguration'
2026-03-18 00:56:11 [DEBUG] [org.springframework.beans.factory.support.DefaultListableBeanFactory] [getSingleton] [225] -> Creating shared instance of singleton bean 'lifecycleProcessor'
2026-03-18 00:56:11 [DEBUG] [org.springframework.beans.factory.support.DefaultListableBeanFactory] [getSingleton] [225] -> Creating shared instance of singleton bean 'spring.lifecycle-org.springframework.boot.autoconfigure.context.LifecycleProperties'
2026-03-18 00:56:11 [DEBUG] [org.springframework.beans.factory.support.DefaultListableBeanFactory] [registerDependentBeans] [945] -> Autowiring by type from bean name 'lifecycleProcessor' via factory method to bean named 'spring.lifecycle-org.springframework.boot.autoconfigure.context.LifecycleProperties'
2026-03-18 00:56:11 [DEBUG] [org.springframework.beans.factory.support.DefaultListableBeanFactory] [getSingleton] [225] -> Creating shared instance of singleton bean 'org.springframework.boot.autoconfigure.dao.PersistenceExceptionTranslationAutoConfiguration'
2026-03-18 00:56:11 [DEBUG] [org.springframework.beans.factory.support.DefaultListableBeanFactory] [getSingleton] [225] -> Creating shared instance of singleton bean 'org.springframework.boot.autoconfigure.data.redis.RedisReactiveAutoConfiguration'
2026-03-18 00:56:11 [DEBUG] [org.springframework.beans.factory.support.DefaultListableBeanFactory] [getSingleton] [225] -> Creating shared instance of singleton bean 'reactiveRedisTemplate'
2026-03-18 00:56:11 [DEBUG] [org.springframework.beans.factory.support.DefaultListableBeanFactory] [registerDependentBeans] [945] -> Autowiring by type from bean name 'reactiveRedisTemplate' via factory method to bean named 'redisConnectionFactory'
2026-03-18 00:56:11 [DEBUG] [org.springframework.beans.factory.support.DefaultListableBeanFactory] [registerDependentBeans] [945] -> Autowiring by type from bean name 'reactiveRedisTemplate' via factory method to bean named 'org.springframework.boot.web.servlet.context.AnnotationConfigServletWebServerApplicationContext@1d470d0'
2026-03-18 00:56:11 [DEBUG] [org.springframework.beans.factory.support.DefaultListableBeanFactory] [getSingleton] [225] -> Creating shared instance of singleton bean 'reactiveStringRedisTemplate'
2026-03-18 00:56:11 [DEBUG] [org.springframework.beans.factory.support.DefaultListableBeanFactory] [registerDependentBeans] [945] -> Autowiring by type from bean name 'reactiveStringRedisTemplate' via factory method to bean named 'redisConnectionFactory'
2026-03-18 00:56:11 [DEBUG] [org.springframework.beans.factory.support.DefaultListableBeanFactory] [getSingleton] [225] -> Creating shared instance of singleton bean 'org.springframework.boot.autoconfigure.data.redis.RedisRepositoriesAutoConfiguration'
2026-03-18 00:56:11 [DEBUG] [org.springframework.beans.factory.support.DefaultListableBeanFactory] [getSingleton] [225] -> Creating shared instance of singleton bean 'redisIndexConfiguration#0'
2026-03-18 00:56:11 [DEBUG] [org.springframework.beans.factory.support.DefaultListableBeanFactory] [getSingleton] [225] -> Creating shared instance of singleton bean 'redisKeyspaceConfiguration#0'
2026-03-18 00:56:11 [DEBUG] [org.springframework.beans.factory.support.DefaultListableBeanFactory] [getSingleton] [225] -> Creating shared instance of singleton bean 'redisMappingConfiguration#0'
2026-03-18 00:56:11 [DEBUG] [org.springframework.beans.factory.support.DefaultListableBeanFactory] [getSingleton] [225] -> Creating shared instance of singleton bean 'keyValueMappingContext'
2026-03-18 00:56:11 [DEBUG] [org.springframework.beans.factory.support.DefaultListableBeanFactory] [getSingleton] [225] -> Creating shared instance of singleton bean 'redisCustomConversions'
2026-03-18 00:56:11 [DEBUG] [org.springframework.data.convert.CustomConversions] [isSupportedConverter] [349] -> Adding converter from class java.lang.String to class [B as writing converter
2026-03-18 00:56:11 [DEBUG] [org.springframework.data.convert.CustomConversions] [isSupportedConverter] [349] -> Adding converter from class [B to class java.lang.String as reading converter
2026-03-18 00:56:11 [DEBUG] [org.springframework.data.convert.CustomConversions] [isSupportedConverter] [349] -> Adding converter from class java.lang.Number to class [B as writing converter
2026-03-18 00:56:11 [DEBUG] [org.springframework.data.convert.CustomConversions] [isSupportedConverter] [349] -> Adding converter from class [B to class java.lang.Number as reading converter
2026-03-18 00:56:11 [DEBUG] [org.springframework.data.convert.CustomConversions] [isSupportedConverter] [349] -> Adding converter from class java.lang.Enum to class [B as writing converter
2026-03-18 00:56:11 [DEBUG] [org.springframework.data.convert.CustomConversions] [isSupportedConverter] [349] -> Adding converter from class [B to class java.lang.Enum as reading converter
2026-03-18 00:56:11 [DEBUG] [org.springframework.data.convert.CustomConversions] [isSupportedConverter] [349] -> Adding converter from class java.lang.Boolean to class [B as writing converter
2026-03-18 00:56:11 [DEBUG] [org.springframework.data.convert.CustomConversions] [isSupportedConverter] [349] -> Adding converter from class [B to class java.lang.Boolean as reading converter
2026-03-18 00:56:11 [DEBUG] [org.springframework.data.convert.CustomConversions] [isSupportedConverter] [349] -> Adding converter from class java.util.Date to class [B as writing converter
2026-03-18 00:56:11 [DEBUG] [org.springframework.data.convert.CustomConversions] [isSupportedConverter] [349] -> Adding converter from class [B to class java.util.Date as reading converter
2026-03-18 00:56:11 [DEBUG] [org.springframework.data.convert.CustomConversions] [isSupportedConverter] [349] -> Adding converter from class java.util.UUID to class [B as writing converter
2026-03-18 00:56:11 [DEBUG] [org.springframework.data.convert.CustomConversions] [isSupportedConverter] [349] -> Adding converter from class [B to class java.util.UUID as reading converter
2026-03-18 00:56:11 [DEBUG] [org.springframework.data.convert.CustomConversions] [isSupportedConverter] [349] -> Adding converter from class java.time.LocalDateTime to class [B as reading converter
2026-03-18 00:56:11 [DEBUG] [org.springframework.data.convert.CustomConversions] [isSupportedConverter] [349] -> Adding converter from class [B to class java.time.LocalDateTime as reading converter
2026-03-18 00:56:11 [DEBUG] [org.springframework.data.convert.CustomConversions] [isSupportedConverter] [349] -> Adding converter from class java.time.LocalDate to class [B as reading converter
2026-03-18 00:56:11 [DEBUG] [org.springframework.data.convert.CustomConversions] [isSupportedConverter] [349] -> Adding converter from class [B to class java.time.LocalDate as reading converter
2026-03-18 00:56:11 [DEBUG] [org.springframework.data.convert.CustomConversions] [isSupportedConverter] [349] -> Adding converter from class java.time.LocalTime to class [B as reading converter
2026-03-18 00:56:11 [DEBUG] [org.springframework.data.convert.CustomConversions] [isSupportedConverter] [349] -> Adding converter from class [B to class java.time.LocalTime as reading converter
2026-03-18 00:56:11 [DEBUG] [org.springframework.data.convert.CustomConversions] [isSupportedConverter] [349] -> Adding converter from class java.time.ZonedDateTime to class [B as reading converter
2026-03-18 00:56:11 [DEBUG] [org.springframework.data.convert.CustomConversions] [isSupportedConverter] [349] -> Adding converter from class [B to class java.time.ZonedDateTime as reading converter
2026-03-18 00:56:11 [DEBUG] [org.springframework.data.convert.CustomConversions] [isSupportedConverter] [349] -> Adding converter from class java.time.Instant to class [B as reading converter
2026-03-18 00:56:11 [DEBUG] [org.springframework.data.convert.CustomConversions] [isSupportedConverter] [349] -> Adding converter from class [B to class java.time.Instant as reading converter
2026-03-18 00:56:11 [DEBUG] [org.springframework.data.convert.CustomConversions] [isSupportedConverter] [349] -> Adding converter from class java.time.ZoneId to class [B as reading converter
2026-03-18 00:56:11 [DEBUG] [org.springframework.data.convert.CustomConversions] [isSupportedConverter] [349] -> Adding converter from class [B to class java.time.ZoneId as reading converter
2026-03-18 00:56:11 [DEBUG] [org.springframework.data.convert.CustomConversions] [isSupportedConverter] [349] -> Adding converter from class java.time.Period to class [B as reading converter
2026-03-18 00:56:11 [DEBUG] [org.springframework.data.convert.CustomConversions] [isSupportedConverter] [349] -> Adding converter from class [B to class java.time.Period as reading converter
2026-03-18 00:56:11 [DEBUG] [org.springframework.data.convert.CustomConversions] [isSupportedConverter] [349] -> Adding converter from class java.time.Duration to class [B as reading converter
2026-03-18 00:56:11 [DEBUG] [org.springframework.data.convert.CustomConversions] [isSupportedConverter] [349] -> Adding converter from class [B to class java.time.Duration as reading converter
2026-03-18 00:56:11 [DEBUG] [org.springframework.data.convert.CustomConversions] [isSupportedConverter] [349] -> Adding converter from class java.time.OffsetDateTime to class [B as reading converter
2026-03-18 00:56:11 [DEBUG] [org.springframework.data.convert.CustomConversions] [isSupportedConverter] [349] -> Adding converter from class [B to class java.time.OffsetDateTime as reading converter
2026-03-18 00:56:11 [DEBUG] [org.springframework.data.convert.CustomConversions] [isSupportedConverter] [349] -> Adding converter from class java.time.OffsetTime to class [B as reading converter
2026-03-18 00:56:11 [DEBUG] [org.springframework.data.convert.CustomConversions] [isSupportedConverter] [349] -> Adding converter from class [B to class java.time.OffsetTime as reading converter
2026-03-18 00:56:11 [DEBUG] [org.springframework.data.convert.CustomConversions] [isSupportedConverter] [349] -> Adding converter from class java.util.Date to class java.time.LocalDateTime as reading converter
2026-03-18 00:56:11 [DEBUG] [org.springframework.data.convert.CustomConversions] [isSupportedConverter] [349] -> Adding converter from class java.time.LocalDateTime to class java.util.Date as writing converter
2026-03-18 00:56:11 [DEBUG] [org.springframework.data.convert.CustomConversions] [isSupportedConverter] [349] -> Adding converter from class java.util.Date to class java.time.LocalDate as reading converter
2026-03-18 00:56:11 [DEBUG] [org.springframework.data.convert.CustomConversions] [isSupportedConverter] [349] -> Adding converter from class java.time.LocalDate to class java.util.Date as writing converter
2026-03-18 00:56:11 [DEBUG] [org.springframework.data.convert.CustomConversions] [isSupportedConverter] [349] -> Adding converter from class java.util.Date to class java.time.LocalTime as reading converter
2026-03-18 00:56:11 [DEBUG] [org.springframework.data.convert.CustomConversions] [isSupportedConverter] [349] -> Adding converter from class java.time.LocalTime to class java.util.Date as writing converter
2026-03-18 00:56:11 [DEBUG] [org.springframework.data.convert.CustomConversions] [isSupportedConverter] [349] -> Adding converter from class java.util.Date to class java.time.Instant as reading converter
2026-03-18 00:56:11 [DEBUG] [org.springframework.data.convert.CustomConversions] [isSupportedConverter] [349] -> Adding converter from class java.time.Instant to class java.util.Date as writing converter
2026-03-18 00:56:11 [DEBUG] [org.springframework.data.convert.CustomConversions] [isSupportedConverter] [349] -> Adding converter from class java.time.LocalDateTime to class java.time.Instant as reading converter
2026-03-18 00:56:11 [DEBUG] [org.springframework.data.convert.CustomConversions] [isSupportedConverter] [349] -> Adding converter from class java.time.Instant to class java.time.LocalDateTime as reading converter
2026-03-18 00:56:11 [DEBUG] [org.springframework.data.convert.CustomConversions] [isSupportedConverter] [349] -> Adding converter from class java.time.ZoneId to class java.lang.String as writing converter
2026-03-18 00:56:11 [DEBUG] [org.springframework.data.convert.CustomConversions] [isSupportedConverter] [349] -> Adding converter from class java.lang.String to class java.time.ZoneId as reading converter
2026-03-18 00:56:11 [DEBUG] [org.springframework.data.convert.CustomConversions] [isSupportedConverter] [349] -> Adding converter from class java.time.Duration to class java.lang.String as writing converter
2026-03-18 00:56:11 [DEBUG] [org.springframework.data.convert.CustomConversions] [isSupportedConverter] [349] -> Adding converter from class java.lang.String to class java.time.Duration as reading converter
2026-03-18 00:56:11 [DEBUG] [org.springframework.data.convert.CustomConversions] [isSupportedConverter] [349] -> Adding converter from class java.time.Period to class java.lang.String as writing converter
2026-03-18 00:56:11 [DEBUG] [org.springframework.data.convert.CustomConversions] [isSupportedConverter] [349] -> Adding converter from class java.lang.String to class java.time.Period as reading converter
2026-03-18 00:56:11 [DEBUG] [org.springframework.data.convert.CustomConversions] [isSupportedConverter] [349] -> Adding converter from class java.lang.String to class java.time.LocalDate as reading converter
2026-03-18 00:56:11 [DEBUG] [org.springframework.data.convert.CustomConversions] [isSupportedConverter] [349] -> Adding converter from class java.lang.String to class java.time.LocalDateTime as reading converter
2026-03-18 00:56:11 [DEBUG] [org.springframework.data.convert.CustomConversions] [isSupportedConverter] [349] -> Adding converter from class java.lang.String to class java.time.Instant as reading converter
2026-03-18 00:56:11 [DEBUG] [org.springframework.beans.factory.support.DefaultListableBeanFactory] [getSingleton] [225] -> Creating shared instance of singleton bean 'redisReferenceResolver'
2026-03-18 00:56:11 [DEBUG] [org.springframework.beans.factory.support.DefaultListableBeanFactory] [getSingleton] [225] -> Creating shared instance of singleton bean 'redisConverter'
2026-03-18 00:56:11 [DEBUG] [org.springframework.data.convert.CustomConversions] [isSupportedConverter] [349] -> Adding converter from class java.lang.String to class [B as writing converter
2026-03-18 00:56:11 [DEBUG] [org.springframework.data.convert.CustomConversions] [isSupportedConverter] [349] -> Adding converter from class [B to class java.lang.String as reading converter
2026-03-18 00:56:11 [DEBUG] [org.springframework.data.convert.CustomConversions] [isSupportedConverter] [349] -> Adding converter from class java.lang.Number to class [B as writing converter
2026-03-18 00:56:11 [DEBUG] [org.springframework.data.convert.CustomConversions] [isSupportedConverter] [349] -> Adding converter from class [B to class java.lang.Number as reading converter
2026-03-18 00:56:11 [DEBUG] [org.springframework.data.convert.CustomConversions] [isSupportedConverter] [349] -> Adding converter from class java.lang.Enum to class [B as writing converter
2026-03-18 00:56:11 [DEBUG] [org.springframework.data.convert.CustomConversions] [isSupportedConverter] [349] -> Adding converter from class [B to class java.lang.Enum as reading converter
2026-03-18 00:56:11 [DEBUG] [org.springframework.data.convert.CustomConversions] [isSupportedConverter] [349] -> Adding converter from class java.lang.Boolean to class [B as writing converter
2026-03-18 00:56:11 [DEBUG] [org.springframework.data.convert.CustomConversions] [isSupportedConverter] [349] -> Adding converter from class [B to class java.lang.Boolean as reading converter
2026-03-18 00:56:11 [DEBUG] [org.springframework.data.convert.CustomConversions] [isSupportedConverter] [349] -> Adding converter from class java.util.Date to class [B as writing converter
2026-03-18 00:56:11 [DEBUG] [org.springframework.data.convert.CustomConversions] [isSupportedConverter] [349] -> Adding converter from class [B to class java.util.Date as reading converter
2026-03-18 00:56:11 [DEBUG] [org.springframework.data.convert.CustomConversions] [isSupportedConverter] [349] -> Adding converter from class java.util.UUID to class [B as writing converter
2026-03-18 00:56:11 [DEBUG] [org.springframework.data.convert.CustomConversions] [isSupportedConverter] [349] -> Adding converter from class [B to class java.util.UUID as reading converter
2026-03-18 00:56:11 [DEBUG] [org.springframework.data.convert.CustomConversions] [isSupportedConverter] [349] -> Adding converter from class java.time.LocalDateTime to class [B as reading converter
2026-03-18 00:56:11 [DEBUG] [org.springframework.data.convert.CustomConversions] [isSupportedConverter] [349] -> Adding converter from class [B to class java.time.LocalDateTime as reading converter
2026-03-18 00:56:11 [DEBUG] [org.springframework.data.convert.CustomConversions] [isSupportedConverter] [349] -> Adding converter from class java.time.LocalDate to class [B as reading converter
2026-03-18 00:56:11 [DEBUG] [org.springframework.data.convert.CustomConversions] [isSupportedConverter] [349] -> Adding converter from class [B to class java.time.LocalDate as reading converter
2026-03-18 00:56:11 [DEBUG] [org.springframework.data.convert.CustomConversions] [isSupportedConverter] [349] -> Adding converter from class java.time.LocalTime to class [B as reading converter
2026-03-18 00:56:11 [DEBUG] [org.springframework.data.convert.CustomConversions] [isSupportedConverter] [349] -> Adding converter from class [B to class java.time.LocalTime as reading converter
2026-03-18 00:56:11 [DEBUG] [org.springframework.data.convert.CustomConversions] [isSupportedConverter] [349] -> Adding converter from class java.time.ZonedDateTime to class [B as reading converter
2026-03-18 00:56:11 [DEBUG] [org.springframework.data.convert.CustomConversions] [isSupportedConverter] [349] -> Adding converter from class [B to class java.time.ZonedDateTime as reading converter
2026-03-18 00:56:11 [DEBUG] [org.springframework.data.convert.CustomConversions] [isSupportedConverter] [349] -> Adding converter from class java.time.Instant to class [B as reading converter
2026-03-18 00:56:11 [DEBUG] [org.springframework.data.convert.CustomConversions] [isSupportedConverter] [349] -> Adding converter from class [B to class java.time.Instant as reading converter
2026-03-18 00:56:11 [DEBUG] [org.springframework.data.convert.CustomConversions] [isSupportedConverter] [349] -> Adding converter from class java.time.ZoneId to class [B as reading converter
2026-03-18 00:56:11 [DEBUG] [org.springframework.data.convert.CustomConversions] [isSupportedConverter] [349] -> Adding converter from class [B to class java.time.ZoneId as reading converter
2026-03-18 00:56:11 [DEBUG] [org.springframework.data.convert.CustomConversions] [isSupportedConverter] [349] -> Adding converter from class java.time.Period to class [B as reading converter
2026-03-18 00:56:11 [DEBUG] [org.springframework.data.convert.CustomConversions] [isSupportedConverter] [349] -> Adding converter from class [B to class java.time.Period as reading converter
2026-03-18 00:56:11 [DEBUG] [org.springframework.data.convert.CustomConversions] [isSupportedConverter] [349] -> Adding converter from class java.time.Duration to class [B as reading converter
2026-03-18 00:56:11 [DEBUG] [org.springframework.data.convert.CustomConversions] [isSupportedConverter] [349] -> Adding converter from class [B to class java.time.Duration as reading converter
2026-03-18 00:56:11 [DEBUG] [org.springframework.data.convert.CustomConversions] [isSupportedConverter] [349] -> Adding converter from class java.time.OffsetDateTime to class [B as reading converter
2026-03-18 00:56:11 [DEBUG] [org.springframework.data.convert.CustomConversions] [isSupportedConverter] [349] -> Adding converter from class [B to class java.time.OffsetDateTime as reading converter
2026-03-18 00:56:11 [DEBUG] [org.springframework.data.convert.CustomConversions] [isSupportedConverter] [349] -> Adding converter from class java.time.OffsetTime to class [B as reading converter
2026-03-18 00:56:11 [DEBUG] [org.springframework.data.convert.CustomConversions] [isSupportedConverter] [349] -> Adding converter from class [B to class java.time.OffsetTime as reading converter
2026-03-18 00:56:11 [DEBUG] [org.springframework.data.convert.CustomConversions] [isSupportedConverter] [349] -> Adding converter from class java.util.Date to class java.time.LocalDateTime as reading converter
2026-03-18 00:56:11 [DEBUG] [org.springframework.data.convert.CustomConversions] [isSupportedConverter] [349] -> Adding converter from class java.time.LocalDateTime to class java.util.Date as writing converter
2026-03-18 00:56:11 [DEBUG] [org.springframework.data.convert.CustomConversions] [isSupportedConverter] [349] -> Adding converter from class java.util.Date to class java.time.LocalDate as reading converter
2026-03-18 00:56:11 [DEBUG] [org.springframework.data.convert.CustomConversions] [isSupportedConverter] [349] -> Adding converter from class java.time.LocalDate to class java.util.Date as writing converter
2026-03-18 00:56:11 [DEBUG] [org.springframework.data.convert.CustomConversions] [isSupportedConverter] [349] -> Adding converter from class java.util.Date to class java.time.LocalTime as reading converter
2026-03-18 00:56:11 [DEBUG] [org.springframework.data.convert.CustomConversions] [isSupportedConverter] [349] -> Adding converter from class java.time.LocalTime to class java.util.Date as writing converter
2026-03-18 00:56:11 [DEBUG] [org.springframework.data.convert.CustomConversions] [isSupportedConverter] [349] -> Adding converter from class java.util.Date to class java.time.Instant as reading converter
2026-03-18 00:56:11 [DEBUG] [org.springframework.data.convert.CustomConversions] [isSupportedConverter] [349] -> Adding converter from class java.time.Instant to class java.util.Date as writing converter
2026-03-18 00:56:11 [DEBUG] [org.springframework.data.convert.CustomConversions] [isSupportedConverter] [349] -> Adding converter from class java.time.LocalDateTime to class java.time.Instant as reading converter
2026-03-18 00:56:11 [DEBUG] [org.springframework.data.convert.CustomConversions] [isSupportedConverter] [349] -> Adding converter from class java.time.Instant to class java.time.LocalDateTime as reading converter
2026-03-18 00:56:11 [DEBUG] [org.springframework.data.convert.CustomConversions] [isSupportedConverter] [349] -> Adding converter from class java.time.ZoneId to class java.lang.String as writing converter
2026-03-18 00:56:11 [DEBUG] [org.springframework.data.convert.CustomConversions] [isSupportedConverter] [349] -> Adding converter from class java.lang.String to class java.time.ZoneId as reading converter
2026-03-18 00:56:11 [DEBUG] [org.springframework.data.convert.CustomConversions] [isSupportedConverter] [349] -> Adding converter from class java.time.Duration to class java.lang.String as writing converter
2026-03-18 00:56:11 [DEBUG] [org.springframework.data.convert.CustomConversions] [isSupportedConverter] [349] -> Adding converter from class java.lang.String to class java.time.Duration as reading converter
2026-03-18 00:56:11 [DEBUG] [org.springframework.data.convert.CustomConversions] [isSupportedConverter] [349] -> Adding converter from class java.time.Period to class java.lang.String as writing converter
2026-03-18 00:56:11 [DEBUG] [org.springframework.data.convert.CustomConversions] [isSupportedConverter] [349] -> Adding converter from class java.lang.String to class java.time.Period as reading converter
2026-03-18 00:56:11 [DEBUG] [org.springframework.data.convert.CustomConversions] [isSupportedConverter] [349] -> Adding converter from class java.lang.String to class java.time.LocalDate as reading converter
2026-03-18 00:56:11 [DEBUG] [org.springframework.data.convert.CustomConversions] [isSupportedConverter] [349] -> Adding converter from class java.lang.String to class java.time.LocalDateTime as reading converter
2026-03-18 00:56:11 [DEBUG] [org.springframework.data.convert.CustomConversions] [isSupportedConverter] [349] -> Adding converter from class java.lang.String to class java.time.Instant as reading converter
2026-03-18 00:56:11 [DEBUG] [org.springframework.data.convert.CustomConversions] [isSupportedConverter] [349] -> Adding converter from class java.lang.String to class [B as writing converter
2026-03-18 00:56:11 [DEBUG] [org.springframework.data.convert.CustomConversions] [isSupportedConverter] [349] -> Adding converter from class [B to class java.lang.String as reading converter
2026-03-18 00:56:11 [DEBUG] [org.springframework.data.convert.CustomConversions] [isSupportedConverter] [349] -> Adding converter from class java.lang.Number to class [B as writing converter
2026-03-18 00:56:11 [DEBUG] [org.springframework.data.convert.CustomConversions] [isSupportedConverter] [349] -> Adding converter from class [B to class java.lang.Number as reading converter
2026-03-18 00:56:11 [DEBUG] [org.springframework.data.convert.CustomConversions] [isSupportedConverter] [349] -> Adding converter from class java.lang.Enum to class [B as writing converter
2026-03-18 00:56:11 [DEBUG] [org.springframework.data.convert.CustomConversions] [isSupportedConverter] [349] -> Adding converter from class [B to class java.lang.Enum as reading converter
2026-03-18 00:56:11 [DEBUG] [org.springframework.data.convert.CustomConversions] [isSupportedConverter] [349] -> Adding converter from class java.lang.Boolean to class [B as writing converter
2026-03-18 00:56:11 [DEBUG] [org.springframework.data.convert.CustomConversions] [isSupportedConverter] [349] -> Adding converter from class [B to class java.lang.Boolean as reading converter
2026-03-18 00:56:11 [DEBUG] [org.springframework.data.convert.CustomConversions] [isSupportedConverter] [349] -> Adding converter from class java.util.Date to class [B as writing converter
2026-03-18 00:56:11 [DEBUG] [org.springframework.data.convert.CustomConversions] [isSupportedConverter] [349] -> Adding converter from class [B to class java.util.Date as reading converter
2026-03-18 00:56:11 [DEBUG] [org.springframework.data.convert.CustomConversions] [isSupportedConverter] [349] -> Adding converter from class java.util.UUID to class [B as writing converter
2026-03-18 00:56:11 [DEBUG] [org.springframework.data.convert.CustomConversions] [isSupportedConverter] [349] -> Adding converter from class [B to class java.util.UUID as reading converter
2026-03-18 00:56:11 [DEBUG] [org.springframework.data.convert.CustomConversions] [isSupportedConverter] [349] -> Adding converter from class java.time.LocalDateTime to class [B as reading converter
2026-03-18 00:56:11 [DEBUG] [org.springframework.data.convert.CustomConversions] [isSupportedConverter] [349] -> Adding converter from class [B to class java.time.LocalDateTime as reading converter
2026-03-18 00:56:11 [DEBUG] [org.springframework.data.convert.CustomConversions] [isSupportedConverter] [349] -> Adding converter from class java.time.LocalDate to class [B as reading converter
2026-03-18 00:56:11 [DEBUG] [org.springframework.data.convert.CustomConversions] [isSupportedConverter] [349] -> Adding converter from class [B to class java.time.LocalDate as reading converter
2026-03-18 00:56:11 [DEBUG] [org.springframework.data.convert.CustomConversions] [isSupportedConverter] [349] -> Adding converter from class java.time.LocalTime to class [B as reading converter
2026-03-18 00:56:11 [DEBUG] [org.springframework.data.convert.CustomConversions] [isSupportedConverter] [349] -> Adding converter from class [B to class java.time.LocalTime as reading converter
2026-03-18 00:56:11 [DEBUG] [org.springframework.data.convert.CustomConversions] [isSupportedConverter] [349] -> Adding converter from class java.time.ZonedDateTime to class [B as reading converter
2026-03-18 00:56:11 [DEBUG] [org.springframework.data.convert.CustomConversions] [isSupportedConverter] [349] -> Adding converter from class [B to class java.time.ZonedDateTime as reading converter
2026-03-18 00:56:11 [DEBUG] [org.springframework.data.convert.CustomConversions] [isSupportedConverter] [349] -> Adding converter from class java.time.Instant to class [B as reading converter
2026-03-18 00:56:11 [DEBUG] [org.springframework.data.convert.CustomConversions] [isSupportedConverter] [349] -> Adding converter from class [B to class java.time.Instant as reading converter
2026-03-18 00:56:11 [DEBUG] [org.springframework.data.convert.CustomConversions] [isSupportedConverter] [349] -> Adding converter from class java.time.ZoneId to class [B as reading converter
2026-03-18 00:56:11 [DEBUG] [org.springframework.data.convert.CustomConversions] [isSupportedConverter] [349] -> Adding converter from class [B to class java.time.ZoneId as reading converter
2026-03-18 00:56:11 [DEBUG] [org.springframework.data.convert.CustomConversions] [isSupportedConverter] [349] -> Adding converter from class java.time.Period to class [B as reading converter
2026-03-18 00:56:11 [DEBUG] [org.springframework.data.convert.CustomConversions] [isSupportedConverter] [349] -> Adding converter from class [B to class java.time.Period as reading converter
2026-03-18 00:56:11 [DEBUG] [org.springframework.data.convert.CustomConversions] [isSupportedConverter] [349] -> Adding converter from class java.time.Duration to class [B as reading converter
2026-03-18 00:56:11 [DEBUG] [org.springframework.data.convert.CustomConversions] [isSupportedConverter] [349] -> Adding converter from class [B to class java.time.Duration as reading converter
2026-03-18 00:56:11 [DEBUG] [org.springframework.data.convert.CustomConversions] [isSupportedConverter] [349] -> Adding converter from class java.time.OffsetDateTime to class [B as reading converter
2026-03-18 00:56:11 [DEBUG] [org.springframework.data.convert.CustomConversions] [isSupportedConverter] [349] -> Adding converter from class [B to class java.time.OffsetDateTime as reading converter
2026-03-18 00:56:11 [DEBUG] [org.springframework.data.convert.CustomConversions] [isSupportedConverter] [349] -> Adding converter from class java.time.OffsetTime to class [B as reading converter
2026-03-18 00:56:11 [DEBUG] [org.springframework.data.convert.CustomConversions] [isSupportedConverter] [349] -> Adding converter from class [B to class java.time.OffsetTime as reading converter
2026-03-18 00:56:11 [DEBUG] [org.springframework.data.convert.CustomConversions] [isSupportedConverter] [349] -> Adding converter from class java.util.Date to class java.time.LocalDateTime as reading converter
2026-03-18 00:56:11 [DEBUG] [org.springframework.data.convert.CustomConversions] [isSupportedConverter] [349] -> Adding converter from class java.time.LocalDateTime to class java.util.Date as writing converter
2026-03-18 00:56:11 [DEBUG] [org.springframework.data.convert.CustomConversions] [isSupportedConverter] [349] -> Adding converter from class java.util.Date to class java.time.LocalDate as reading converter
2026-03-18 00:56:11 [DEBUG] [org.springframework.data.convert.CustomConversions] [isSupportedConverter] [349] -> Adding converter from class java.time.LocalDate to class java.util.Date as writing converter
2026-03-18 00:56:11 [DEBUG] [org.springframework.data.convert.CustomConversions] [isSupportedConverter] [349] -> Adding converter from class java.util.Date to class java.time.LocalTime as reading converter
2026-03-18 00:56:11 [DEBUG] [org.springframework.data.convert.CustomConversions] [isSupportedConverter] [349] -> Adding converter from class java.time.LocalTime to class java.util.Date as writing converter
2026-03-18 00:56:11 [DEBUG] [org.springframework.data.convert.CustomConversions] [isSupportedConverter] [349] -> Adding converter from class java.util.Date to class java.time.Instant as reading converter
2026-03-18 00:56:11 [DEBUG] [org.springframework.data.convert.CustomConversions] [isSupportedConverter] [349] -> Adding converter from class java.time.Instant to class java.util.Date as writing converter
2026-03-18 00:56:11 [DEBUG] [org.springframework.data.convert.CustomConversions] [isSupportedConverter] [349] -> Adding converter from class java.time.LocalDateTime to class java.time.Instant as reading converter
2026-03-18 00:56:11 [DEBUG] [org.springframework.data.convert.CustomConversions] [isSupportedConverter] [349] -> Adding converter from class java.time.Instant to class java.time.LocalDateTime as reading converter
2026-03-18 00:56:11 [DEBUG] [org.springframework.data.convert.CustomConversions] [isSupportedConverter] [349] -> Adding converter from class java.time.ZoneId to class java.lang.String as writing converter
2026-03-18 00:56:11 [DEBUG] [org.springframework.data.convert.CustomConversions] [isSupportedConverter] [349] -> Adding converter from class java.lang.String to class java.time.ZoneId as reading converter
2026-03-18 00:56:11 [DEBUG] [org.springframework.data.convert.CustomConversions] [isSupportedConverter] [349] -> Adding converter from class java.time.Duration to class java.lang.String as writing converter
2026-03-18 00:56:11 [DEBUG] [org.springframework.data.convert.CustomConversions] [isSupportedConverter] [349] -> Adding converter from class java.lang.String to class java.time.Duration as reading converter
2026-03-18 00:56:11 [DEBUG] [org.springframework.data.convert.CustomConversions] [isSupportedConverter] [349] -> Adding converter from class java.time.Period to class java.lang.String as writing converter
2026-03-18 00:56:11 [DEBUG] [org.springframework.data.convert.CustomConversions] [isSupportedConverter] [349] -> Adding converter from class java.lang.String to class java.time.Period as reading converter
2026-03-18 00:56:11 [DEBUG] [org.springframework.data.convert.CustomConversions] [isSupportedConverter] [349] -> Adding converter from class java.lang.String to class java.time.LocalDate as reading converter
2026-03-18 00:56:11 [DEBUG] [org.springframework.data.convert.CustomConversions] [isSupportedConverter] [349] -> Adding converter from class java.lang.String to class java.time.LocalDateTime as reading converter
2026-03-18 00:56:11 [DEBUG] [org.springframework.data.convert.CustomConversions] [isSupportedConverter] [349] -> Adding converter from class java.lang.String to class java.time.Instant as reading converter
2026-03-18 00:56:11 [DEBUG] [org.springframework.beans.factory.support.DefaultListableBeanFactory] [getSingleton] [225] -> Creating shared instance of singleton bean 'redisKeyValueAdapter'
2026-03-18 00:56:11 [DEBUG] [org.springframework.data.redis.listener.RedisMessageListenerContainer] [logDebug] [1007] -> Starting RedisMessageListenerContainer...
2026-03-18 00:56:11 [DEBUG] [org.springframework.data.redis.listener.RedisMessageListenerContainer] [logDebug] [1007] -> Postpone listening for Redis messages until actual listeners are added
2026-03-18 00:56:11 [DEBUG] [org.springframework.beans.factory.support.DefaultListableBeanFactory] [getSingleton] [225] -> Creating shared instance of singleton bean 'redisKeyValueTemplate'
2026-03-18 00:56:11 [DEBUG] [org.springframework.beans.factory.support.DefaultListableBeanFactory] [getSingleton] [225] -> Creating shared instance of singleton bean 'data-redis.repository-aot-processor#0'
2026-03-18 00:56:11 [DEBUG] [org.springframework.beans.factory.support.DefaultListableBeanFactory] [getSingleton] [225] -> Creating shared instance of singleton bean 'org.springframework.boot.autoconfigure.http.JacksonHttpMessageConvertersConfiguration'
2026-03-18 00:56:11 [DEBUG] [org.springframework.beans.factory.support.DefaultListableBeanFactory] [getSingleton] [225] -> Creating shared instance of singleton bean 'org.springframework.data.web.config.ProjectingArgumentResolverRegistrar'
2026-03-18 00:56:11 [DEBUG] [org.springframework.beans.factory.support.DefaultListableBeanFactory] [getSingleton] [225] -> Creating shared instance of singleton bean 'offsetResolver'
2026-03-18 00:56:11 [DEBUG] [org.springframework.beans.factory.support.DefaultListableBeanFactory] [getSingleton] [225] -> Creating shared instance of singleton bean 'org.springframework.boot.autoconfigure.info.ProjectInfoAutoConfiguration'
2026-03-18 00:56:11 [DEBUG] [org.springframework.beans.factory.support.DefaultListableBeanFactory] [getSingleton] [225] -> Creating shared instance of singleton bean 'spring.info-org.springframework.boot.autoconfigure.info.ProjectInfoProperties'
2026-03-18 00:56:11 [DEBUG] [org.springframework.beans.factory.support.DefaultListableBeanFactory] [registerDependentBeans] [945] -> Autowiring by type from bean name 'org.springframework.boot.autoconfigure.info.ProjectInfoAutoConfiguration' via constructor to bean named 'spring.info-org.springframework.boot.autoconfigure.info.ProjectInfoProperties'
2026-03-18 00:56:11 [DEBUG] [org.springframework.beans.factory.support.DefaultListableBeanFactory] [getSingleton] [225] -> Creating shared instance of singleton bean 'org.springframework.boot.autoconfigure.jdbc.JdbcTemplateConfiguration'
2026-03-18 00:56:11 [DEBUG] [org.springframework.beans.factory.support.DefaultListableBeanFactory] [getSingleton] [225] -> Creating shared instance of singleton bean 'jdbcTemplate'
2026-03-18 00:56:11 [DEBUG] [org.springframework.beans.factory.support.DefaultListableBeanFactory] [getSingleton] [225] -> Creating shared instance of singleton bean 'spring.jdbc-org.springframework.boot.autoconfigure.jdbc.JdbcProperties'
2026-03-18 00:56:11 [DEBUG] [org.springframework.beans.factory.support.DefaultListableBeanFactory] [registerDependentBeans] [945] -> Autowiring by type from bean name 'jdbcTemplate' via factory method to bean named 'dataSource'
2026-03-18 00:56:11 [DEBUG] [org.springframework.beans.factory.support.DefaultListableBeanFactory] [registerDependentBeans] [945] -> Autowiring by type from bean name 'jdbcTemplate' via factory method to bean named 'spring.jdbc-org.springframework.boot.autoconfigure.jdbc.JdbcProperties'
2026-03-18 00:56:11 [DEBUG] [org.springframework.beans.factory.support.DefaultListableBeanFactory] [getSingleton] [225] -> Creating shared instance of singleton bean 'org.springframework.boot.autoconfigure.jdbc.NamedParameterJdbcTemplateConfiguration'
2026-03-18 00:56:11 [DEBUG] [org.springframework.beans.factory.support.DefaultListableBeanFactory] [getSingleton] [225] -> Creating shared instance of singleton bean 'namedParameterJdbcTemplate'
2026-03-18 00:56:11 [DEBUG] [org.springframework.beans.factory.support.DefaultListableBeanFactory] [registerDependentBeans] [945] -> Autowiring by type from bean name 'namedParameterJdbcTemplate' via factory method to bean named 'jdbcTemplate'
2026-03-18 00:56:11 [DEBUG] [org.springframework.beans.factory.support.DefaultListableBeanFactory] [getSingleton] [225] -> Creating shared instance of singleton bean 'org.springframework.boot.autoconfigure.jdbc.JdbcTemplateAutoConfiguration'
2026-03-18 00:56:11 [DEBUG] [org.springframework.beans.factory.support.DefaultListableBeanFactory] [getSingleton] [225] -> Creating shared instance of singleton bean 'org.springframework.boot.autoconfigure.jdbc.JdbcClientAutoConfiguration'
2026-03-18 00:56:11 [DEBUG] [org.springframework.beans.factory.support.DefaultListableBeanFactory] [getSingleton] [225] -> Creating shared instance of singleton bean 'jdbcClient'
2026-03-18 00:56:11 [DEBUG] [org.springframework.beans.factory.support.DefaultListableBeanFactory] [registerDependentBeans] [945] -> Autowiring by type from bean name 'jdbcClient' via factory method to bean named 'namedParameterJdbcTemplate'
2026-03-18 00:56:11 [DEBUG] [org.springframework.beans.factory.support.DefaultListableBeanFactory] [getSingleton] [225] -> Creating shared instance of singleton bean 'org.springframework.boot.autoconfigure.netty.NettyAutoConfiguration'
2026-03-18 00:56:11 [DEBUG] [org.springframework.beans.factory.support.DefaultListableBeanFactory] [getSingleton] [225] -> Creating shared instance of singleton bean 'spring.netty-org.springframework.boot.autoconfigure.netty.NettyProperties'
2026-03-18 00:56:11 [DEBUG] [org.springframework.beans.factory.support.DefaultListableBeanFactory] [registerDependentBeans] [945] -> Autowiring by type from bean name 'org.springframework.boot.autoconfigure.netty.NettyAutoConfiguration' via constructor to bean named 'spring.netty-org.springframework.boot.autoconfigure.netty.NettyProperties'
2026-03-18 00:56:11 [DEBUG] [org.springframework.beans.factory.support.DefaultListableBeanFactory] [getSingleton] [225] -> Creating shared instance of singleton bean 'org.springframework.boot.autoconfigure.reactor.ReactorAutoConfiguration'
2026-03-18 00:56:11 [DEBUG] [org.springframework.beans.factory.support.DefaultListableBeanFactory] [getSingleton] [225] -> Creating shared instance of singleton bean 'spring.reactor-org.springframework.boot.autoconfigure.reactor.ReactorProperties'
2026-03-18 00:56:11 [DEBUG] [org.springframework.beans.factory.support.DefaultListableBeanFactory] [registerDependentBeans] [945] -> Autowiring by type from bean name 'org.springframework.boot.autoconfigure.reactor.ReactorAutoConfiguration' via constructor to bean named 'spring.reactor-org.springframework.boot.autoconfigure.reactor.ReactorProperties'
2026-03-18 00:56:11 [DEBUG] [org.springframework.beans.factory.support.DefaultListableBeanFactory] [getSingleton] [225] -> Creating shared instance of singleton bean 'org.springframework.session.config.annotation.web.http.SpringHttpSessionConfiguration'
2026-03-18 00:56:11 [DEBUG] [org.springframework.beans.factory.support.DefaultListableBeanFactory] [getSingleton] [225] -> Creating shared instance of singleton bean 'cookieSerializer'
2026-03-18 00:56:11 [DEBUG] [org.springframework.beans.factory.support.DefaultListableBeanFactory] [getSingleton] [225] -> Creating shared instance of singleton bean 'org.springframework.boot.autoconfigure.session.SessionAutoConfiguration$ServletSessionConfiguration'
2026-03-18 00:56:11 [DEBUG] [org.springframework.beans.factory.support.DefaultListableBeanFactory] [registerDependentBeans] [945] -> Autowiring by type from bean name 'cookieSerializer' via factory method to bean named 'server-org.springframework.boot.autoconfigure.web.ServerProperties'
2026-03-18 00:56:11 [DEBUG] [org.springframework.beans.factory.support.DefaultListableBeanFactory] [getSingleton] [225] -> Creating shared instance of singleton bean 'sessionEventHttpSessionListenerAdapter'
2026-03-18 00:56:11 [DEBUG] [org.springframework.beans.factory.support.DefaultListableBeanFactory] [getSingleton] [225] -> Creating shared instance of singleton bean 'springSessionRepositoryFilter'
2026-03-18 00:56:11 [DEBUG] [org.springframework.beans.factory.support.DefaultListableBeanFactory] [getSingleton] [225] -> Creating shared instance of singleton bean 'sessionRepository'
2026-03-18 00:56:11 [DEBUG] [org.springframework.beans.factory.support.DefaultListableBeanFactory] [getSingleton] [225] -> Creating shared instance of singleton bean 'org.springframework.session.data.redis.config.annotation.web.http.RedisHttpSessionConfiguration'
2026-03-18 00:56:11 [DEBUG] [org.springframework.beans.factory.support.DefaultListableBeanFactory] [getSingleton] [225] -> Creating shared instance of singleton bean 'springBootSessionRepositoryCustomizer'
2026-03-18 00:56:11 [DEBUG] [org.springframework.beans.factory.support.DefaultListableBeanFactory] [getSingleton] [225] -> Creating shared instance of singleton bean 'org.springframework.boot.autoconfigure.session.RedisSessionConfiguration$DefaultRedisSessionConfiguration'
2026-03-18 00:56:11 [DEBUG] [org.springframework.beans.factory.support.DefaultListableBeanFactory] [getSingleton] [225] -> Creating shared instance of singleton bean 'spring.session.redis-org.springframework.boot.autoconfigure.session.RedisSessionProperties'
2026-03-18 00:56:11 [DEBUG] [org.springframework.beans.factory.support.DefaultListableBeanFactory] [registerDependentBeans] [945] -> Autowiring by type from bean name 'springBootSessionRepositoryCustomizer' via factory method to bean named 'spring.session-org.springframework.boot.autoconfigure.session.SessionProperties'
2026-03-18 00:56:11 [DEBUG] [org.springframework.beans.factory.support.DefaultListableBeanFactory] [registerDependentBeans] [945] -> Autowiring by type from bean name 'springBootSessionRepositoryCustomizer' via factory method to bean named 'spring.session.redis-org.springframework.boot.autoconfigure.session.RedisSessionProperties'
2026-03-18 00:56:11 [DEBUG] [org.springframework.beans.factory.support.DefaultListableBeanFactory] [registerDependentBeans] [945] -> Autowiring by type from bean name 'springBootSessionRepositoryCustomizer' via factory method to bean named 'server-org.springframework.boot.autoconfigure.web.ServerProperties'
2026-03-18 00:56:11 [DEBUG] [org.springframework.beans.factory.support.DefaultListableBeanFactory] [registerDependentBeans] [945] -> Autowiring by type from bean name 'springSessionRepositoryFilter' via factory method to bean named 'sessionRepository'
2026-03-18 00:56:11 [DEBUG] [org.springframework.beans.factory.support.DefaultListableBeanFactory] [getSingleton] [225] -> Creating shared instance of singleton bean 'org.springframework.boot.autoconfigure.session.RedisSessionConfiguration'
2026-03-18 00:56:11 [DEBUG] [org.springframework.beans.factory.support.DefaultListableBeanFactory] [getSingleton] [225] -> Creating shared instance of singleton bean 'org.springframework.boot.autoconfigure.session.SessionAutoConfiguration$ServletSessionConfiguration$ServletSessionRepositoryConfiguration'
2026-03-18 00:56:11 [DEBUG] [org.springframework.beans.factory.support.DefaultListableBeanFactory] [getSingleton] [225] -> Creating shared instance of singleton bean 'org.springframework.boot.autoconfigure.session.SessionAutoConfiguration'
2026-03-18 00:56:11 [DEBUG] [org.springframework.beans.factory.support.DefaultListableBeanFactory] [getSingleton] [225] -> Creating shared instance of singleton bean 'spring.webflux-org.springframework.boot.autoconfigure.web.reactive.WebFluxProperties'
2026-03-18 00:56:11 [DEBUG] [org.springframework.beans.factory.support.DefaultListableBeanFactory] [getSingleton] [225] -> Creating shared instance of singleton bean 'org.springframework.boot.autoconfigure.sql.init.SqlInitializationAutoConfiguration'
2026-03-18 00:56:11 [DEBUG] [org.springframework.beans.factory.support.DefaultListableBeanFactory] [getSingleton] [225] -> Creating shared instance of singleton bean 'org.springframework.boot.autoconfigure.task.TaskSchedulingConfigurations$ThreadPoolTaskSchedulerBuilderConfiguration'
2026-03-18 00:56:11 [DEBUG] [org.springframework.beans.factory.support.DefaultListableBeanFactory] [getSingleton] [225] -> Creating shared instance of singleton bean 'threadPoolTaskSchedulerBuilder'
2026-03-18 00:56:11 [DEBUG] [org.springframework.beans.factory.support.DefaultListableBeanFactory] [getSingleton] [225] -> Creating shared instance of singleton bean 'spring.task.scheduling-org.springframework.boot.autoconfigure.task.TaskSchedulingProperties'
2026-03-18 00:56:11 [DEBUG] [org.springframework.beans.factory.support.DefaultListableBeanFactory] [registerDependentBeans] [945] -> Autowiring by type from bean name 'threadPoolTaskSchedulerBuilder' via factory method to bean named 'spring.task.scheduling-org.springframework.boot.autoconfigure.task.TaskSchedulingProperties'
2026-03-18 00:56:11 [DEBUG] [org.springframework.beans.factory.support.DefaultListableBeanFactory] [getSingleton] [225] -> Creating shared instance of singleton bean 'org.springframework.boot.autoconfigure.task.TaskSchedulingConfigurations$TaskSchedulerBuilderConfiguration'
2026-03-18 00:56:11 [DEBUG] [org.springframework.beans.factory.support.DefaultListableBeanFactory] [getSingleton] [225] -> Creating shared instance of singleton bean 'taskSchedulerBuilder'
2026-03-18 00:56:11 [DEBUG] [org.springframework.beans.factory.support.DefaultListableBeanFactory] [registerDependentBeans] [945] -> Autowiring by type from bean name 'taskSchedulerBuilder' via factory method to bean named 'spring.task.scheduling-org.springframework.boot.autoconfigure.task.TaskSchedulingProperties'
2026-03-18 00:56:11 [DEBUG] [org.springframework.beans.factory.support.DefaultListableBeanFactory] [getSingleton] [225] -> Creating shared instance of singleton bean 'org.springframework.boot.autoconfigure.task.TaskSchedulingConfigurations$SimpleAsyncTaskSchedulerBuilderConfiguration'
2026-03-18 00:56:11 [DEBUG] [org.springframework.beans.factory.support.DefaultListableBeanFactory] [registerDependentBeans] [945] -> Autowiring by type from bean name 'org.springframework.boot.autoconfigure.task.TaskSchedulingConfigurations$SimpleAsyncTaskSchedulerBuilderConfiguration' via constructor to bean named 'spring.task.scheduling-org.springframework.boot.autoconfigure.task.TaskSchedulingProperties'
2026-03-18 00:56:11 [DEBUG] [org.springframework.beans.factory.support.DefaultListableBeanFactory] [getSingleton] [225] -> Creating shared instance of singleton bean 'simpleAsyncTaskSchedulerBuilder'
2026-03-18 00:56:11 [DEBUG] [org.springframework.beans.factory.support.DefaultListableBeanFactory] [getSingleton] [225] -> Creating shared instance of singleton bean 'org.springframework.boot.autoconfigure.task.TaskSchedulingAutoConfiguration'
2026-03-18 00:56:11 [DEBUG] [org.springframework.beans.factory.support.DefaultListableBeanFactory] [getSingleton] [225] -> Creating shared instance of singleton bean 'org.springframework.boot.autoconfigure.jdbc.DataSourceTransactionManagerAutoConfiguration$JdbcTransactionManagerConfiguration'
2026-03-18 00:56:11 [DEBUG] [org.springframework.beans.factory.support.DefaultListableBeanFactory] [getSingleton] [225] -> Creating shared instance of singleton bean 'transactionManager'
2026-03-18 00:56:11 [DEBUG] [org.springframework.beans.factory.support.DefaultListableBeanFactory] [registerDependentBeans] [945] -> Autowiring by type from bean name 'transactionManager' via factory method to bean named 'environment'
2026-03-18 00:56:11 [DEBUG] [org.springframework.beans.factory.support.DefaultListableBeanFactory] [registerDependentBeans] [945] -> Autowiring by type from bean name 'transactionManager' via factory method to bean named 'dataSource'
2026-03-18 00:56:11 [DEBUG] [org.springframework.beans.factory.support.DefaultListableBeanFactory] [getSingleton] [225] -> Creating shared instance of singleton bean 'org.springframework.boot.autoconfigure.jdbc.DataSourceTransactionManagerAutoConfiguration'
2026-03-18 00:56:11 [DEBUG] [org.springframework.beans.factory.support.DefaultListableBeanFactory] [getSingleton] [225] -> Creating shared instance of singleton bean 'org.springframework.boot.autoconfigure.transaction.TransactionAutoConfiguration$EnableTransactionManagementConfiguration$CglibAutoProxyConfiguration'
2026-03-18 00:56:11 [DEBUG] [org.springframework.beans.factory.support.DefaultListableBeanFactory] [getSingleton] [225] -> Creating shared instance of singleton bean 'org.springframework.boot.autoconfigure.transaction.TransactionAutoConfiguration$EnableTransactionManagementConfiguration'
2026-03-18 00:56:11 [DEBUG] [org.springframework.beans.factory.support.DefaultListableBeanFactory] [getSingleton] [225] -> Creating shared instance of singleton bean 'org.springframework.boot.autoconfigure.transaction.TransactionAutoConfiguration$TransactionTemplateConfiguration'
2026-03-18 00:56:11 [DEBUG] [org.springframework.beans.factory.support.DefaultListableBeanFactory] [getSingleton] [225] -> Creating shared instance of singleton bean 'transactionTemplate'
2026-03-18 00:56:11 [DEBUG] [org.springframework.beans.factory.support.DefaultListableBeanFactory] [registerDependentBeans] [945] -> Autowiring by type from bean name 'transactionTemplate' via factory method to bean named 'transactionManager'
2026-03-18 00:56:11 [DEBUG] [org.springframework.beans.factory.support.DefaultListableBeanFactory] [getSingleton] [225] -> Creating shared instance of singleton bean 'org.springframework.boot.autoconfigure.transaction.TransactionAutoConfiguration'
2026-03-18 00:56:11 [DEBUG] [org.springframework.beans.factory.support.DefaultListableBeanFactory] [getSingleton] [225] -> Creating shared instance of singleton bean 'org.springframework.boot.autoconfigure.web.client.RestClientAutoConfiguration'
2026-03-18 00:56:11 [DEBUG] [org.springframework.beans.factory.support.DefaultListableBeanFactory] [getSingleton] [225] -> Creating shared instance of singleton bean 'httpMessageConvertersRestClientCustomizer'
2026-03-18 00:56:11 [DEBUG] [org.springframework.beans.factory.support.DefaultListableBeanFactory] [getSingleton] [225] -> Creating shared instance of singleton bean 'restClientSsl'
2026-03-18 00:56:11 [DEBUG] [org.springframework.beans.factory.support.DefaultListableBeanFactory] [registerDependentBeans] [945] -> Autowiring by type from bean name 'restClientSsl' via factory method to bean named 'sslBundleRegistry'
2026-03-18 00:56:11 [DEBUG] [org.springframework.beans.factory.support.DefaultListableBeanFactory] [getSingleton] [225] -> Creating shared instance of singleton bean 'restClientBuilderConfigurer'
2026-03-18 00:56:11 [DEBUG] [org.springframework.beans.factory.support.DefaultListableBeanFactory] [getSingleton] [225] -> Creating shared instance of singleton bean 'org.springframework.boot.autoconfigure.web.client.RestTemplateAutoConfiguration'
2026-03-18 00:56:11 [DEBUG] [org.springframework.beans.factory.support.DefaultListableBeanFactory] [getSingleton] [225] -> Creating shared instance of singleton bean 'org.springframework.boot.autoconfigure.web.embedded.EmbeddedWebServerFactoryCustomizerAutoConfiguration'
2026-03-18 00:56:11 [DEBUG] [org.springframework.beans.factory.support.DefaultListableBeanFactory] [getSingleton] [225] -> Creating shared instance of singleton bean 'multipartResolver'
2026-03-18 00:56:11 [DEBUG] [org.springframework.beans.factory.support.DefaultListableBeanFactory] [getSingleton] [225] -> Creating shared instance of singleton bean 'baseMapper'
2026-03-18 00:56:11 [DEBUG] [org.springframework.beans.factory.support.DefaultListableBeanFactory] [getSingleton] [225] -> Creating shared instance of singleton bean 'baseMapperTableSplit'
2026-03-18 00:56:11 [DEBUG] [org.springframework.jmx.export.annotation.AnnotationMBeanExporter] [afterSingletonsInstantiated] [450] -> Registering beans for JMX exposure on startup
2026-03-18 00:56:11 [DEBUG] [org.springframework.jmx.export.annotation.AnnotationMBeanExporter] [registerBeans] [557] -> Auto-detecting user-defined JMX MBeans
2026-03-18 00:56:11 [DEBUG] [org.springframework.jmx.export.annotation.AnnotationMBeanExporter] [autodetect] [911] -> Bean with name 'dataSource' has been autodetected for JMX exposure
2026-03-18 00:56:11 [DEBUG] [org.springframework.jmx.export.annotation.AnnotationMBeanExporter] [registerBeanInstance] [684] -> Located MBean 'dataSource': registering with JMX server as MBean [com.zaxxer.hikari:name=dataSource,type=HikariDataSource]
2026-03-18 00:56:11 [DEBUG] [org.springframework.context.support.DefaultLifecycleProcessor] [start] [468] -> Starting beans in phase -2147483647
2026-03-18 00:56:11 [DEBUG] [org.springframework.context.support.DefaultLifecycleProcessor] [doStart] [294] -> Successfully started bean 'springBootLoggingLifecycle'
2026-03-18 00:56:11 [DEBUG] [org.springframework.context.support.DefaultLifecycleProcessor] [start] [468] -> Starting beans in phase 0
2026-03-18 00:56:11 [DEBUG] [org.springframework.context.support.DefaultLifecycleProcessor] [start] [468] -> Starting beans in phase 2147481599
2026-03-18 00:56:11 [INFO] [org.apache.coyote.http11.Http11NioProtocol] [log] [173] -> Starting ProtocolHandler ["http-nio-9090"]
2026-03-18 00:56:11 [INFO] [org.springframework.boot.web.embedded.tomcat.TomcatWebServer] [start] [243] -> Tomcat started on port 9090 (http) with context path '/'
2026-03-18 00:56:11 [DEBUG] [org.springframework.context.support.DefaultLifecycleProcessor] [doStart] [294] -> Successfully started bean 'webServerStartStop'
2026-03-18 00:56:11 [DEBUG] [org.springframework.context.support.DefaultLifecycleProcessor] [start] [468] -> Starting beans in phase 2147482623
2026-03-18 00:56:11 [DEBUG] [org.springframework.context.support.DefaultLifecycleProcessor] [doStart] [294] -> Successfully started bean 'webServerGracefulShutdown'
2026-03-18 00:56:11 [DEBUG] [org.springframework.context.support.DefaultLifecycleProcessor] [start] [468] -> Starting beans in phase 2147483647
2026-03-18 00:56:11 [DEBUG] [org.springframework.boot.autoconfigure.logging.ConditionEvaluationReportLogger] [logReport] [72] -> 


============================
CONDITIONS EVALUATION REPORT
============================


Positive matches:
-----------------

   AopAutoConfiguration matched:
      - @ConditionalOnProperty (spring.aop.auto=true) matched (OnPropertyCondition)

   AopAutoConfiguration.AspectJAutoProxyingConfiguration matched:
      - @ConditionalOnClass found required class 'org.aspectj.weaver.Advice' (OnClassCondition)

   AopAutoConfiguration.AspectJAutoProxyingConfiguration.CglibAutoProxyConfiguration matched:
      - @ConditionalOnProperty (spring.aop.proxy-target-class=true) matched (OnPropertyCondition)

   ApplicationAvailabilityAutoConfiguration#applicationAvailability matched:
      - @ConditionalOnMissingBean (types: org.springframework.boot.availability.ApplicationAvailability; SearchStrategy: all) did not find any beans (OnBeanCondition)

   DataSourceAutoConfiguration matched:
      - @ConditionalOnClass found required classes 'javax.sql.DataSource', 'org.springframework.jdbc.datasource.embedded.EmbeddedDatabaseType' (OnClassCondition)
      - @ConditionalOnMissingBean (types: io.r2dbc.spi.ConnectionFactory; SearchStrategy: all) did not find any beans (OnBeanCondition)

   DataSourceAutoConfiguration.PooledDataSourceConfiguration matched:
      - AnyNestedCondition 1 matched 1 did not; NestedCondition on DataSourceAutoConfiguration.PooledDataSourceCondition.PooledDataSourceAvailable PooledDataSource found supported DataSource; NestedCondition on DataSourceAutoConfiguration.PooledDataSourceCondition.ExplicitType @ConditionalOnProperty (spring.datasource.type) did not find property 'type' (DataSourceAutoConfiguration.PooledDataSourceCondition)
      - @ConditionalOnMissingBean (types: javax.sql.DataSource,javax.sql.XADataSource; SearchStrategy: all) did not find any beans (OnBeanCondition)

   DataSourceAutoConfiguration.PooledDataSourceConfiguration#jdbcConnectionDetails matched:
      - @ConditionalOnMissingBean (types: org.springframework.boot.autoconfigure.jdbc.JdbcConnectionDetails; SearchStrategy: all) did not find any beans (OnBeanCondition)

   DataSourceConfiguration.Hikari matched:
      - @ConditionalOnClass found required class 'com.zaxxer.hikari.HikariDataSource' (OnClassCondition)
      - @ConditionalOnProperty (spring.datasource.type=com.zaxxer.hikari.HikariDataSource) matched (OnPropertyCondition)
      - @ConditionalOnMissingBean (types: javax.sql.DataSource; SearchStrategy: all) did not find any beans (OnBeanCondition)

   DataSourceInitializationConfiguration matched:
      - @ConditionalOnClass found required class 'org.springframework.jdbc.datasource.init.DatabasePopulator' (OnClassCondition)
      - @ConditionalOnSingleCandidate (types: javax.sql.DataSource; SearchStrategy: all) found a single bean 'dataSource'; @ConditionalOnMissingBean (types: org.springframework.boot.autoconfigure.sql.init.SqlDataSourceScriptDatabaseInitializer,org.springframework.boot.autoconfigure.sql.init.SqlR2dbcScriptDatabaseInitializer; SearchStrategy: all) did not find any beans (OnBeanCondition)

   DataSourceJmxConfiguration matched:
      - @ConditionalOnProperty (spring.jmx.enabled=true) matched (OnPropertyCondition)

   DataSourceJmxConfiguration.Hikari matched:
      - @ConditionalOnClass found required class 'com.zaxxer.hikari.HikariDataSource' (OnClassCondition)
      - @ConditionalOnSingleCandidate (types: javax.sql.DataSource; SearchStrategy: all) found a single bean 'dataSource' (OnBeanCondition)

   DataSourcePoolMetadataProvidersConfiguration.HikariPoolDataSourceMetadataProviderConfiguration matched:
      - @ConditionalOnClass found required class 'com.zaxxer.hikari.HikariDataSource' (OnClassCondition)

   DataSourceTransactionManagerAutoConfiguration matched:
      - @ConditionalOnClass found required classes 'org.springframework.jdbc.core.JdbcTemplate', 'org.springframework.transaction.TransactionManager' (OnClassCondition)

   DataSourceTransactionManagerAutoConfiguration.JdbcTransactionManagerConfiguration matched:
      - @ConditionalOnSingleCandidate (types: javax.sql.DataSource; SearchStrategy: all) found a single bean 'dataSource' (OnBeanCondition)

   DataSourceTransactionManagerAutoConfiguration.JdbcTransactionManagerConfiguration#transactionManager matched:
      - @ConditionalOnMissingBean (types: org.springframework.transaction.TransactionManager; SearchStrategy: all) did not find any beans (OnBeanCondition)

   DispatcherServletAutoConfiguration matched:
      - @ConditionalOnClass found required class 'org.springframework.web.servlet.DispatcherServlet' (OnClassCondition)
      - found 'session' scope (OnWebApplicationCondition)

   DispatcherServletAutoConfiguration.DispatcherServletConfiguration matched:
      - @ConditionalOnClass found required class 'jakarta.servlet.ServletRegistration' (OnClassCondition)
      - Default DispatcherServlet did not find dispatcher servlet beans (DispatcherServletAutoConfiguration.DefaultDispatcherServletCondition)

   DispatcherServletAutoConfiguration.DispatcherServletRegistrationConfiguration matched:
      - @ConditionalOnClass found required class 'jakarta.servlet.ServletRegistration' (OnClassCondition)
      - DispatcherServlet Registration did not find servlet registration bean (DispatcherServletAutoConfiguration.DispatcherServletRegistrationCondition)

   DispatcherServletAutoConfiguration.DispatcherServletRegistrationConfiguration#dispatcherServletRegistration matched:
      - @ConditionalOnBean (names: dispatcherServlet types: org.springframework.web.servlet.DispatcherServlet; SearchStrategy: all) found bean 'dispatcherServlet' (OnBeanCondition)

   EmbeddedWebServerFactoryCustomizerAutoConfiguration matched:
      - @ConditionalOnWebApplication (required) found 'session' scope (OnWebApplicationCondition)
      - @ConditionalOnWarDeployment the application is not deployed as a WAR file. (OnWarDeploymentCondition)

   EmbeddedWebServerFactoryCustomizerAutoConfiguration.TomcatWebServerFactoryCustomizerConfiguration matched:
      - @ConditionalOnClass found required classes 'org.apache.catalina.startup.Tomcat', 'org.apache.coyote.UpgradeProtocol' (OnClassCondition)

   ErrorMvcAutoConfiguration matched:
      - @ConditionalOnClass found required classes 'jakarta.servlet.Servlet', 'org.springframework.web.servlet.DispatcherServlet' (OnClassCondition)
      - found 'session' scope (OnWebApplicationCondition)

   ErrorMvcAutoConfiguration#basicErrorController matched:
      - @ConditionalOnMissingBean (types: org.springframework.boot.web.servlet.error.ErrorController; SearchStrategy: current) did not find any beans (OnBeanCondition)

   ErrorMvcAutoConfiguration#errorAttributes matched:
      - @ConditionalOnMissingBean (types: org.springframework.boot.web.servlet.error.ErrorAttributes; SearchStrategy: current) did not find any beans (OnBeanCondition)

   ErrorMvcAutoConfiguration.DefaultErrorViewResolverConfiguration#conventionErrorViewResolver matched:
      - @ConditionalOnBean (types: org.springframework.web.servlet.DispatcherServlet; SearchStrategy: all) found bean 'dispatcherServlet'; @ConditionalOnMissingBean (types: org.springframework.boot.autoconfigure.web.servlet.error.ErrorViewResolver; SearchStrategy: all) did not find any beans (OnBeanCondition)

   ErrorMvcAutoConfiguration.WhitelabelErrorViewConfiguration matched:
      - @ConditionalOnProperty (server.error.whitelabel.enabled) matched (OnPropertyCondition)
      - ErrorTemplate Missing did not find error template view (ErrorMvcAutoConfiguration.ErrorTemplateMissingCondition)

   ErrorMvcAutoConfiguration.WhitelabelErrorViewConfiguration#beanNameViewResolver matched:
      - @ConditionalOnMissingBean (types: org.springframework.web.servlet.view.BeanNameViewResolver; SearchStrategy: all) did not find any beans (OnBeanCondition)

   ErrorMvcAutoConfiguration.WhitelabelErrorViewConfiguration#defaultErrorView matched:
      - @ConditionalOnMissingBean (names: error; SearchStrategy: all) did not find any beans (OnBeanCondition)

   GenericCacheConfiguration matched:
      - Cache org.springframework.boot.autoconfigure.cache.GenericCacheConfiguration automatic cache type (CacheCondition)

   HttpEncodingAutoConfiguration matched:
      - @ConditionalOnClass found required class 'org.springframework.web.filter.CharacterEncodingFilter' (OnClassCondition)
      - found 'session' scope (OnWebApplicationCondition)
      - @ConditionalOnProperty (server.servlet.encoding.enabled) matched (OnPropertyCondition)

   HttpEncodingAutoConfiguration#characterEncodingFilter matched:
      - @ConditionalOnMissingBean (types: org.springframework.web.filter.CharacterEncodingFilter; SearchStrategy: all) did not find any beans (OnBeanCondition)

   HttpMessageConvertersAutoConfiguration matched:
      - @ConditionalOnClass found required class 'org.springframework.http.converter.HttpMessageConverter' (OnClassCondition)
      - NoneNestedConditions 0 matched 1 did not; NestedCondition on HttpMessageConvertersAutoConfiguration.NotReactiveWebApplicationCondition.ReactiveWebApplication did not find reactive web application classes (HttpMessageConvertersAutoConfiguration.NotReactiveWebApplicationCondition)

   HttpMessageConvertersAutoConfiguration#messageConverters matched:
      - @ConditionalOnMissingBean (types: org.springframework.boot.autoconfigure.http.HttpMessageConverters; SearchStrategy: all) did not find any beans (OnBeanCondition)

   HttpMessageConvertersAutoConfiguration.StringHttpMessageConverterConfiguration matched:
      - @ConditionalOnClass found required class 'org.springframework.http.converter.StringHttpMessageConverter' (OnClassCondition)

   HttpMessageConvertersAutoConfiguration.StringHttpMessageConverterConfiguration#stringHttpMessageConverter matched:
      - @ConditionalOnMissingBean (types: org.springframework.http.converter.StringHttpMessageConverter; SearchStrategy: all) did not find any beans (OnBeanCondition)

   JacksonAutoConfiguration matched:
      - @ConditionalOnClass found required class 'com.fasterxml.jackson.databind.ObjectMapper' (OnClassCondition)

   JacksonAutoConfiguration.Jackson2ObjectMapperBuilderCustomizerConfiguration matched:
      - @ConditionalOnClass found required class 'org.springframework.http.converter.json.Jackson2ObjectMapperBuilder' (OnClassCondition)

   JacksonAutoConfiguration.JacksonObjectMapperBuilderConfiguration matched:
      - @ConditionalOnClass found required class 'org.springframework.http.converter.json.Jackson2ObjectMapperBuilder' (OnClassCondition)

   JacksonAutoConfiguration.JacksonObjectMapperBuilderConfiguration#jacksonObjectMapperBuilder matched:
      - @ConditionalOnMissingBean (types: org.springframework.http.converter.json.Jackson2ObjectMapperBuilder; SearchStrategy: all) did not find any beans (OnBeanCondition)

   JacksonAutoConfiguration.JacksonObjectMapperConfiguration matched:
      - @ConditionalOnClass found required class 'org.springframework.http.converter.json.Jackson2ObjectMapperBuilder' (OnClassCondition)

   JacksonAutoConfiguration.JacksonObjectMapperConfiguration#jacksonObjectMapper matched:
      - @ConditionalOnMissingBean (types: com.fasterxml.jackson.databind.ObjectMapper; SearchStrategy: all) did not find any beans (OnBeanCondition)

   JacksonAutoConfiguration.ParameterNamesModuleConfiguration matched:
      - @ConditionalOnClass found required class 'com.fasterxml.jackson.module.paramnames.ParameterNamesModule' (OnClassCondition)

   JacksonAutoConfiguration.ParameterNamesModuleConfiguration#parameterNamesModule matched:
      - @ConditionalOnMissingBean (types: com.fasterxml.jackson.module.paramnames.ParameterNamesModule; SearchStrategy: all) did not find any beans (OnBeanCondition)

   JacksonHttpMessageConvertersConfiguration.MappingJackson2HttpMessageConverterConfiguration matched:
      - @ConditionalOnClass found required class 'com.fasterxml.jackson.databind.ObjectMapper' (OnClassCondition)
      - @ConditionalOnProperty (spring.mvc.converters.preferred-json-mapper=jackson) matched (OnPropertyCondition)
      - @ConditionalOnBean (types: com.fasterxml.jackson.databind.ObjectMapper; SearchStrategy: all) found bean 'jacksonObjectMapper' (OnBeanCondition)

   JacksonHttpMessageConvertersConfiguration.MappingJackson2HttpMessageConverterConfiguration#mappingJackson2HttpMessageConverter matched:
      - @ConditionalOnMissingBean (types: org.springframework.http.converter.json.MappingJackson2HttpMessageConverter ignored: org.springframework.hateoas.server.mvc.TypeConstrainedMappingJackson2HttpMessageConverter,org.springframework.data.rest.webmvc.alps.AlpsJsonHttpMessageConverter; SearchStrategy: all) did not find any beans (OnBeanCondition)

   JdbcClientAutoConfiguration matched:
      - @ConditionalOnSingleCandidate (types: org.springframework.jdbc.core.namedparam.NamedParameterJdbcTemplate; SearchStrategy: all) found a single bean 'namedParameterJdbcTemplate'; @ConditionalOnMissingBean (types: org.springframework.jdbc.core.simple.JdbcClient; SearchStrategy: all) did not find any beans (OnBeanCondition)

   JdbcTemplateAutoConfiguration matched:
      - @ConditionalOnClass found required classes 'javax.sql.DataSource', 'org.springframework.jdbc.core.JdbcTemplate' (OnClassCondition)
      - @ConditionalOnSingleCandidate (types: javax.sql.DataSource; SearchStrategy: all) found a single bean 'dataSource' (OnBeanCondition)

   JdbcTemplateConfiguration matched:
      - @ConditionalOnMissingBean (types: org.springframework.jdbc.core.JdbcOperations; SearchStrategy: all) did not find any beans (OnBeanCondition)

   JmxAutoConfiguration matched:
      - @ConditionalOnClass found required class 'org.springframework.jmx.export.MBeanExporter' (OnClassCondition)
      - @ConditionalOnProperty (spring.jmx.enabled=true) matched (OnPropertyCondition)

   JmxAutoConfiguration#mbeanExporter matched:
      - @ConditionalOnMissingBean (types: org.springframework.jmx.export.MBeanExporter; SearchStrategy: current) did not find any beans (OnBeanCondition)

   JmxAutoConfiguration#mbeanServer matched:
      - @ConditionalOnMissingBean (types: javax.management.MBeanServer; SearchStrategy: all) did not find any beans (OnBeanCondition)

   JmxAutoConfiguration#objectNamingStrategy matched:
      - @ConditionalOnMissingBean (types: org.springframework.jmx.export.naming.ObjectNamingStrategy; SearchStrategy: current) did not find any beans (OnBeanCondition)

   LettuceConnectionConfiguration matched:
      - @ConditionalOnClass found required class 'io.lettuce.core.RedisClient' (OnClassCondition)
      - @ConditionalOnProperty (spring.data.redis.client-type=lettuce) matched (OnPropertyCondition)

   LettuceConnectionConfiguration#lettuceClientResources matched:
      - @ConditionalOnMissingBean (types: io.lettuce.core.resource.ClientResources; SearchStrategy: all) did not find any beans (OnBeanCondition)

   LettuceConnectionConfiguration#redisConnectionFactory matched:
      - @ConditionalOnMissingBean (types: org.springframework.data.redis.connection.RedisConnectionFactory; SearchStrategy: all) did not find any beans (OnBeanCondition)
      - @ConditionalOnThreading found PLATFORM (OnThreadingCondition)

   LifecycleAutoConfiguration#defaultLifecycleProcessor matched:
      - @ConditionalOnMissingBean (names: lifecycleProcessor; SearchStrategy: current) did not find any beans (OnBeanCondition)

   MultipartAutoConfiguration matched:
      - @ConditionalOnClass found required classes 'jakarta.servlet.Servlet', 'org.springframework.web.multipart.support.StandardServletMultipartResolver', 'jakarta.servlet.MultipartConfigElement' (OnClassCondition)
      - found 'session' scope (OnWebApplicationCondition)
      - @ConditionalOnProperty (spring.servlet.multipart.enabled) matched (OnPropertyCondition)

   MultipartAutoConfiguration#multipartConfigElement matched:
      - @ConditionalOnMissingBean (types: jakarta.servlet.MultipartConfigElement; SearchStrategy: all) did not find any beans (OnBeanCondition)

   MultipartAutoConfiguration#multipartResolver matched:
      - @ConditionalOnMissingBean (types: org.springframework.web.multipart.MultipartResolver; SearchStrategy: all) did not find any beans (OnBeanCondition)

   MybatisAutoConfiguration matched:
      - @ConditionalOnClass found required classes 'org.apache.ibatis.session.SqlSessionFactory', 'org.mybatis.spring.SqlSessionFactoryBean' (OnClassCondition)
      - @ConditionalOnSingleCandidate (types: javax.sql.DataSource; SearchStrategy: all) found a single bean 'dataSource' (OnBeanCondition)

   MybatisAutoConfiguration#sqlSessionFactory matched:
      - @ConditionalOnMissingBean (types: org.apache.ibatis.session.SqlSessionFactory; SearchStrategy: all) did not find any beans (OnBeanCondition)

   MybatisAutoConfiguration#sqlSessionTemplate matched:
      - @ConditionalOnMissingBean (types: org.mybatis.spring.SqlSessionTemplate; SearchStrategy: all) did not find any beans (OnBeanCondition)

   MybatisLanguageDriverAutoConfiguration matched:
      - @ConditionalOnClass found required class 'org.apache.ibatis.scripting.LanguageDriver' (OnClassCondition)

   NamedParameterJdbcTemplateConfiguration matched:
      - @ConditionalOnSingleCandidate (types: org.springframework.jdbc.core.JdbcTemplate; SearchStrategy: all) found a single bean 'jdbcTemplate'; @ConditionalOnMissingBean (types: org.springframework.jdbc.core.namedparam.NamedParameterJdbcOperations; SearchStrategy: all) did not find any beans (OnBeanCondition)

   NettyAutoConfiguration matched:
      - @ConditionalOnClass found required class 'io.netty.util.NettyRuntime' (OnClassCondition)

   NoOpCacheConfiguration matched:
      - Cache org.springframework.boot.autoconfigure.cache.NoOpCacheConfiguration automatic cache type (CacheCondition)

   PersistenceExceptionTranslationAutoConfiguration matched:
      - @ConditionalOnClass found required class 'org.springframework.dao.annotation.PersistenceExceptionTranslationPostProcessor' (OnClassCondition)

   PersistenceExceptionTranslationAutoConfiguration#persistenceExceptionTranslationPostProcessor matched:
      - @ConditionalOnProperty (spring.dao.exceptiontranslation.enabled) matched (OnPropertyCondition)
      - @ConditionalOnMissingBean (types: org.springframework.dao.annotation.PersistenceExceptionTranslationPostProcessor; SearchStrategy: all) did not find any beans (OnBeanCondition)

   PropertyPlaceholderAutoConfiguration#propertySourcesPlaceholderConfigurer matched:
      - @ConditionalOnMissingBean (types: org.springframework.context.support.PropertySourcesPlaceholderConfigurer; SearchStrategy: current) did not find any beans (OnBeanCondition)

   ReactorAutoConfiguration matched:
      - @ConditionalOnClass found required class 'reactor.core.publisher.Hooks' (OnClassCondition)

   RedisAutoConfiguration matched:
      - @ConditionalOnClass found required class 'org.springframework.data.redis.core.RedisOperations' (OnClassCondition)

   RedisAutoConfiguration#redisConnectionDetails matched:
      - @ConditionalOnMissingBean (types: org.springframework.boot.autoconfigure.data.redis.RedisConnectionDetails; SearchStrategy: all) did not find any beans (OnBeanCondition)

   RedisAutoConfiguration#stringRedisTemplate matched:
      - @ConditionalOnSingleCandidate (types: org.springframework.data.redis.connection.RedisConnectionFactory; SearchStrategy: all) found a single bean 'redisConnectionFactory'; @ConditionalOnMissingBean (types: org.springframework.data.redis.core.StringRedisTemplate; SearchStrategy: all) did not find any beans (OnBeanCondition)

   RedisCacheConfiguration matched:
      - @ConditionalOnClass found required class 'org.springframework.data.redis.connection.RedisConnectionFactory' (OnClassCondition)
      - Cache org.springframework.boot.autoconfigure.cache.RedisCacheConfiguration automatic cache type (CacheCondition)

   RedisReactiveAutoConfiguration matched:
      - @ConditionalOnClass found required classes 'org.springframework.data.redis.connection.ReactiveRedisConnectionFactory', 'org.springframework.data.redis.core.ReactiveRedisTemplate', 'reactor.core.publisher.Flux' (OnClassCondition)

   RedisReactiveAutoConfiguration#reactiveRedisTemplate matched:
      - @ConditionalOnBean (types: org.springframework.data.redis.connection.ReactiveRedisConnectionFactory; SearchStrategy: all) found bean 'redisConnectionFactory'; @ConditionalOnMissingBean (names: reactiveRedisTemplate; SearchStrategy: all) did not find any beans (OnBeanCondition)

   RedisReactiveAutoConfiguration#reactiveStringRedisTemplate matched:
      - @ConditionalOnBean (types: org.springframework.data.redis.connection.ReactiveRedisConnectionFactory; SearchStrategy: all) found bean 'redisConnectionFactory'; @ConditionalOnMissingBean (names: reactiveStringRedisTemplate; SearchStrategy: all) did not find any beans (OnBeanCondition)

   RedisRepositoriesAutoConfiguration matched:
      - @ConditionalOnClass found required class 'org.springframework.data.redis.repository.configuration.EnableRedisRepositories' (OnClassCondition)
      - @ConditionalOnProperty (spring.data.redis.repositories.enabled=true) matched (OnPropertyCondition)
      - @ConditionalOnBean (types: org.springframework.data.redis.connection.RedisConnectionFactory; SearchStrategy: all) found bean 'redisConnectionFactory'; @ConditionalOnMissingBean (types: org.springframework.data.redis.repository.support.RedisRepositoryFactoryBean; SearchStrategy: all) did not find any beans (OnBeanCondition)

   RedisSessionConfiguration matched:
      - @ConditionalOnClass found required classes 'org.springframework.data.redis.core.RedisTemplate', 'org.springframework.session.data.redis.RedisIndexedSessionRepository' (OnClassCondition)
      - @ConditionalOnBean (types: org.springframework.data.redis.connection.RedisConnectionFactory; SearchStrategy: all) found bean 'redisConnectionFactory'; @ConditionalOnMissingBean (types: org.springframework.session.SessionRepository; SearchStrategy: all) did not find any beans (OnBeanCondition)

   RedisSessionConfiguration.DefaultRedisSessionConfiguration matched:
      - @ConditionalOnProperty (spring.session.redis.repository-type=default) matched (OnPropertyCondition)

   RestClientAutoConfiguration matched:
      - @ConditionalOnClass found required class 'org.springframework.web.client.RestClient' (OnClassCondition)
      - NoneNestedConditions 0 matched 1 did not; NestedCondition on NotReactiveWebApplicationCondition.ReactiveWebApplication did not find reactive web application classes (NotReactiveWebApplicationCondition)

   RestClientAutoConfiguration#httpMessageConvertersRestClientCustomizer matched:
      - @ConditionalOnMissingBean (types: org.springframework.boot.autoconfigure.web.client.HttpMessageConvertersRestClientCustomizer; SearchStrategy: all) did not find any beans (OnBeanCondition)

   RestClientAutoConfiguration#restClientBuilder matched:
      - @ConditionalOnMissingBean (types: org.springframework.web.client.RestClient$Builder; SearchStrategy: all) did not find any beans (OnBeanCondition)

   RestClientAutoConfiguration#restClientBuilderConfigurer matched:
      - @ConditionalOnMissingBean (types: org.springframework.boot.autoconfigure.web.client.RestClientBuilderConfigurer; SearchStrategy: all) did not find any beans (OnBeanCondition)

   RestClientAutoConfiguration#restClientSsl matched:
      - @ConditionalOnBean (types: org.springframework.boot.ssl.SslBundles; SearchStrategy: all) found bean 'sslBundleRegistry'; @ConditionalOnMissingBean (types: org.springframework.boot.autoconfigure.web.client.RestClientSsl; SearchStrategy: all) did not find any beans (OnBeanCondition)

   RestTemplateAutoConfiguration matched:
      - @ConditionalOnClass found required class 'org.springframework.web.client.RestTemplate' (OnClassCondition)
      - NoneNestedConditions 0 matched 1 did not; NestedCondition on NotReactiveWebApplicationCondition.ReactiveWebApplication did not find reactive web application classes (NotReactiveWebApplicationCondition)

   RestTemplateAutoConfiguration#restTemplateBuilder matched:
      - @ConditionalOnMissingBean (types: org.springframework.boot.web.client.RestTemplateBuilder; SearchStrategy: all) did not find any beans (OnBeanCondition)

   ServletWebServerFactoryAutoConfiguration matched:
      - @ConditionalOnClass found required class 'jakarta.servlet.ServletRequest' (OnClassCondition)
      - found 'session' scope (OnWebApplicationCondition)

   ServletWebServerFactoryAutoConfiguration#tomcatServletWebServerFactoryCustomizer matched:
      - @ConditionalOnClass found required class 'org.apache.catalina.startup.Tomcat' (OnClassCondition)

   ServletWebServerFactoryConfiguration.EmbeddedTomcat matched:
      - @ConditionalOnClass found required classes 'jakarta.servlet.Servlet', 'org.apache.catalina.startup.Tomcat', 'org.apache.coyote.UpgradeProtocol' (OnClassCondition)
      - @ConditionalOnMissingBean (types: org.springframework.boot.web.servlet.server.ServletWebServerFactory; SearchStrategy: current) did not find any beans (OnBeanCondition)

   SessionAutoConfiguration matched:
      - @ConditionalOnClass found required class 'org.springframework.session.Session' (OnClassCondition)
      - @ConditionalOnWebApplication (required) found 'session' scope (OnWebApplicationCondition)

   SessionAutoConfiguration.ServletSessionConfiguration matched:
      - found 'session' scope (OnWebApplicationCondition)

   SessionAutoConfiguration.ServletSessionConfiguration#cookieSerializer matched:
      - AnyNestedCondition 1 matched 1 did not; NestedCondition on SessionAutoConfiguration.DefaultCookieSerializerCondition.CookieHttpSessionIdResolverAvailable found non-matching nested conditions @ConditionalOnBean (types: org.springframework.session.web.http.CookieHttpSessionIdResolver; SearchStrategy: all) did not find any beans of type org.springframework.session.web.http.CookieHttpSessionIdResolver, @ConditionalOnBean (types: org.springframework.session.web.http.CookieHttpSessionIdResolver; SearchStrategy: all) did not find any beans of type org.springframework.session.web.http.CookieHttpSessionIdResolver; NestedCondition on SessionAutoConfiguration.DefaultCookieSerializerCondition.NoComponentsAvailable @ConditionalOnMissingBean (types: org.springframework.session.web.http.HttpSessionIdResolver,org.springframework.session.web.http.CookieSerializer; SearchStrategy: all) did not find any beans (SessionAutoConfiguration.DefaultCookieSerializerCondition)

   SessionAutoConfiguration.ServletSessionConfiguration.ServletSessionRepositoryConfiguration matched:
      - @ConditionalOnMissingBean (types: org.springframework.session.SessionRepository; SearchStrategy: all) did not find any beans (OnBeanCondition)

   SessionRepositoryFilterConfiguration matched:
      - @ConditionalOnBean (types: org.springframework.session.web.http.SessionRepositoryFilter; SearchStrategy: all) found bean 'springSessionRepositoryFilter' (OnBeanCondition)

   SimpleCacheConfiguration matched:
      - Cache org.springframework.boot.autoconfigure.cache.SimpleCacheConfiguration automatic cache type (CacheCondition)

   SpringApplicationAdminJmxAutoConfiguration matched:
      - @ConditionalOnProperty (spring.application.admin.enabled=true) matched (OnPropertyCondition)

   SpringApplicationAdminJmxAutoConfiguration#springApplicationAdminRegistrar matched:
      - @ConditionalOnMissingBean (types: org.springframework.boot.admin.SpringApplicationAdminMXBeanRegistrar; SearchStrategy: all) did not find any beans (OnBeanCondition)

   SpringDataWebAutoConfiguration matched:
      - @ConditionalOnClass found required classes 'org.springframework.data.web.PageableHandlerMethodArgumentResolver', 'org.springframework.web.servlet.config.annotation.WebMvcConfigurer' (OnClassCondition)
      - found 'session' scope (OnWebApplicationCondition)
      - @ConditionalOnMissingBean (types: org.springframework.data.web.PageableHandlerMethodArgumentResolver; SearchStrategy: all) did not find any beans (OnBeanCondition)

   SpringDataWebAutoConfiguration#pageableCustomizer matched:
      - @ConditionalOnMissingBean (types: org.springframework.data.web.config.PageableHandlerMethodArgumentResolverCustomizer; SearchStrategy: all) did not find any beans (OnBeanCondition)

   SpringDataWebAutoConfiguration#sortCustomizer matched:
      - @ConditionalOnMissingBean (types: org.springframework.data.web.config.SortHandlerMethodArgumentResolverCustomizer; SearchStrategy: all) did not find any beans (OnBeanCondition)

   SqlInitializationAutoConfiguration matched:
      - @ConditionalOnProperty (spring.sql.init.enabled) matched (OnPropertyCondition)
      - NoneNestedConditions 0 matched 1 did not; NestedCondition on SqlInitializationAutoConfiguration.SqlInitializationModeCondition.ModeIsNever @ConditionalOnProperty (spring.sql.init.mode=never) did not find property 'mode' (SqlInitializationAutoConfiguration.SqlInitializationModeCondition)

   SslAutoConfiguration#sslBundleRegistry matched:
      - @ConditionalOnMissingBean (types: org.springframework.boot.ssl.SslBundleRegistry,org.springframework.boot.ssl.SslBundles; SearchStrategy: all) did not find any beans (OnBeanCondition)

   TaskExecutionAutoConfiguration matched:
      - @ConditionalOnClass found required class 'org.springframework.scheduling.concurrent.ThreadPoolTaskExecutor' (OnClassCondition)

   TaskExecutorConfigurations.SimpleAsyncTaskExecutorBuilderConfiguration#simpleAsyncTaskExecutorBuilder matched:
      - @ConditionalOnMissingBean (types: org.springframework.boot.task.SimpleAsyncTaskExecutorBuilder; SearchStrategy: all) did not find any beans (OnBeanCondition)
      - @ConditionalOnThreading found PLATFORM (OnThreadingCondition)

   TaskExecutorConfigurations.TaskExecutorBuilderConfiguration#taskExecutorBuilder matched:
      - @ConditionalOnMissingBean (types: org.springframework.boot.task.TaskExecutorBuilder; SearchStrategy: all) did not find any beans (OnBeanCondition)

   TaskExecutorConfigurations.TaskExecutorConfiguration matched:
      - @ConditionalOnMissingBean (types: java.util.concurrent.Executor; SearchStrategy: all) did not find any beans (OnBeanCondition)

   TaskExecutorConfigurations.TaskExecutorConfiguration#applicationTaskExecutor matched:
      - @ConditionalOnThreading found PLATFORM (OnThreadingCondition)

   TaskExecutorConfigurations.ThreadPoolTaskExecutorBuilderConfiguration#threadPoolTaskExecutorBuilder matched:
      - @ConditionalOnMissingBean (types: org.springframework.boot.task.TaskExecutorBuilder,org.springframework.boot.task.ThreadPoolTaskExecutorBuilder; SearchStrategy: all) did not find any beans (OnBeanCondition)

   TaskSchedulingAutoConfiguration matched:
      - @ConditionalOnClass found required class 'org.springframework.scheduling.concurrent.ThreadPoolTaskScheduler' (OnClassCondition)

   TaskSchedulingConfigurations.SimpleAsyncTaskSchedulerBuilderConfiguration#simpleAsyncTaskSchedulerBuilder matched:
      - @ConditionalOnMissingBean (types: org.springframework.boot.task.SimpleAsyncTaskSchedulerBuilder; SearchStrategy: all) did not find any beans (OnBeanCondition)
      - @ConditionalOnThreading found PLATFORM (OnThreadingCondition)

   TaskSchedulingConfigurations.TaskSchedulerBuilderConfiguration#taskSchedulerBuilder matched:
      - @ConditionalOnMissingBean (types: org.springframework.boot.task.TaskSchedulerBuilder; SearchStrategy: all) did not find any beans (OnBeanCondition)

   TaskSchedulingConfigurations.ThreadPoolTaskSchedulerBuilderConfiguration#threadPoolTaskSchedulerBuilder matched:
      - @ConditionalOnMissingBean (types: org.springframework.boot.task.TaskSchedulerBuilder,org.springframework.boot.task.ThreadPoolTaskSchedulerBuilder; SearchStrategy: all) did not find any beans (OnBeanCondition)

   TransactionAutoConfiguration matched:
      - @ConditionalOnClass found required class 'org.springframework.transaction.PlatformTransactionManager' (OnClassCondition)

   TransactionAutoConfiguration.EnableTransactionManagementConfiguration matched:
      - @ConditionalOnBean (types: org.springframework.transaction.TransactionManager; SearchStrategy: all) found bean 'transactionManager'; @ConditionalOnMissingBean (types: org.springframework.transaction.annotation.AbstractTransactionManagementConfiguration; SearchStrategy: all) did not find any beans (OnBeanCondition)

   TransactionAutoConfiguration.EnableTransactionManagementConfiguration.CglibAutoProxyConfiguration matched:
      - @ConditionalOnProperty (spring.aop.proxy-target-class=true) matched (OnPropertyCondition)

   TransactionAutoConfiguration.TransactionTemplateConfiguration matched:
      - @ConditionalOnSingleCandidate (types: org.springframework.transaction.PlatformTransactionManager; SearchStrategy: all) found a single bean 'transactionManager' (OnBeanCondition)

   TransactionAutoConfiguration.TransactionTemplateConfiguration#transactionTemplate matched:
      - @ConditionalOnMissingBean (types: org.springframework.transaction.support.TransactionOperations; SearchStrategy: all) did not find any beans (OnBeanCondition)

   TransactionManagerCustomizationAutoConfiguration matched:
      - @ConditionalOnClass found required class 'org.springframework.transaction.PlatformTransactionManager' (OnClassCondition)

   TransactionManagerCustomizationAutoConfiguration#platformTransactionManagerCustomizers matched:
      - @ConditionalOnMissingBean (types: org.springframework.boot.autoconfigure.transaction.TransactionManagerCustomizers; SearchStrategy: all) did not find any beans (OnBeanCondition)

   WebMvcAutoConfiguration matched:
      - @ConditionalOnClass found required classes 'jakarta.servlet.Servlet', 'org.springframework.web.servlet.DispatcherServlet', 'org.springframework.web.servlet.config.annotation.WebMvcConfigurer' (OnClassCondition)
      - found 'session' scope (OnWebApplicationCondition)
      - @ConditionalOnMissingBean (types: org.springframework.web.servlet.config.annotation.WebMvcConfigurationSupport; SearchStrategy: all) did not find any beans (OnBeanCondition)

   WebMvcAutoConfiguration#formContentFilter matched:
      - @ConditionalOnProperty (spring.mvc.formcontent.filter.enabled) matched (OnPropertyCondition)
      - @ConditionalOnMissingBean (types: org.springframework.web.filter.FormContentFilter; SearchStrategy: all) did not find any beans (OnBeanCondition)

   WebMvcAutoConfiguration.EnableWebMvcConfiguration#flashMapManager matched:
      - @ConditionalOnMissingBean (names: flashMapManager; SearchStrategy: all) did not find any beans (OnBeanCondition)

   WebMvcAutoConfiguration.EnableWebMvcConfiguration#localeResolver matched:
      - @ConditionalOnMissingBean (names: localeResolver; SearchStrategy: all) did not find any beans (OnBeanCondition)

   WebMvcAutoConfiguration.EnableWebMvcConfiguration#themeResolver matched:
      - @ConditionalOnMissingBean (names: themeResolver; SearchStrategy: all) did not find any beans (OnBeanCondition)

   WebMvcAutoConfiguration.WebMvcAutoConfigurationAdapter#defaultViewResolver matched:
      - @ConditionalOnMissingBean (types: org.springframework.web.servlet.view.InternalResourceViewResolver; SearchStrategy: all) did not find any beans (OnBeanCondition)

   WebMvcAutoConfiguration.WebMvcAutoConfigurationAdapter#requestContextFilter matched:
      - @ConditionalOnMissingBean (types: org.springframework.web.context.request.RequestContextListener,org.springframework.web.filter.RequestContextFilter; SearchStrategy: all) did not find any beans (OnBeanCondition)

   WebMvcAutoConfiguration.WebMvcAutoConfigurationAdapter#viewResolver matched:
      - @ConditionalOnBean (types: org.springframework.web.servlet.ViewResolver; SearchStrategy: all) found beans 'defaultViewResolver', 'beanNameViewResolver', 'mvcViewResolver'; @ConditionalOnMissingBean (names: viewResolver types: org.springframework.web.servlet.view.ContentNegotiatingViewResolver; SearchStrategy: all) did not find any beans (OnBeanCondition)

   WebSocketServletAutoConfiguration matched:
      - @ConditionalOnClass found required classes 'jakarta.servlet.Servlet', 'jakarta.websocket.server.ServerContainer' (OnClassCondition)
      - found 'session' scope (OnWebApplicationCondition)

   WebSocketServletAutoConfiguration.TomcatWebSocketConfiguration matched:
      - @ConditionalOnClass found required classes 'org.apache.catalina.startup.Tomcat', 'org.apache.tomcat.websocket.server.WsSci' (OnClassCondition)

   WebSocketServletAutoConfiguration.TomcatWebSocketConfiguration#websocketServletWebServerCustomizer matched:
      - @ConditionalOnMissingBean (names: websocketServletWebServerCustomizer; SearchStrategy: all) did not find any beans (OnBeanCondition)


Negative matches:
-----------------

   ActiveMQAutoConfiguration:
      Did not match:
         - @ConditionalOnClass did not find required class 'jakarta.jms.ConnectionFactory' (OnClassCondition)

   AopAutoConfiguration.AspectJAutoProxyingConfiguration.JdkDynamicAutoProxyConfiguration:
      Did not match:
         - @ConditionalOnProperty (spring.aop.proxy-target-class=false) did not find property 'proxy-target-class' (OnPropertyCondition)

   AopAutoConfiguration.ClassProxyingConfiguration:
      Did not match:
         - @ConditionalOnMissingClass found unwanted class 'org.aspectj.weaver.Advice' (OnClassCondition)

   ArtemisAutoConfiguration:
      Did not match:
         - @ConditionalOnClass did not find required class 'jakarta.jms.ConnectionFactory' (OnClassCondition)

   BatchAutoConfiguration:
      Did not match:
         - @ConditionalOnClass did not find required class 'org.springframework.batch.core.launch.JobLauncher' (OnClassCondition)

   Cache2kCacheConfiguration:
      Did not match:
         - @ConditionalOnClass did not find required class 'org.cache2k.Cache2kBuilder' (OnClassCondition)

   CacheAutoConfiguration:
      Did not match:
         - @ConditionalOnBean (types: org.springframework.cache.interceptor.CacheAspectSupport; SearchStrategy: all) did not find any beans of type org.springframework.cache.interceptor.CacheAspectSupport (OnBeanCondition)
      Matched:
         - @ConditionalOnClass found required class 'org.springframework.cache.CacheManager' (OnClassCondition)

   CacheAutoConfiguration.CacheManagerEntityManagerFactoryDependsOnPostProcessor:
      Did not match:
         - @ConditionalOnClass did not find required class 'org.springframework.orm.jpa.LocalContainerEntityManagerFactoryBean' (OnClassCondition)
         - Ancestor org.springframework.boot.autoconfigure.cache.CacheAutoConfiguration did not match (ConditionEvaluationReport.AncestorsMatchedCondition)

   CaffeineCacheConfiguration:
      Did not match:
         - @ConditionalOnClass did not find required class 'com.github.benmanes.caffeine.cache.Caffeine' (OnClassCondition)

   CassandraAutoConfiguration:
      Did not match:
         - @ConditionalOnClass did not find required class 'com.datastax.oss.driver.api.core.CqlSession' (OnClassCondition)

   CassandraDataAutoConfiguration:
      Did not match:
         - @ConditionalOnClass did not find required class 'com.datastax.oss.driver.api.core.CqlSession' (OnClassCondition)

   CassandraReactiveDataAutoConfiguration:
      Did not match:
         - @ConditionalOnClass did not find required class 'com.datastax.oss.driver.api.core.CqlSession' (OnClassCondition)

   CassandraReactiveRepositoriesAutoConfiguration:
      Did not match:
         - @ConditionalOnClass did not find required class 'org.springframework.data.cassandra.ReactiveSession' (OnClassCondition)

   CassandraRepositoriesAutoConfiguration:
      Did not match:
         - @ConditionalOnClass did not find required class 'com.datastax.oss.driver.api.core.CqlSession' (OnClassCondition)

   ClientHttpConnectorAutoConfiguration:
      Did not match:
         - @ConditionalOnClass did not find required class 'org.springframework.web.reactive.function.client.WebClient' (OnClassCondition)

   CodecsAutoConfiguration:
      Did not match:
         - @ConditionalOnClass did not find required class 'org.springframework.web.reactive.function.client.WebClient' (OnClassCondition)

   CouchbaseAutoConfiguration:
      Did not match:
         - @ConditionalOnClass did not find required class 'com.couchbase.client.java.Cluster' (OnClassCondition)

   CouchbaseCacheConfiguration:
      Did not match:
         - @ConditionalOnClass did not find required class 'com.couchbase.client.java.Cluster' (OnClassCondition)

   CouchbaseDataAutoConfiguration:
      Did not match:
         - @ConditionalOnClass did not find required class 'com.couchbase.client.java.Bucket' (OnClassCondition)

   CouchbaseReactiveDataAutoConfiguration:
      Did not match:
         - @ConditionalOnClass did not find required class 'com.couchbase.client.java.Cluster' (OnClassCondition)

   CouchbaseReactiveRepositoriesAutoConfiguration:
      Did not match:
         - @ConditionalOnClass did not find required class 'com.couchbase.client.java.Cluster' (OnClassCondition)

   CouchbaseRepositoriesAutoConfiguration:
      Did not match:
         - @ConditionalOnClass did not find required class 'com.couchbase.client.java.Bucket' (OnClassCondition)

   DataSourceAutoConfiguration.EmbeddedDatabaseConfiguration:
      Did not match:
         - EmbeddedDataSource spring.datasource.url is set (DataSourceAutoConfiguration.EmbeddedDatabaseCondition)

   DataSourceCheckpointRestoreConfiguration:
      Did not match:
         - @ConditionalOnClass did not find required class 'org.crac.Resource' (OnClassCondition)

   DataSourceConfiguration.Dbcp2:
      Did not match:
         - @ConditionalOnClass did not find required class 'org.apache.commons.dbcp2.BasicDataSource' (OnClassCondition)

   DataSourceConfiguration.Generic:
      Did not match:
         - @ConditionalOnProperty (spring.datasource.type) did not find property 'spring.datasource.type' (OnPropertyCondition)

   DataSourceConfiguration.OracleUcp:
      Did not match:
         - @ConditionalOnClass did not find required classes 'oracle.ucp.jdbc.PoolDataSourceImpl', 'oracle.jdbc.OracleConnection' (OnClassCondition)

   DataSourceConfiguration.Tomcat:
      Did not match:
         - @ConditionalOnClass did not find required class 'org.apache.tomcat.jdbc.pool.DataSource' (OnClassCondition)

   DataSourceJmxConfiguration.TomcatDataSourceJmxConfiguration:
      Did not match:
         - @ConditionalOnClass did not find required class 'org.apache.tomcat.jdbc.pool.DataSourceProxy' (OnClassCondition)

   DataSourcePoolMetadataProvidersConfiguration.CommonsDbcp2PoolDataSourceMetadataProviderConfiguration:
      Did not match:
         - @ConditionalOnClass did not find required class 'org.apache.commons.dbcp2.BasicDataSource' (OnClassCondition)

   DataSourcePoolMetadataProvidersConfiguration.OracleUcpPoolDataSourceMetadataProviderConfiguration:
      Did not match:
         - @ConditionalOnClass did not find required classes 'oracle.ucp.jdbc.PoolDataSource', 'oracle.jdbc.OracleConnection' (OnClassCondition)

   DataSourcePoolMetadataProvidersConfiguration.TomcatDataSourcePoolMetadataProviderConfiguration:
      Did not match:
         - @ConditionalOnClass did not find required class 'org.apache.tomcat.jdbc.pool.DataSource' (OnClassCondition)

   DispatcherServletAutoConfiguration.DispatcherServletConfiguration#multipartResolver:
      Did not match:
         - @ConditionalOnBean (types: org.springframework.web.multipart.MultipartResolver; SearchStrategy: all) did not find any beans of type org.springframework.web.multipart.MultipartResolver (OnBeanCondition)

   ElasticsearchClientAutoConfiguration:
      Did not match:
         - @ConditionalOnClass did not find required class 'co.elastic.clients.elasticsearch.ElasticsearchClient' (OnClassCondition)

   ElasticsearchDataAutoConfiguration:
      Did not match:
         - @ConditionalOnClass did not find required class 'org.springframework.data.elasticsearch.client.elc.ElasticsearchTemplate' (OnClassCondition)

   ElasticsearchRepositoriesAutoConfiguration:
      Did not match:
         - @ConditionalOnClass did not find required class 'org.springframework.data.elasticsearch.repository.ElasticsearchRepository' (OnClassCondition)

   ElasticsearchRestClientAutoConfiguration:
      Did not match:
         - @ConditionalOnClass did not find required class 'org.elasticsearch.client.RestClientBuilder' (OnClassCondition)

   EmbeddedLdapAutoConfiguration:
      Did not match:
         - @ConditionalOnClass did not find required class 'com.unboundid.ldap.listener.InMemoryDirectoryServer' (OnClassCondition)

   EmbeddedWebServerFactoryCustomizerAutoConfiguration.JettyWebServerFactoryCustomizerConfiguration:
      Did not match:
         - @ConditionalOnClass did not find required classes 'org.eclipse.jetty.server.Server', 'org.eclipse.jetty.util.Loader', 'org.eclipse.jetty.ee10.webapp.WebAppContext' (OnClassCondition)

   EmbeddedWebServerFactoryCustomizerAutoConfiguration.NettyWebServerFactoryCustomizerConfiguration:
      Did not match:
         - @ConditionalOnClass did not find required class 'reactor.netty.http.server.HttpServer' (OnClassCondition)

   EmbeddedWebServerFactoryCustomizerAutoConfiguration.TomcatWebServerFactoryCustomizerConfiguration#tomcatVirtualThreadsProtocolHandlerCustomizer:
      Did not match:
         - @ConditionalOnThreading did not find VIRTUAL (OnThreadingCondition)

   EmbeddedWebServerFactoryCustomizerAutoConfiguration.UndertowWebServerFactoryCustomizerConfiguration:
      Did not match:
         - @ConditionalOnClass did not find required classes 'io.undertow.Undertow', 'org.xnio.SslClientAuthMode' (OnClassCondition)

   ErrorWebFluxAutoConfiguration:
      Did not match:
         - @ConditionalOnClass did not find required class 'org.springframework.web.reactive.config.WebFluxConfigurer' (OnClassCondition)

   FlywayAutoConfiguration:
      Did not match:
         - @ConditionalOnClass did not find required class 'org.flywaydb.core.Flyway' (OnClassCondition)

   FreeMarkerAutoConfiguration:
      Did not match:
         - @ConditionalOnClass did not find required class 'freemarker.template.Configuration' (OnClassCondition)

   GraphQlAutoConfiguration:
      Did not match:
         - @ConditionalOnClass did not find required class 'graphql.GraphQL' (OnClassCondition)

   GraphQlQueryByExampleAutoConfiguration:
      Did not match:
         - @ConditionalOnClass did not find required class 'graphql.GraphQL' (OnClassCondition)

   GraphQlQuerydslAutoConfiguration:
      Did not match:
         - @ConditionalOnClass did not find required class 'com.querydsl.core.Query' (OnClassCondition)

   GraphQlRSocketAutoConfiguration:
      Did not match:
         - @ConditionalOnClass did not find required class 'graphql.GraphQL' (OnClassCondition)

   GraphQlReactiveQueryByExampleAutoConfiguration:
      Did not match:
         - @ConditionalOnClass did not find required class 'graphql.GraphQL' (OnClassCondition)

   GraphQlReactiveQuerydslAutoConfiguration:
      Did not match:
         - @ConditionalOnClass did not find required class 'com.querydsl.core.Query' (OnClassCondition)

   GraphQlWebFluxAutoConfiguration:
      Did not match:
         - @ConditionalOnClass did not find required class 'graphql.GraphQL' (OnClassCondition)

   GraphQlWebFluxSecurityAutoConfiguration:
      Did not match:
         - @ConditionalOnClass did not find required class 'graphql.GraphQL' (OnClassCondition)

   GraphQlWebMvcAutoConfiguration:
      Did not match:
         - @ConditionalOnClass did not find required class 'graphql.GraphQL' (OnClassCondition)

   GraphQlWebMvcSecurityAutoConfiguration:
      Did not match:
         - @ConditionalOnClass did not find required class 'graphql.GraphQL' (OnClassCondition)

   GroovyTemplateAutoConfiguration:
      Did not match:
         - @ConditionalOnClass did not find required class 'groovy.text.markup.MarkupTemplateEngine' (OnClassCondition)

   GsonAutoConfiguration:
      Did not match:
         - @ConditionalOnClass did not find required class 'com.google.gson.Gson' (OnClassCondition)

   GsonHttpMessageConvertersConfiguration:
      Did not match:
         - @ConditionalOnClass did not find required class 'com.google.gson.Gson' (OnClassCondition)

   H2ConsoleAutoConfiguration:
      Did not match:
         - @ConditionalOnClass did not find required class 'org.h2.server.web.JakartaWebServlet' (OnClassCondition)

   HazelcastAutoConfiguration:
      Did not match:
         - @ConditionalOnClass did not find required class 'com.hazelcast.core.HazelcastInstance' (OnClassCondition)

   HazelcastCacheConfiguration:
      Did not match:
         - @ConditionalOnClass did not find required class 'com.hazelcast.core.HazelcastInstance' (OnClassCondition)

   HazelcastJpaDependencyAutoConfiguration:
      Did not match:
         - @ConditionalOnClass did not find required class 'com.hazelcast.core.HazelcastInstance' (OnClassCondition)

   HazelcastSessionConfiguration:
      Did not match:
         - @ConditionalOnClass did not find required class 'org.springframework.session.hazelcast.HazelcastIndexedSessionRepository' (OnClassCondition)

   HibernateJpaAutoConfiguration:
      Did not match:
         - @ConditionalOnClass did not find required class 'jakarta.persistence.EntityManager' (OnClassCondition)

   HttpHandlerAutoConfiguration:
      Did not match:
         - @ConditionalOnClass did not find required class 'org.springframework.web.reactive.DispatcherHandler' (OnClassCondition)

   HypermediaAutoConfiguration:
      Did not match:
         - @ConditionalOnClass did not find required class 'org.springframework.hateoas.EntityModel' (OnClassCondition)

   InfinispanCacheConfiguration:
      Did not match:
         - @ConditionalOnClass did not find required class 'org.infinispan.spring.embedded.provider.SpringEmbeddedCacheManager' (OnClassCondition)

   InfluxDbAutoConfiguration:
      Did not match:
         - @ConditionalOnClass did not find required class 'org.influxdb.InfluxDB' (OnClassCondition)

   IntegrationAutoConfiguration:
      Did not match:
         - @ConditionalOnClass did not find required class 'org.springframework.integration.config.EnableIntegration' (OnClassCondition)

   JCacheCacheConfiguration:
      Did not match:
         - @ConditionalOnClass did not find required class 'javax.cache.Caching' (OnClassCondition)

   JacksonHttpMessageConvertersConfiguration.MappingJackson2XmlHttpMessageConverterConfiguration:
      Did not match:
         - @ConditionalOnClass did not find required class 'com.fasterxml.jackson.dataformat.xml.XmlMapper' (OnClassCondition)

   JdbcRepositoriesAutoConfiguration:
      Did not match:
         - @ConditionalOnClass did not find required class 'org.springframework.data.jdbc.repository.config.AbstractJdbcConfiguration' (OnClassCondition)

   JdbcSessionConfiguration:
      Did not match:
         - @ConditionalOnClass did not find required class 'org.springframework.session.jdbc.JdbcIndexedSessionRepository' (OnClassCondition)

   JedisConnectionConfiguration:
      Did not match:
         - @ConditionalOnClass did not find required classes 'org.apache.commons.pool2.impl.GenericObjectPool', 'redis.clients.jedis.Jedis' (OnClassCondition)

   JerseyAutoConfiguration:
      Did not match:
         - @ConditionalOnClass did not find required class 'org.glassfish.jersey.server.spring.SpringComponentProvider' (OnClassCondition)

   JmsAutoConfiguration:
      Did not match:
         - @ConditionalOnClass did not find required class 'jakarta.jms.Message' (OnClassCondition)

   JndiConnectionFactoryAutoConfiguration:
      Did not match:
         - @ConditionalOnClass did not find required class 'org.springframework.jms.core.JmsTemplate' (OnClassCondition)

   JndiDataSourceAutoConfiguration:
      Did not match:
         - @ConditionalOnProperty (spring.datasource.jndi-name) did not find property 'jndi-name' (OnPropertyCondition)
      Matched:
         - @ConditionalOnClass found required classes 'javax.sql.DataSource', 'org.springframework.jdbc.datasource.embedded.EmbeddedDatabaseType' (OnClassCondition)

   JooqAutoConfiguration:
      Did not match:
         - @ConditionalOnClass did not find required class 'org.jooq.DSLContext' (OnClassCondition)

   JpaRepositoriesAutoConfiguration:
      Did not match:
         - @ConditionalOnClass did not find required class 'org.springframework.data.jpa.repository.JpaRepository' (OnClassCondition)

   JsonbAutoConfiguration:
      Did not match:
         - @ConditionalOnClass did not find required class 'jakarta.json.bind.Jsonb' (OnClassCondition)

   JsonbHttpMessageConvertersConfiguration:
      Did not match:
         - @ConditionalOnClass did not find required class 'jakarta.json.bind.Jsonb' (OnClassCondition)

   JtaAutoConfiguration:
      Did not match:
         - @ConditionalOnClass did not find required class 'jakarta.transaction.Transaction' (OnClassCondition)

   KafkaAutoConfiguration:
      Did not match:
         - @ConditionalOnClass did not find required class 'org.springframework.kafka.core.KafkaTemplate' (OnClassCondition)

   LdapAutoConfiguration:
      Did not match:
         - @ConditionalOnClass did not find required class 'org.springframework.ldap.core.ContextSource' (OnClassCondition)

   LdapRepositoriesAutoConfiguration:
      Did not match:
         - @ConditionalOnClass did not find required class 'org.springframework.data.ldap.repository.LdapRepository' (OnClassCondition)

   LettuceConnectionConfiguration#redisConnectionFactoryVirtualThreads:
      Did not match:
         - @ConditionalOnMissingBean (types: org.springframework.data.redis.connection.RedisConnectionFactory; SearchStrategy: all) found beans of type 'org.springframework.data.redis.connection.RedisConnectionFactory' redisConnectionFactory (OnBeanCondition)

   LiquibaseAutoConfiguration:
      Did not match:
         - @ConditionalOnClass did not find required class 'liquibase.change.DatabaseChange' (OnClassCondition)

   MailSenderAutoConfiguration:
      Did not match:
         - @ConditionalOnClass did not find required class 'jakarta.activation.MimeType' (OnClassCondition)

   MailSenderValidatorAutoConfiguration:
      Did not match:
         - @ConditionalOnProperty (spring.mail.test-connection) did not find property 'test-connection' (OnPropertyCondition)

   MessageSourceAutoConfiguration:
      Did not match:
         - ResourceBundle did not find bundle with basename messages (MessageSourceAutoConfiguration.ResourceBundleCondition)

   MongoAutoConfiguration:
      Did not match:
         - @ConditionalOnClass did not find required class 'com.mongodb.client.MongoClient' (OnClassCondition)

   MongoDataAutoConfiguration:
      Did not match:
         - @ConditionalOnClass did not find required class 'com.mongodb.client.MongoClient' (OnClassCondition)

   MongoReactiveAutoConfiguration:
      Did not match:
         - @ConditionalOnClass did not find required class 'com.mongodb.reactivestreams.client.MongoClient' (OnClassCondition)

   MongoReactiveDataAutoConfiguration:
      Did not match:
         - @ConditionalOnClass did not find required class 'com.mongodb.reactivestreams.client.MongoClient' (OnClassCondition)

   MongoReactiveRepositoriesAutoConfiguration:
      Did not match:
         - @ConditionalOnClass did not find required class 'com.mongodb.reactivestreams.client.MongoClient' (OnClassCondition)

   MongoRepositoriesAutoConfiguration:
      Did not match:
         - @ConditionalOnClass did not find required class 'com.mongodb.client.MongoClient' (OnClassCondition)

   MongoSessionConfiguration:
      Did not match:
         - @ConditionalOnClass did not find required classes 'org.springframework.data.mongodb.core.MongoOperations', 'org.springframework.session.data.mongo.MongoIndexedSessionRepository' (OnClassCondition)

   MustacheAutoConfiguration:
      Did not match:
         - @ConditionalOnClass did not find required class 'com.samskivert.mustache.Mustache' (OnClassCondition)

   MybatisAutoConfiguration.MapperScannerRegistrarNotFoundConfiguration:
      Did not match:
         - @ConditionalOnMissingBean (types: org.mybatis.spring.mapper.MapperFactoryBean,org.mybatis.spring.mapper.MapperScannerConfigurer; SearchStrategy: all) found beans of type 'org.mybatis.spring.mapper.MapperScannerConfigurer' com.javastudy.vocabease_api.VocabEaseApiApplication#MapperScannerRegistrar#0 (OnBeanCondition)

   MybatisLanguageDriverAutoConfiguration.FreeMarkerConfiguration:
      Did not match:
         - @ConditionalOnClass did not find required classes 'org.mybatis.scripting.freemarker.FreeMarkerLanguageDriver', 'org.mybatis.scripting.freemarker.FreeMarkerLanguageDriverConfig' (OnClassCondition)

   MybatisLanguageDriverAutoConfiguration.LegacyFreeMarkerConfiguration:
      Did not match:
         - @ConditionalOnClass did not find required class 'org.mybatis.scripting.freemarker.FreeMarkerLanguageDriver' (OnClassCondition)

   MybatisLanguageDriverAutoConfiguration.LegacyVelocityConfiguration:
      Did not match:
         - @ConditionalOnClass did not find required class 'org.mybatis.scripting.velocity.Driver' (OnClassCondition)

   MybatisLanguageDriverAutoConfiguration.ThymeleafConfiguration:
      Did not match:
         - @ConditionalOnClass did not find required class 'org.mybatis.scripting.thymeleaf.ThymeleafLanguageDriver' (OnClassCondition)

   MybatisLanguageDriverAutoConfiguration.VelocityConfiguration:
      Did not match:
         - @ConditionalOnClass did not find required classes 'org.mybatis.scripting.velocity.VelocityLanguageDriver', 'org.mybatis.scripting.velocity.VelocityLanguageDriverConfig' (OnClassCondition)

   Neo4jAutoConfiguration:
      Did not match:
         - @ConditionalOnClass did not find required class 'org.neo4j.driver.Driver' (OnClassCondition)

   Neo4jDataAutoConfiguration:
      Did not match:
         - @ConditionalOnClass did not find required class 'org.neo4j.driver.Driver' (OnClassCondition)

   Neo4jReactiveDataAutoConfiguration:
      Did not match:
         - @ConditionalOnClass did not find required class 'org.neo4j.driver.Driver' (OnClassCondition)

   Neo4jReactiveRepositoriesAutoConfiguration:
      Did not match:
         - @ConditionalOnClass did not find required class 'org.neo4j.driver.Driver' (OnClassCondition)

   Neo4jRepositoriesAutoConfiguration:
      Did not match:
         - @ConditionalOnClass did not find required class 'org.neo4j.driver.Driver' (OnClassCondition)

   OAuth2AuthorizationServerAutoConfiguration:
      Did not match:
         - @ConditionalOnClass did not find required class 'org.springframework.security.oauth2.server.authorization.OAuth2Authorization' (OnClassCondition)

   OAuth2AuthorizationServerJwtAutoConfiguration:
      Did not match:
         - @ConditionalOnClass did not find required class 'org.springframework.security.oauth2.server.authorization.OAuth2Authorization' (OnClassCondition)

   OAuth2ClientAutoConfiguration:
      Did not match:
         - @ConditionalOnClass did not find required class 'org.springframework.security.config.annotation.web.configuration.EnableWebSecurity' (OnClassCondition)

   OAuth2ResourceServerAutoConfiguration:
      Did not match:
         - @ConditionalOnClass did not find required class 'org.springframework.security.oauth2.server.resource.authentication.BearerTokenAuthenticationToken' (OnClassCondition)

   ProjectInfoAutoConfiguration#buildProperties:
      Did not match:
         - @ConditionalOnResource did not find resource '${spring.info.build.location:classpath:META-INF/build-info.properties}' (OnResourceCondition)

   ProjectInfoAutoConfiguration#gitProperties:
      Did not match:
         - GitResource did not find git info at classpath:git.properties (ProjectInfoAutoConfiguration.GitResourceAvailableCondition)

   PulsarAutoConfiguration:
      Did not match:
         - @ConditionalOnClass did not find required class 'org.apache.pulsar.client.api.PulsarClient' (OnClassCondition)

   PulsarReactiveAutoConfiguration:
      Did not match:
         - @ConditionalOnClass did not find required class 'org.apache.pulsar.client.api.PulsarClient' (OnClassCondition)

   QuartzAutoConfiguration:
      Did not match:
         - @ConditionalOnClass did not find required class 'org.quartz.Scheduler' (OnClassCondition)

   R2dbcAutoConfiguration:
      Did not match:
         - @ConditionalOnClass did not find required class 'io.r2dbc.spi.ConnectionFactory' (OnClassCondition)

   R2dbcDataAutoConfiguration:
      Did not match:
         - @ConditionalOnClass did not find required class 'org.springframework.data.r2dbc.core.R2dbcEntityTemplate' (OnClassCondition)

   R2dbcInitializationConfiguration:
      Did not match:
         - @ConditionalOnClass did not find required classes 'io.r2dbc.spi.ConnectionFactory', 'org.springframework.r2dbc.connection.init.DatabasePopulator' (OnClassCondition)

   R2dbcRepositoriesAutoConfiguration:
      Did not match:
         - @ConditionalOnClass did not find required class 'io.r2dbc.spi.ConnectionFactory' (OnClassCondition)

   R2dbcTransactionManagerAutoConfiguration:
      Did not match:
         - @ConditionalOnClass did not find required class 'org.springframework.r2dbc.connection.R2dbcTransactionManager' (OnClassCondition)

   RSocketGraphQlClientAutoConfiguration:
      Did not match:
         - @ConditionalOnClass did not find required class 'graphql.GraphQL' (OnClassCondition)

   RSocketMessagingAutoConfiguration:
      Did not match:
         - @ConditionalOnClass did not find required class 'io.rsocket.RSocket' (OnClassCondition)

   RSocketRequesterAutoConfiguration:
      Did not match:
         - @ConditionalOnClass did not find required class 'io.rsocket.RSocket' (OnClassCondition)

   RSocketSecurityAutoConfiguration:
      Did not match:
         - @ConditionalOnClass did not find required class 'org.springframework.security.rsocket.core.SecuritySocketAcceptorInterceptor' (OnClassCondition)

   RSocketServerAutoConfiguration:
      Did not match:
         - @ConditionalOnClass did not find required class 'io.rsocket.core.RSocketServer' (OnClassCondition)

   RSocketStrategiesAutoConfiguration:
      Did not match:
         - @ConditionalOnClass did not find required class 'io.rsocket.RSocket' (OnClassCondition)

   RabbitAutoConfiguration:
      Did not match:
         - @ConditionalOnClass did not find required class 'com.rabbitmq.client.Channel' (OnClassCondition)

   ReactiveElasticsearchClientAutoConfiguration:
      Did not match:
         - @ConditionalOnClass did not find required class 'co.elastic.clients.transport.ElasticsearchTransport' (OnClassCondition)

   ReactiveElasticsearchRepositoriesAutoConfiguration:
      Did not match:
         - @ConditionalOnClass did not find required class 'org.springframework.data.elasticsearch.client.elc.ReactiveElasticsearchClient' (OnClassCondition)

   ReactiveMultipartAutoConfiguration:
      Did not match:
         - @ConditionalOnClass did not find required class 'org.springframework.web.reactive.config.WebFluxConfigurer' (OnClassCondition)

   ReactiveOAuth2ClientAutoConfiguration:
      Did not match:
         - @ConditionalOnClass did not find required class 'org.springframework.security.config.annotation.web.reactive.EnableWebFluxSecurity' (OnClassCondition)

   ReactiveOAuth2ResourceServerAutoConfiguration:
      Did not match:
         - @ConditionalOnClass did not find required class 'org.springframework.security.config.annotation.web.reactive.EnableWebFluxSecurity' (OnClassCondition)

   ReactiveSecurityAutoConfiguration:
      Did not match:
         - @ConditionalOnClass did not find required class 'org.springframework.security.config.annotation.web.reactive.EnableWebFluxSecurity' (OnClassCondition)

   ReactiveUserDetailsServiceAutoConfiguration:
      Did not match:
         - @ConditionalOnClass did not find required class 'org.springframework.security.authentication.ReactiveAuthenticationManager' (OnClassCondition)

   ReactiveWebServerFactoryAutoConfiguration:
      Did not match:
         - @ConditionalOnWebApplication did not find reactive web application classes (OnWebApplicationCondition)

   RedisAutoConfiguration#redisTemplate:
      Did not match:
         - @ConditionalOnMissingBean (names: redisTemplate; SearchStrategy: all) found beans named redisTemplate (OnBeanCondition)

   RedisSessionConfiguration.IndexedRedisSessionConfiguration:
      Did not match:
         - @ConditionalOnProperty (spring.session.redis.repository-type=indexed) did not find property 'repository-type' (OnPropertyCondition)

   RepositoryRestMvcAutoConfiguration:
      Did not match:
         - @ConditionalOnClass did not find required class 'org.springframework.data.rest.webmvc.config.RepositoryRestMvcConfiguration' (OnClassCondition)

   Saml2RelyingPartyAutoConfiguration:
      Did not match:
         - @ConditionalOnClass did not find required class 'org.springframework.security.saml2.provider.service.registration.RelyingPartyRegistrationRepository' (OnClassCondition)

   SecurityAutoConfiguration:
      Did not match:
         - @ConditionalOnClass did not find required class 'org.springframework.security.authentication.DefaultAuthenticationEventPublisher' (OnClassCondition)

   SecurityFilterAutoConfiguration:
      Did not match:
         - @ConditionalOnClass did not find required class 'org.springframework.security.config.http.SessionCreationPolicy' (OnClassCondition)

   SendGridAutoConfiguration:
      Did not match:
         - @ConditionalOnClass did not find required class 'com.sendgrid.SendGrid' (OnClassCondition)

   ServletWebServerFactoryAutoConfiguration.ForwardedHeaderFilterConfiguration:
      Did not match:
         - @ConditionalOnProperty (server.forward-headers-strategy=framework) did not find property 'server.forward-headers-strategy' (OnPropertyCondition)

   ServletWebServerFactoryConfiguration.EmbeddedJetty:
      Did not match:
         - @ConditionalOnClass did not find required classes 'org.eclipse.jetty.server.Server', 'org.eclipse.jetty.util.Loader', 'org.eclipse.jetty.ee10.webapp.WebAppContext' (OnClassCondition)

   ServletWebServerFactoryConfiguration.EmbeddedUndertow:
      Did not match:
         - @ConditionalOnClass did not find required classes 'io.undertow.Undertow', 'org.xnio.SslClientAuthMode' (OnClassCondition)

   SessionAutoConfiguration.ReactiveSessionConfiguration:
      Did not match:
         - did not find reactive web application classes (OnWebApplicationCondition)

   SessionAutoConfiguration.ServletSessionConfiguration.RememberMeServicesConfiguration:
      Did not match:
         - @ConditionalOnClass did not find required class 'org.springframework.security.web.authentication.RememberMeServices' (OnClassCondition)

   TaskExecutorConfigurations.SimpleAsyncTaskExecutorBuilderConfiguration#simpleAsyncTaskExecutorBuilderVirtualThreads:
      Did not match:
         - @ConditionalOnMissingBean (types: org.springframework.boot.task.SimpleAsyncTaskExecutorBuilder; SearchStrategy: all) found beans of type 'org.springframework.boot.task.SimpleAsyncTaskExecutorBuilder' simpleAsyncTaskExecutorBuilder (OnBeanCondition)

   TaskExecutorConfigurations.TaskExecutorConfiguration#applicationTaskExecutorVirtualThreads:
      Did not match:
         - @ConditionalOnThreading did not find VIRTUAL (OnThreadingCondition)

   TaskSchedulingAutoConfiguration#scheduledBeanLazyInitializationExcludeFilter:
      Did not match:
         - @ConditionalOnBean (names: org.springframework.context.annotation.internalScheduledAnnotationProcessor; SearchStrategy: all) did not find any beans named org.springframework.context.annotation.internalScheduledAnnotationProcessor (OnBeanCondition)

   TaskSchedulingConfigurations.SimpleAsyncTaskSchedulerBuilderConfiguration#simpleAsyncTaskSchedulerBuilderVirtualThreads:
      Did not match:
         - @ConditionalOnMissingBean (types: org.springframework.boot.task.SimpleAsyncTaskSchedulerBuilder; SearchStrategy: all) found beans of type 'org.springframework.boot.task.SimpleAsyncTaskSchedulerBuilder' simpleAsyncTaskSchedulerBuilder (OnBeanCondition)

   TaskSchedulingConfigurations.TaskSchedulerConfiguration:
      Did not match:
         - @ConditionalOnBean (names: org.springframework.context.annotation.internalScheduledAnnotationProcessor; SearchStrategy: all) did not find any beans named org.springframework.context.annotation.internalScheduledAnnotationProcessor (OnBeanCondition)

   ThymeleafAutoConfiguration:
      Did not match:
         - @ConditionalOnClass did not find required class 'org.thymeleaf.spring6.SpringTemplateEngine' (OnClassCondition)

   TransactionAutoConfiguration#transactionalOperator:
      Did not match:
         - @ConditionalOnSingleCandidate (types: org.springframework.transaction.ReactiveTransactionManager; SearchStrategy: all) did not find any beans (OnBeanCondition)

   TransactionAutoConfiguration.AspectJTransactionManagementConfiguration:
      Did not match:
         - @ConditionalOnBean did not find required type 'org.springframework.transaction.aspectj.AbstractTransactionAspect' (OnBeanCondition)
         - @ConditionalOnBean (types: org.springframework.transaction.aspectj.AbstractTransactionAspect; SearchStrategy: all) did not find any beans of type org.springframework.transaction.aspectj.AbstractTransactionAspect (OnBeanCondition)

   TransactionAutoConfiguration.EnableTransactionManagementConfiguration.JdkDynamicAutoProxyConfiguration:
      Did not match:
         - @ConditionalOnProperty (spring.aop.proxy-target-class=false) did not find property 'proxy-target-class' (OnPropertyCondition)

   UserDetailsServiceAutoConfiguration:
      Did not match:
         - @ConditionalOnClass did not find required class 'org.springframework.security.authentication.AuthenticationManager' (OnClassCondition)

   ValidationAutoConfiguration:
      Did not match:
         - @ConditionalOnClass did not find required class 'jakarta.validation.executable.ExecutableValidator' (OnClassCondition)

   WebClientAutoConfiguration:
      Did not match:
         - @ConditionalOnClass did not find required class 'org.springframework.web.reactive.function.client.WebClient' (OnClassCondition)

   WebFluxAutoConfiguration:
      Did not match:
         - @ConditionalOnClass did not find required class 'org.springframework.web.reactive.config.WebFluxConfigurer' (OnClassCondition)

   WebMvcAutoConfiguration#hiddenHttpMethodFilter:
      Did not match:
         - @ConditionalOnProperty (spring.mvc.hiddenmethod.filter.enabled) did not find property 'enabled' (OnPropertyCondition)

   WebMvcAutoConfiguration.ProblemDetailsErrorHandlingConfiguration:
      Did not match:
         - @ConditionalOnProperty (spring.mvc.problemdetails.enabled=true) did not find property 'enabled' (OnPropertyCondition)

   WebMvcAutoConfiguration.ResourceChainCustomizerConfiguration:
      Did not match:
         - @ConditionalOnEnabledResourceChain did not find class org.webjars.WebJarAssetLocator (OnEnabledResourceChainCondition)

   WebMvcAutoConfiguration.WebMvcAutoConfigurationAdapter#beanNameViewResolver:
      Did not match:
         - @ConditionalOnMissingBean (types: org.springframework.web.servlet.view.BeanNameViewResolver; SearchStrategy: all) found beans of type 'org.springframework.web.servlet.view.BeanNameViewResolver' beanNameViewResolver (OnBeanCondition)

   WebServiceTemplateAutoConfiguration:
      Did not match:
         - @ConditionalOnClass did not find required class 'org.springframework.ws.client.core.WebServiceTemplate' (OnClassCondition)

   WebServicesAutoConfiguration:
      Did not match:
         - @ConditionalOnClass did not find required class 'org.springframework.ws.transport.http.MessageDispatcherServlet' (OnClassCondition)

   WebSessionIdResolverAutoConfiguration:
      Did not match:
         - @ConditionalOnWebApplication did not find reactive web application classes (OnWebApplicationCondition)

   WebSocketMessagingAutoConfiguration:
      Did not match:
         - @ConditionalOnClass did not find required class 'org.springframework.web.socket.config.annotation.WebSocketMessageBrokerConfigurer' (OnClassCondition)

   WebSocketReactiveAutoConfiguration:
      Did not match:
         - @ConditionalOnWebApplication did not find reactive web application classes (OnWebApplicationCondition)

   WebSocketServletAutoConfiguration.JettyWebSocketConfiguration:
      Did not match:
         - @ConditionalOnClass did not find required class 'org.eclipse.jetty.ee10.websocket.jakarta.server.config.JakartaWebSocketServletContainerInitializer' (OnClassCondition)

   WebSocketServletAutoConfiguration.UndertowWebSocketConfiguration:
      Did not match:
         - @ConditionalOnClass did not find required class 'io.undertow.websockets.jsr.Bootstrap' (OnClassCondition)

   XADataSourceAutoConfiguration:
      Did not match:
         - @ConditionalOnClass did not find required class 'jakarta.transaction.TransactionManager' (OnClassCondition)


Exclusions:
-----------

    None


Unconditional classes:
----------------------

    org.springframework.boot.autoconfigure.context.ConfigurationPropertiesAutoConfiguration

    org.springframework.boot.autoconfigure.ssl.SslAutoConfiguration

    org.springframework.boot.autoconfigure.context.LifecycleAutoConfiguration

    org.springframework.boot.autoconfigure.context.PropertyPlaceholderAutoConfiguration

    org.springframework.boot.autoconfigure.availability.ApplicationAvailabilityAutoConfiguration

    org.springframework.boot.autoconfigure.info.ProjectInfoAutoConfiguration



2026-03-18 00:56:11 [INFO] [com.javastudy.vocabease_api.VocabEaseApiApplication] [logStarted] [56] -> Started VocabEaseApiApplication in 5.44 seconds (process running for 6.581)
2026-03-18 00:56:11 [DEBUG] [org.springframework.boot.availability.ApplicationAvailabilityBean] [onApplicationEvent] [77] -> Application availability state LivenessState changed to CORRECT
2026-03-18 00:56:11 [DEBUG] [org.springframework.boot.availability.ApplicationAvailabilityBean] [onApplicationEvent] [77] -> Application availability state ReadinessState changed to ACCEPTING_TRAFFIC
2026-03-18 00:56:16 [INFO] [org.apache.catalina.core.ContainerBase.[Tomcat].[localhost].[/]] [log] [173] -> Initializing Spring DispatcherServlet 'dispatcherServlet'
2026-03-18 00:56:16 [INFO] [org.springframework.web.servlet.DispatcherServlet] [initServletBean] [532] -> Initializing Servlet 'dispatcherServlet'
2026-03-18 00:56:16 [DEBUG] [org.springframework.web.servlet.DispatcherServlet] [initMultipartResolver] [533] -> Detected StandardServletMultipartResolver
2026-03-18 00:56:16 [DEBUG] [org.springframework.web.servlet.DispatcherServlet] [initLocaleResolver] [557] -> Detected AcceptHeaderLocaleResolver
2026-03-18 00:56:16 [DEBUG] [org.springframework.web.servlet.DispatcherServlet] [initThemeResolver] [583] -> Detected FixedThemeResolver
2026-03-18 00:56:16 [DEBUG] [org.springframework.web.servlet.DispatcherServlet] [initRequestToViewNameTranslator] [733] -> Detected org.springframework.web.servlet.view.DefaultRequestToViewNameTranslator@3e980f48
2026-03-18 00:56:16 [DEBUG] [org.springframework.web.servlet.DispatcherServlet] [initFlashMapManager] [797] -> Detected org.springframework.web.servlet.support.SessionFlashMapManager@6695e8a6
2026-03-18 00:56:16 [DEBUG] [org.springframework.web.servlet.DispatcherServlet] [initServletBean] [549] -> enableLoggingRequestDetails='false': request parameters and headers will be masked to prevent unsafe logging of potentially sensitive data
2026-03-18 00:56:16 [INFO] [org.springframework.web.servlet.DispatcherServlet] [initServletBean] [554] -> Completed initialization in 2 ms
2026-03-18 00:56:16 [DEBUG] [org.springframework.web.servlet.DispatcherServlet] [traceDebug] [120] -> GET "/myInfo/loadMyCollect?collectType=3&PageNum=1", parameters={masked}
2026-03-18 00:56:16 [DEBUG] [org.springframework.session.web.http.SessionRepositoryFilter.SESSION_LOGGER] [getSession] [301] -> No session found by id: Caching result for getSession(false) for this HttpServletRequest.
2026-03-18 00:56:16 [DEBUG] [org.springframework.web.servlet.mvc.method.annotation.RequestMappingHandlerMapping] [getHandler] [531] -> Mapped to com.javastudy.vocabease_api.controller.MyInfoController#loadMyCollect(String, Integer)
2026-03-18 00:56:16 [INFO] [com.javastudy.vocabease_common.utils.JWTUtil] [getTokenData] [51] -> === [验证接口] 验证 Token 使用的密钥：[test123456]
2026-03-18 00:56:16 [INFO] [com.javastudy.vocabease_common.utils.JWTUtil] [getTokenData] [52] -> === [验证接口] 待验证 Token 前缀：[eyJ0eXAiOiJKV1QiLCJh...]
2026-03-18 00:56:16 [INFO] [com.javastudy.vocabease_common.utils.JWTUtil] [getTokenData] [51] -> === [验证接口] 验证 Token 使用的密钥：[test123456]
2026-03-18 00:56:16 [INFO] [com.javastudy.vocabease_common.utils.JWTUtil] [getTokenData] [52] -> === [验证接口] 待验证 Token 前缀：[eyJ0eXAiOiJKV1QiLCJh...]
2026-03-18 00:56:16 [DEBUG] [org.mybatis.spring.SqlSessionUtils] [debug] [49] -> Creating a new SqlSession
2026-03-18 00:56:16 [DEBUG] [org.mybatis.spring.SqlSessionUtils] [debug] [49] -> SqlSession [org.apache.ibatis.session.defaults.DefaultSqlSession@77598560] was not registered for synchronization because synchronization is not active
2026-03-18 00:56:16 [DEBUG] [org.springframework.jdbc.datasource.DataSourceUtils] [doGetConnection] [117] -> Fetching JDBC Connection from DataSource
2026-03-18 00:56:16 [DEBUG] [com.zaxxer.hikari.HikariConfig] [logConfiguration] [1106] -> HikariPool-1 - configuration:
2026-03-18 00:56:16 [DEBUG] [com.zaxxer.hikari.HikariConfig] [logConfiguration] [1138] -> allowPoolSuspension.............false
2026-03-18 00:56:16 [DEBUG] [com.zaxxer.hikari.HikariConfig] [logConfiguration] [1138] -> autoCommit......................true
2026-03-18 00:56:16 [DEBUG] [com.zaxxer.hikari.HikariConfig] [logConfiguration] [1138] -> catalog.........................none
2026-03-18 00:56:16 [DEBUG] [com.zaxxer.hikari.HikariConfig] [logConfiguration] [1138] -> connectionInitSql...............none
2026-03-18 00:56:16 [DEBUG] [com.zaxxer.hikari.HikariConfig] [logConfiguration] [1138] -> connectionTestQuery.............none
2026-03-18 00:56:16 [DEBUG] [com.zaxxer.hikari.HikariConfig] [logConfiguration] [1138] -> connectionTimeout...............30000
2026-03-18 00:56:16 [DEBUG] [com.zaxxer.hikari.HikariConfig] [logConfiguration] [1138] -> dataSource......................none
2026-03-18 00:56:16 [DEBUG] [com.zaxxer.hikari.HikariConfig] [logConfiguration] [1138] -> dataSourceClassName.............none
2026-03-18 00:56:16 [DEBUG] [com.zaxxer.hikari.HikariConfig] [logConfiguration] [1138] -> dataSourceJNDI..................none
2026-03-18 00:56:16 [DEBUG] [com.zaxxer.hikari.HikariConfig] [logConfiguration] [1138] -> dataSourceProperties............{password=<masked>}
2026-03-18 00:56:16 [DEBUG] [com.zaxxer.hikari.HikariConfig] [logConfiguration] [1138] -> driverClassName................."com.mysql.cj.jdbc.Driver"
2026-03-18 00:56:16 [DEBUG] [com.zaxxer.hikari.HikariConfig] [logConfiguration] [1138] -> exceptionOverrideClassName......none
2026-03-18 00:56:16 [DEBUG] [com.zaxxer.hikari.HikariConfig] [logConfiguration] [1138] -> healthCheckProperties...........{}
2026-03-18 00:56:16 [DEBUG] [com.zaxxer.hikari.HikariConfig] [logConfiguration] [1138] -> healthCheckRegistry.............none
2026-03-18 00:56:16 [DEBUG] [com.zaxxer.hikari.HikariConfig] [logConfiguration] [1138] -> idleTimeout.....................600000
2026-03-18 00:56:16 [DEBUG] [com.zaxxer.hikari.HikariConfig] [logConfiguration] [1138] -> initializationFailTimeout.......1
2026-03-18 00:56:16 [DEBUG] [com.zaxxer.hikari.HikariConfig] [logConfiguration] [1138] -> isolateInternalQueries..........false
2026-03-18 00:56:16 [DEBUG] [com.zaxxer.hikari.HikariConfig] [logConfiguration] [1138] -> jdbcUrl.........................jdbc:mysql://localhost:3306/vocab_ease?useSSL=false&serverTimezone=UTC
2026-03-18 00:56:16 [DEBUG] [com.zaxxer.hikari.HikariConfig] [logConfiguration] [1138] -> keepaliveTime...................0
2026-03-18 00:56:16 [DEBUG] [com.zaxxer.hikari.HikariConfig] [logConfiguration] [1138] -> leakDetectionThreshold..........0
2026-03-18 00:56:16 [DEBUG] [com.zaxxer.hikari.HikariConfig] [logConfiguration] [1138] -> maxLifetime.....................1800000
2026-03-18 00:56:16 [DEBUG] [com.zaxxer.hikari.HikariConfig] [logConfiguration] [1138] -> maximumPoolSize.................10
2026-03-18 00:56:16 [DEBUG] [com.zaxxer.hikari.HikariConfig] [logConfiguration] [1138] -> metricRegistry..................none
2026-03-18 00:56:16 [DEBUG] [com.zaxxer.hikari.HikariConfig] [logConfiguration] [1138] -> metricsTrackerFactory...........none
2026-03-18 00:56:16 [DEBUG] [com.zaxxer.hikari.HikariConfig] [logConfiguration] [1138] -> minimumIdle.....................10
2026-03-18 00:56:16 [DEBUG] [com.zaxxer.hikari.HikariConfig] [logConfiguration] [1138] -> password........................<masked>
2026-03-18 00:56:16 [DEBUG] [com.zaxxer.hikari.HikariConfig] [logConfiguration] [1138] -> poolName........................"HikariPool-1"
2026-03-18 00:56:16 [DEBUG] [com.zaxxer.hikari.HikariConfig] [logConfiguration] [1138] -> readOnly........................false
2026-03-18 00:56:16 [DEBUG] [com.zaxxer.hikari.HikariConfig] [logConfiguration] [1138] -> registerMbeans..................false
2026-03-18 00:56:16 [DEBUG] [com.zaxxer.hikari.HikariConfig] [logConfiguration] [1138] -> scheduledExecutor...............none
2026-03-18 00:56:16 [DEBUG] [com.zaxxer.hikari.HikariConfig] [logConfiguration] [1138] -> schema..........................none
2026-03-18 00:56:16 [DEBUG] [com.zaxxer.hikari.HikariConfig] [logConfiguration] [1138] -> threadFactory...................internal
2026-03-18 00:56:16 [DEBUG] [com.zaxxer.hikari.HikariConfig] [logConfiguration] [1138] -> transactionIsolation............default
2026-03-18 00:56:16 [DEBUG] [com.zaxxer.hikari.HikariConfig] [logConfiguration] [1138] -> username........................"root"
2026-03-18 00:56:16 [DEBUG] [com.zaxxer.hikari.HikariConfig] [logConfiguration] [1138] -> validationTimeout...............5000
2026-03-18 00:56:16 [INFO] [com.zaxxer.hikari.HikariDataSource] [getConnection] [109] -> HikariPool-1 - Starting...
2026-03-18 00:56:16 [INFO] [com.zaxxer.hikari.pool.HikariPool] [checkFailFast] [554] -> HikariPool-1 - Added connection com.mysql.cj.jdbc.ConnectionImpl@39f84635
2026-03-18 00:56:16 [INFO] [com.zaxxer.hikari.HikariDataSource] [getConnection] [122] -> HikariPool-1 - Start completed.
2026-03-18 00:56:16 [DEBUG] [org.mybatis.spring.transaction.SpringManagedTransaction] [debug] [49] -> JDBC Connection [HikariProxyConnection@1094565949 wrapping com.mysql.cj.jdbc.ConnectionImpl@39f84635] will not be managed by Spring
2026-03-18 00:56:16 [DEBUG] [com.javastudy.vocabease_common.mappers.AppCollectMapper.selectCount] [debug] [135] -> ==>  Preparing: SELECT count(1) FROM app_collect a WHERE a.user_id = ? and a.collect_type = ?
2026-03-18 00:56:16 [DEBUG] [com.javastudy.vocabease_common.mappers.AppCollectMapper.selectCount] [debug] [135] -> ==> Parameters: DGRFD56pVa(String), 3(Integer)
2026-03-18 00:56:16 [DEBUG] [com.javastudy.vocabease_common.mappers.AppCollectMapper.selectCount] [debug] [135] -> <==      Total: 1
2026-03-18 00:56:16 [DEBUG] [org.mybatis.spring.SqlSessionUtils] [debug] [49] -> Closing non transactional SqlSession [org.apache.ibatis.session.defaults.DefaultSqlSession@77598560]
2026-03-18 00:56:16 [DEBUG] [org.mybatis.spring.SqlSessionUtils] [debug] [49] -> Creating a new SqlSession
2026-03-18 00:56:16 [DEBUG] [org.mybatis.spring.SqlSessionUtils] [debug] [49] -> SqlSession [org.apache.ibatis.session.defaults.DefaultSqlSession@216aa296] was not registered for synchronization because synchronization is not active
2026-03-18 00:56:16 [DEBUG] [org.springframework.jdbc.datasource.DataSourceUtils] [doGetConnection] [117] -> Fetching JDBC Connection from DataSource
2026-03-18 00:56:16 [DEBUG] [org.mybatis.spring.transaction.SpringManagedTransaction] [debug] [49] -> JDBC Connection [HikariProxyConnection@1894468823 wrapping com.mysql.cj.jdbc.ConnectionImpl@39f84635] will not be managed by Spring
2026-03-18 00:56:16 [DEBUG] [com.javastudy.vocabease_common.mappers.AppCollectMapper.selectList] [debug] [135] -> ==>  Preparing: SELECT a.collect_id,a.user_id,a.object_id,a.collect_type,a.collect_time FROM app_collect a WHERE a.user_id = ? and a.collect_type = ? order by collect_time desc limit ?,?
2026-03-18 00:56:16 [DEBUG] [com.javastudy.vocabease_common.mappers.AppCollectMapper.selectList] [debug] [135] -> ==> Parameters: DGRFD56pVa(String), 3(Integer), 0(Integer), 15(Integer)
2026-03-18 00:56:16 [DEBUG] [com.javastudy.vocabease_common.mappers.AppCollectMapper.selectList] [debug] [135] -> <==      Total: 2
2026-03-18 00:56:16 [DEBUG] [org.mybatis.spring.SqlSessionUtils] [debug] [49] -> Closing non transactional SqlSession [org.apache.ibatis.session.defaults.DefaultSqlSession@216aa296]
2026-03-18 00:56:16 [DEBUG] [com.zaxxer.hikari.pool.HikariPool] [logPoolState] [405] -> HikariPool-1 - Pool stats (total=1, active=0, idle=1, waiting=0)
2026-03-18 00:56:16 [DEBUG] [org.mybatis.spring.SqlSessionUtils] [debug] [49] -> Creating a new SqlSession
2026-03-18 00:56:16 [DEBUG] [org.mybatis.spring.SqlSessionUtils] [debug] [49] -> SqlSession [org.apache.ibatis.session.defaults.DefaultSqlSession@8e5f0c3] was not registered for synchronization because synchronization is not active
2026-03-18 00:56:16 [DEBUG] [com.zaxxer.hikari.pool.HikariPool] [call] [728] -> HikariPool-1 - Added connection com.mysql.cj.jdbc.ConnectionImpl@2603d448
2026-03-18 00:56:16 [DEBUG] [org.springframework.jdbc.datasource.DataSourceUtils] [doGetConnection] [117] -> Fetching JDBC Connection from DataSource
2026-03-18 00:56:16 [DEBUG] [org.mybatis.spring.transaction.SpringManagedTransaction] [debug] [49] -> JDBC Connection [HikariProxyConnection@1076553986 wrapping com.mysql.cj.jdbc.ConnectionImpl@39f84635] will not be managed by Spring
2026-03-18 00:56:16 [DEBUG] [com.javastudy.vocabease_common.mappers.QuestionMapper.selectList] [debug] [135] -> ==>  Preparing: SELECT q.question_id,q.title,q.question,q.level, q.create_time,q.status,q.creater_id,q.read_count,q.collect_count, q.post_type,q.question_type,c.category_name as category_name FROM question q LEFT JOIN question2category q2c ON q.question_id = q2c.question_id LEFT JOIN category c ON q2c.category_id = c.category_id WHERE q.question_id in ( ?,?) order by field(q.question_id,2,1)
2026-03-18 00:56:16 [DEBUG] [com.javastudy.vocabease_common.mappers.QuestionMapper.selectList] [debug] [135] -> ==> Parameters: 2(String), 1(String)
2026-03-18 00:56:16 [DEBUG] [com.javastudy.vocabease_common.mappers.QuestionMapper.selectList] [debug] [135] -> <==      Total: 2
2026-03-18 00:56:16 [DEBUG] [org.mybatis.spring.SqlSessionUtils] [debug] [49] -> Closing non transactional SqlSession [org.apache.ibatis.session.defaults.DefaultSqlSession@8e5f0c3]
2026-03-18 00:56:16 [DEBUG] [com.zaxxer.hikari.pool.HikariPool] [logPoolState] [405] -> HikariPool-1 - After adding stats (total=2, active=0, idle=2, waiting=0)
2026-03-18 00:56:16 [DEBUG] [com.zaxxer.hikari.pool.HikariPool] [call] [728] -> HikariPool-1 - Added connection com.mysql.cj.jdbc.ConnectionImpl@673ede73
2026-03-18 00:56:16 [DEBUG] [org.springframework.web.servlet.mvc.method.annotation.RequestResponseBodyMethodProcessor] [writeWithMessageConverters] [275] -> Using 'application/json', given [*/*] and supported [application/json, application/*+json]
2026-03-18 00:56:16 [DEBUG] [org.springframework.web.servlet.mvc.method.annotation.RequestResponseBodyMethodProcessor] [traceDebug] [120] -> Writing [com.javastudy.vocabease_common.entity.vo.ResponseVO@72fc0db8]
2026-03-18 00:56:16 [DEBUG] [com.zaxxer.hikari.pool.HikariPool] [logPoolState] [405] -> HikariPool-1 - After adding stats (total=3, active=0, idle=3, waiting=0)
2026-03-18 00:56:16 [DEBUG] [com.zaxxer.hikari.pool.HikariPool] [call] [728] -> HikariPool-1 - Added connection com.mysql.cj.jdbc.ConnectionImpl@56937896
2026-03-18 00:56:16 [DEBUG] [org.springframework.web.servlet.DispatcherServlet] [logResult] [1138] -> Completed 200 OK
2026-03-18 00:56:16 [DEBUG] [org.springframework.session.web.http.SessionRepositoryFilter.SESSION_LOGGER] [getSession] [301] -> No session found by id: Caching result for getSession(false) for this HttpServletRequest.
2026-03-18 00:56:16 [DEBUG] [com.zaxxer.hikari.pool.HikariPool] [logPoolState] [405] -> HikariPool-1 - After adding stats (total=4, active=0, idle=4, waiting=0)
2026-03-18 00:56:17 [DEBUG] [com.zaxxer.hikari.pool.HikariPool] [call] [728] -> HikariPool-1 - Added connection com.mysql.cj.jdbc.ConnectionImpl@711213c
2026-03-18 00:56:17 [DEBUG] [com.zaxxer.hikari.pool.HikariPool] [logPoolState] [405] -> HikariPool-1 - After adding stats (total=5, active=0, idle=5, waiting=0)
2026-03-18 00:56:17 [DEBUG] [com.zaxxer.hikari.pool.HikariPool] [call] [728] -> HikariPool-1 - Added connection com.mysql.cj.jdbc.ConnectionImpl@76392fe7
2026-03-18 00:56:17 [DEBUG] [com.zaxxer.hikari.pool.HikariPool] [logPoolState] [405] -> HikariPool-1 - After adding stats (total=6, active=0, idle=6, waiting=0)
2026-03-18 00:56:17 [DEBUG] [com.zaxxer.hikari.pool.HikariPool] [call] [728] -> HikariPool-1 - Added connection com.mysql.cj.jdbc.ConnectionImpl@35f5a9c
2026-03-18 00:56:17 [DEBUG] [com.zaxxer.hikari.pool.HikariPool] [logPoolState] [405] -> HikariPool-1 - After adding stats (total=7, active=0, idle=7, waiting=0)
2026-03-18 00:56:17 [DEBUG] [com.zaxxer.hikari.pool.HikariPool] [call] [728] -> HikariPool-1 - Added connection com.mysql.cj.jdbc.ConnectionImpl@1a9d4da9
2026-03-18 00:56:17 [DEBUG] [com.zaxxer.hikari.pool.HikariPool] [logPoolState] [405] -> HikariPool-1 - After adding stats (total=8, active=0, idle=8, waiting=0)
2026-03-18 00:56:17 [DEBUG] [com.zaxxer.hikari.pool.HikariPool] [call] [728] -> HikariPool-1 - Added connection com.mysql.cj.jdbc.ConnectionImpl@22f1e926
2026-03-18 00:56:17 [DEBUG] [com.zaxxer.hikari.pool.HikariPool] [logPoolState] [405] -> HikariPool-1 - After adding stats (total=9, active=0, idle=9, waiting=0)
2026-03-18 00:56:17 [DEBUG] [com.zaxxer.hikari.pool.HikariPool] [call] [728] -> HikariPool-1 - Added connection com.mysql.cj.jdbc.ConnectionImpl@57d70f7b
2026-03-18 00:56:17 [DEBUG] [com.zaxxer.hikari.pool.HikariPool] [logPoolState] [405] -> HikariPool-1 - After adding stats (total=10, active=0, idle=10, waiting=0)
2026-03-18 00:56:29 [DEBUG] [org.springframework.web.servlet.DispatcherServlet] [traceDebug] [120] -> GET "/myInfo/loadMyInfo", parameters={}
2026-03-18 00:56:29 [DEBUG] [org.springframework.session.web.http.SessionRepositoryFilter.SESSION_LOGGER] [getSession] [301] -> No session found by id: Caching result for getSession(false) for this HttpServletRequest.
2026-03-18 00:56:29 [DEBUG] [org.springframework.web.servlet.mvc.method.annotation.RequestMappingHandlerMapping] [getHandler] [531] -> Mapped to com.javastudy.vocabease_api.controller.MyInfoController#loadMyInfo(String)
2026-03-18 00:56:29 [INFO] [com.javastudy.vocabease_common.utils.JWTUtil] [getTokenData] [51] -> === [验证接口] 验证 Token 使用的密钥：[test123456]
2026-03-18 00:56:29 [INFO] [com.javastudy.vocabease_common.utils.JWTUtil] [getTokenData] [52] -> === [验证接口] 待验证 Token 前缀：[eyJ0eXAiOiJKV1QiLCJh...]
2026-03-18 00:56:29 [DEBUG] [org.mybatis.spring.SqlSessionUtils] [debug] [49] -> Creating a new SqlSession
2026-03-18 00:56:29 [DEBUG] [org.mybatis.spring.SqlSessionUtils] [debug] [49] -> SqlSession [org.apache.ibatis.session.defaults.DefaultSqlSession@2190f676] was not registered for synchronization because synchronization is not active
2026-03-18 00:56:29 [DEBUG] [org.springframework.jdbc.datasource.DataSourceUtils] [doGetConnection] [117] -> Fetching JDBC Connection from DataSource
2026-03-18 00:56:29 [DEBUG] [org.mybatis.spring.transaction.SpringManagedTransaction] [debug] [49] -> JDBC Connection [HikariProxyConnection@794238004 wrapping com.mysql.cj.jdbc.ConnectionImpl@39f84635] will not be managed by Spring
2026-03-18 00:56:29 [DEBUG] [com.javastudy.vocabease_common.mappers.AppAccountMapper.selectByUserId] [debug] [135] -> ==>  Preparing: select a.user_id,a.open_id,a.email,a.nick_name,a.avatar,a.password, a.gender,a.create_time,a.last_login_time,a.last_use_device_id,a.last_use_device_brand, a.last_login_ip,a.status from app_account a where user_id=?
2026-03-18 00:56:29 [DEBUG] [com.javastudy.vocabease_common.mappers.AppAccountMapper.selectByUserId] [debug] [135] -> ==> Parameters: DGRFD56pVa(String)
2026-03-18 00:56:29 [DEBUG] [com.javastudy.vocabease_common.mappers.AppAccountMapper.selectByUserId] [debug] [135] -> <==      Total: 1
2026-03-18 00:56:29 [DEBUG] [org.mybatis.spring.SqlSessionUtils] [debug] [49] -> Closing non transactional SqlSession [org.apache.ibatis.session.defaults.DefaultSqlSession@2190f676]
2026-03-18 00:56:29 [DEBUG] [org.springframework.web.servlet.mvc.method.annotation.RequestResponseBodyMethodProcessor] [writeWithMessageConverters] [275] -> Using 'application/json', given [*/*] and supported [application/json, application/*+json]
2026-03-18 00:56:29 [DEBUG] [org.springframework.web.servlet.mvc.method.annotation.RequestResponseBodyMethodProcessor] [traceDebug] [120] -> Writing [com.javastudy.vocabease_common.entity.vo.ResponseVO@4a6a6a4d]
2026-03-18 00:56:29 [DEBUG] [org.springframework.web.servlet.DispatcherServlet] [logResult] [1138] -> Completed 200 OK
2026-03-18 00:56:29 [DEBUG] [org.springframework.session.web.http.SessionRepositoryFilter.SESSION_LOGGER] [getSession] [301] -> No session found by id: Caching result for getSession(false) for this HttpServletRequest.
2026-03-18 00:56:34 [DEBUG] [org.springframework.web.servlet.DispatcherServlet] [traceDebug] [120] -> GET "/myInfo/loadMyCollect?collectType=2&PageNum=1", parameters={masked}
2026-03-18 00:56:34 [DEBUG] [org.springframework.session.web.http.SessionRepositoryFilter.SESSION_LOGGER] [getSession] [301] -> No session found by id: Caching result for getSession(false) for this HttpServletRequest.
2026-03-18 00:56:34 [DEBUG] [org.springframework.web.servlet.mvc.method.annotation.RequestMappingHandlerMapping] [getHandler] [531] -> Mapped to com.javastudy.vocabease_api.controller.MyInfoController#loadMyCollect(String, Integer)
2026-03-18 00:56:34 [INFO] [com.javastudy.vocabease_common.utils.JWTUtil] [getTokenData] [51] -> === [验证接口] 验证 Token 使用的密钥：[test123456]
2026-03-18 00:56:34 [INFO] [com.javastudy.vocabease_common.utils.JWTUtil] [getTokenData] [52] -> === [验证接口] 待验证 Token 前缀：[eyJ0eXAiOiJKV1QiLCJh...]
2026-03-18 00:56:34 [INFO] [com.javastudy.vocabease_common.utils.JWTUtil] [getTokenData] [51] -> === [验证接口] 验证 Token 使用的密钥：[test123456]
2026-03-18 00:56:34 [INFO] [com.javastudy.vocabease_common.utils.JWTUtil] [getTokenData] [52] -> === [验证接口] 待验证 Token 前缀：[eyJ0eXAiOiJKV1QiLCJh...]
2026-03-18 00:56:34 [DEBUG] [org.mybatis.spring.SqlSessionUtils] [debug] [49] -> Creating a new SqlSession
2026-03-18 00:56:34 [DEBUG] [org.mybatis.spring.SqlSessionUtils] [debug] [49] -> SqlSession [org.apache.ibatis.session.defaults.DefaultSqlSession@3be845fe] was not registered for synchronization because synchronization is not active
2026-03-18 00:56:34 [DEBUG] [org.springframework.jdbc.datasource.DataSourceUtils] [doGetConnection] [117] -> Fetching JDBC Connection from DataSource
2026-03-18 00:56:34 [DEBUG] [org.mybatis.spring.transaction.SpringManagedTransaction] [debug] [49] -> JDBC Connection [HikariProxyConnection@892316915 wrapping com.mysql.cj.jdbc.ConnectionImpl@39f84635] will not be managed by Spring
2026-03-18 00:56:34 [DEBUG] [com.javastudy.vocabease_common.mappers.AppCollectMapper.selectCount] [debug] [135] -> ==>  Preparing: SELECT count(1) FROM app_collect a WHERE a.user_id = ? and a.collect_type = ?
2026-03-18 00:56:34 [DEBUG] [com.javastudy.vocabease_common.mappers.AppCollectMapper.selectCount] [debug] [135] -> ==> Parameters: DGRFD56pVa(String), 2(Integer)
2026-03-18 00:56:34 [DEBUG] [com.javastudy.vocabease_common.mappers.AppCollectMapper.selectCount] [debug] [135] -> <==      Total: 1
2026-03-18 00:56:34 [DEBUG] [org.mybatis.spring.SqlSessionUtils] [debug] [49] -> Closing non transactional SqlSession [org.apache.ibatis.session.defaults.DefaultSqlSession@3be845fe]
2026-03-18 00:56:34 [DEBUG] [org.mybatis.spring.SqlSessionUtils] [debug] [49] -> Creating a new SqlSession
2026-03-18 00:56:34 [DEBUG] [org.mybatis.spring.SqlSessionUtils] [debug] [49] -> SqlSession [org.apache.ibatis.session.defaults.DefaultSqlSession@7412a6c8] was not registered for synchronization because synchronization is not active
2026-03-18 00:56:34 [DEBUG] [org.springframework.jdbc.datasource.DataSourceUtils] [doGetConnection] [117] -> Fetching JDBC Connection from DataSource
2026-03-18 00:56:34 [DEBUG] [org.mybatis.spring.transaction.SpringManagedTransaction] [debug] [49] -> JDBC Connection [HikariProxyConnection@221043201 wrapping com.mysql.cj.jdbc.ConnectionImpl@39f84635] will not be managed by Spring
2026-03-18 00:56:34 [DEBUG] [com.javastudy.vocabease_common.mappers.AppCollectMapper.selectList] [debug] [135] -> ==>  Preparing: SELECT a.collect_id,a.user_id,a.object_id,a.collect_type,a.collect_time FROM app_collect a WHERE a.user_id = ? and a.collect_type = ? order by collect_time desc limit ?,?
2026-03-18 00:56:34 [DEBUG] [com.javastudy.vocabease_common.mappers.AppCollectMapper.selectList] [debug] [135] -> ==> Parameters: DGRFD56pVa(String), 2(Integer), 0(Integer), 15(Integer)
2026-03-18 00:56:34 [DEBUG] [com.javastudy.vocabease_common.mappers.AppCollectMapper.selectList] [debug] [135] -> <==      Total: 2
2026-03-18 00:56:34 [DEBUG] [org.mybatis.spring.SqlSessionUtils] [debug] [49] -> Closing non transactional SqlSession [org.apache.ibatis.session.defaults.DefaultSqlSession@7412a6c8]
2026-03-18 00:56:34 [DEBUG] [org.mybatis.spring.SqlSessionUtils] [debug] [49] -> Creating a new SqlSession
2026-03-18 00:56:34 [DEBUG] [org.mybatis.spring.SqlSessionUtils] [debug] [49] -> SqlSession [org.apache.ibatis.session.defaults.DefaultSqlSession@75f89516] was not registered for synchronization because synchronization is not active
2026-03-18 00:56:34 [DEBUG] [org.springframework.jdbc.datasource.DataSourceUtils] [doGetConnection] [117] -> Fetching JDBC Connection from DataSource
2026-03-18 00:56:34 [DEBUG] [org.mybatis.spring.transaction.SpringManagedTransaction] [debug] [49] -> JDBC Connection [HikariProxyConnection@1518340724 wrapping com.mysql.cj.jdbc.ConnectionImpl@39f84635] will not be managed by Spring
2026-03-18 00:56:34 [DEBUG] [com.javastudy.vocabease_common.mappers.ArticleMapper.selectList] [debug] [135] -> ==>  Preparing: SELECT a.article_id,a.title,a.level, a.create_time,a.status,a.creater_id,a.read_count,a.collect_count, a.post_type,c.category_name as category_name,u.user_name as user_name FROM article a LEFT JOIN article2category a2c ON a.article_id = a2c.article_id LEFT JOIN category c ON a2c.category_id = c.category_id LEFT JOIN account u ON a.creater_id = u.user_id WHERE a.article_id in(?,? ) order by field(a.article_id,6,1)
2026-03-18 00:56:34 [DEBUG] [com.javastudy.vocabease_common.mappers.ArticleMapper.selectList] [debug] [135] -> ==> Parameters: 6(String), 1(String)
2026-03-18 00:56:34 [DEBUG] [com.javastudy.vocabease_common.mappers.ArticleMapper.selectList] [debug] [135] -> <==      Total: 2
2026-03-18 00:56:34 [DEBUG] [org.mybatis.spring.SqlSessionUtils] [debug] [49] -> Closing non transactional SqlSession [org.apache.ibatis.session.defaults.DefaultSqlSession@75f89516]
2026-03-18 00:56:34 [DEBUG] [org.springframework.web.servlet.mvc.method.annotation.RequestResponseBodyMethodProcessor] [writeWithMessageConverters] [275] -> Using 'application/json', given [*/*] and supported [application/json, application/*+json]
2026-03-18 00:56:34 [DEBUG] [org.springframework.web.servlet.mvc.method.annotation.RequestResponseBodyMethodProcessor] [traceDebug] [120] -> Writing [com.javastudy.vocabease_common.entity.vo.ResponseVO@4730b3b3]
2026-03-18 00:56:34 [DEBUG] [org.springframework.web.servlet.DispatcherServlet] [logResult] [1138] -> Completed 200 OK
2026-03-18 00:56:34 [DEBUG] [org.springframework.session.web.http.SessionRepositoryFilter.SESSION_LOGGER] [getSession] [301] -> No session found by id: Caching result for getSession(false) for this HttpServletRequest.
2026-03-18 00:56:35 [DEBUG] [org.springframework.web.servlet.DispatcherServlet] [traceDebug] [120] -> GET "/myInfo/loadMyInfo", parameters={}
2026-03-18 00:56:35 [DEBUG] [org.springframework.session.web.http.SessionRepositoryFilter.SESSION_LOGGER] [getSession] [301] -> No session found by id: Caching result for getSession(false) for this HttpServletRequest.
2026-03-18 00:56:35 [DEBUG] [org.springframework.web.servlet.mvc.method.annotation.RequestMappingHandlerMapping] [getHandler] [531] -> Mapped to com.javastudy.vocabease_api.controller.MyInfoController#loadMyInfo(String)
2026-03-18 00:56:35 [INFO] [com.javastudy.vocabease_common.utils.JWTUtil] [getTokenData] [51] -> === [验证接口] 验证 Token 使用的密钥：[test123456]
2026-03-18 00:56:35 [INFO] [com.javastudy.vocabease_common.utils.JWTUtil] [getTokenData] [52] -> === [验证接口] 待验证 Token 前缀：[eyJ0eXAiOiJKV1QiLCJh...]
2026-03-18 00:56:35 [DEBUG] [org.mybatis.spring.SqlSessionUtils] [debug] [49] -> Creating a new SqlSession
2026-03-18 00:56:35 [DEBUG] [org.mybatis.spring.SqlSessionUtils] [debug] [49] -> SqlSession [org.apache.ibatis.session.defaults.DefaultSqlSession@293a72f7] was not registered for synchronization because synchronization is not active
2026-03-18 00:56:35 [DEBUG] [org.springframework.jdbc.datasource.DataSourceUtils] [doGetConnection] [117] -> Fetching JDBC Connection from DataSource
2026-03-18 00:56:35 [DEBUG] [org.mybatis.spring.transaction.SpringManagedTransaction] [debug] [49] -> JDBC Connection [HikariProxyConnection@670927264 wrapping com.mysql.cj.jdbc.ConnectionImpl@39f84635] will not be managed by Spring
2026-03-18 00:56:35 [DEBUG] [com.javastudy.vocabease_common.mappers.AppAccountMapper.selectByUserId] [debug] [135] -> ==>  Preparing: select a.user_id,a.open_id,a.email,a.nick_name,a.avatar,a.password, a.gender,a.create_time,a.last_login_time,a.last_use_device_id,a.last_use_device_brand, a.last_login_ip,a.status from app_account a where user_id=?
2026-03-18 00:56:35 [DEBUG] [com.javastudy.vocabease_common.mappers.AppAccountMapper.selectByUserId] [debug] [135] -> ==> Parameters: DGRFD56pVa(String)
2026-03-18 00:56:35 [DEBUG] [com.javastudy.vocabease_common.mappers.AppAccountMapper.selectByUserId] [debug] [135] -> <==      Total: 1
2026-03-18 00:56:35 [DEBUG] [org.mybatis.spring.SqlSessionUtils] [debug] [49] -> Closing non transactional SqlSession [org.apache.ibatis.session.defaults.DefaultSqlSession@293a72f7]
2026-03-18 00:56:35 [DEBUG] [org.springframework.web.servlet.mvc.method.annotation.RequestResponseBodyMethodProcessor] [writeWithMessageConverters] [275] -> Using 'application/json', given [*/*] and supported [application/json, application/*+json]
2026-03-18 00:56:35 [DEBUG] [org.springframework.web.servlet.mvc.method.annotation.RequestResponseBodyMethodProcessor] [traceDebug] [120] -> Writing [com.javastudy.vocabease_common.entity.vo.ResponseVO@66c0839b]
2026-03-18 00:56:35 [DEBUG] [org.springframework.web.servlet.DispatcherServlet] [logResult] [1138] -> Completed 200 OK
2026-03-18 00:56:35 [DEBUG] [org.springframework.session.web.http.SessionRepositoryFilter.SESSION_LOGGER] [getSession] [301] -> No session found by id: Caching result for getSession(false) for this HttpServletRequest.
2026-03-18 00:56:46 [DEBUG] [com.zaxxer.hikari.pool.HikariPool] [logPoolState] [405] -> HikariPool-1 - Pool stats (total=10, active=0, idle=10, waiting=0)
2026-03-18 00:56:46 [DEBUG] [com.zaxxer.hikari.pool.HikariPool] [fillPool] [510] -> HikariPool-1 - Fill pool skipped, pool has sufficient level or currently being filled.
2026-03-18 00:57:16 [DEBUG] [com.zaxxer.hikari.pool.HikariPool] [logPoolState] [405] -> HikariPool-1 - Pool stats (total=10, active=0, idle=10, waiting=0)
2026-03-18 00:57:16 [DEBUG] [com.zaxxer.hikari.pool.HikariPool] [fillPool] [510] -> HikariPool-1 - Fill pool skipped, pool has sufficient level or currently being filled.
2026-03-18 00:57:46 [DEBUG] [com.zaxxer.hikari.pool.HikariPool] [logPoolState] [405] -> HikariPool-1 - Pool stats (total=10, active=0, idle=10, waiting=0)
2026-03-18 00:57:46 [DEBUG] [com.zaxxer.hikari.pool.HikariPool] [fillPool] [510] -> HikariPool-1 - Fill pool skipped, pool has sufficient level or currently being filled.
2026-03-18 00:58:16 [DEBUG] [com.zaxxer.hikari.pool.HikariPool] [logPoolState] [405] -> HikariPool-1 - Pool stats (total=10, active=0, idle=10, waiting=0)
2026-03-18 00:58:16 [DEBUG] [com.zaxxer.hikari.pool.HikariPool] [fillPool] [510] -> HikariPool-1 - Fill pool skipped, pool has sufficient level or currently being filled.
2026-03-18 00:58:26 [DEBUG] [org.springframework.web.servlet.DispatcherServlet] [traceDebug] [120] -> POST "/account/wxLogin", parameters={}
2026-03-18 00:58:26 [DEBUG] [org.springframework.session.web.http.SessionRepositoryFilter.SESSION_LOGGER] [getSession] [301] -> No session found by id: Caching result for getSession(false) for this HttpServletRequest.
2026-03-18 00:58:26 [DEBUG] [org.springframework.web.servlet.mvc.method.annotation.RequestMappingHandlerMapping] [getHandler] [531] -> Mapped to com.javastudy.vocabease_api.controller.WechatLoginController#wxLogin(Map, HttpServletRequest)
2026-03-18 00:58:26 [DEBUG] [org.springframework.web.servlet.mvc.method.annotation.RequestResponseBodyMethodProcessor] [traceDebug] [120] -> Read "application/json;charset=UTF-8" to [{code=0e36inFa1PlhnL0DhaJa1PIVz306inF2, nickName=微信用户, avatarUrl=https://thirdwx.qlogo.cn/mmopen/vi_ (truncated)...]
2026-03-18 00:58:27 [DEBUG] [org.mybatis.spring.SqlSessionUtils] [debug] [49] -> Creating a new SqlSession
2026-03-18 00:58:27 [DEBUG] [org.mybatis.spring.SqlSessionUtils] [debug] [49] -> SqlSession [org.apache.ibatis.session.defaults.DefaultSqlSession@34926ad] was not registered for synchronization because synchronization is not active
2026-03-18 00:58:27 [DEBUG] [org.springframework.jdbc.datasource.DataSourceUtils] [doGetConnection] [117] -> Fetching JDBC Connection from DataSource
2026-03-18 00:58:27 [DEBUG] [org.mybatis.spring.transaction.SpringManagedTransaction] [debug] [49] -> JDBC Connection [HikariProxyConnection@786410811 wrapping com.mysql.cj.jdbc.ConnectionImpl@39f84635] will not be managed by Spring
2026-03-18 00:58:27 [DEBUG] [com.javastudy.vocabease_common.mappers.AppAccountMapper.selectByOpenId] [debug] [135] -> ==>  Preparing: select a.user_id,a.open_id,a.email,a.nick_name,a.avatar,a.password, a.gender,a.create_time,a.last_login_time,a.last_use_device_id,a.last_use_device_brand, a.last_login_ip,a.status from app_account a where open_id=? limit 1
2026-03-18 00:58:27 [DEBUG] [com.javastudy.vocabease_common.mappers.AppAccountMapper.selectByOpenId] [debug] [135] -> ==> Parameters: oNldS3WfYe__Ia7F01rIXU_dKArY(String)
2026-03-18 00:58:27 [DEBUG] [com.javastudy.vocabease_common.mappers.AppAccountMapper.selectByOpenId] [debug] [135] -> <==      Total: 1
2026-03-18 00:58:27 [DEBUG] [org.mybatis.spring.SqlSessionUtils] [debug] [49] -> Closing non transactional SqlSession [org.apache.ibatis.session.defaults.DefaultSqlSession@34926ad]
2026-03-18 00:58:27 [DEBUG] [org.mybatis.spring.SqlSessionUtils] [debug] [49] -> Creating a new SqlSession
2026-03-18 00:58:27 [DEBUG] [org.mybatis.spring.SqlSessionUtils] [debug] [49] -> SqlSession [org.apache.ibatis.session.defaults.DefaultSqlSession@68cf440d] was not registered for synchronization because synchronization is not active
2026-03-18 00:58:27 [DEBUG] [org.springframework.jdbc.datasource.DataSourceUtils] [doGetConnection] [117] -> Fetching JDBC Connection from DataSource
2026-03-18 00:58:27 [DEBUG] [org.mybatis.spring.transaction.SpringManagedTransaction] [debug] [49] -> JDBC Connection [HikariProxyConnection@7621315 wrapping com.mysql.cj.jdbc.ConnectionImpl@39f84635] will not be managed by Spring
2026-03-18 00:58:27 [DEBUG] [com.javastudy.vocabease_common.mappers.AppAccountMapper.updateByUserId] [debug] [135] -> ==>  Preparing: UPDATE app_account SET last_login_time = ?, last_use_device_id = ?, last_use_device_brand = ? where user_id=?
2026-03-18 00:58:27 [DEBUG] [com.javastudy.vocabease_common.mappers.AppAccountMapper.updateByUserId] [debug] [135] -> ==> Parameters: 2026-03-18 00:58:27.514(Timestamp), 17736468502392105274(String), devtools(String), DGRFD56pVa(String)
2026-03-18 00:58:27 [DEBUG] [com.javastudy.vocabease_common.mappers.AppAccountMapper.updateByUserId] [debug] [135] -> <==    Updates: 1
2026-03-18 00:58:27 [DEBUG] [org.mybatis.spring.SqlSessionUtils] [debug] [49] -> Closing non transactional SqlSession [org.apache.ibatis.session.defaults.DefaultSqlSession@68cf440d]
2026-03-18 00:58:27 [DEBUG] [org.mybatis.spring.SqlSessionUtils] [debug] [49] -> Creating a new SqlSession
2026-03-18 00:58:27 [DEBUG] [org.mybatis.spring.SqlSessionUtils] [debug] [49] -> SqlSession [org.apache.ibatis.session.defaults.DefaultSqlSession@6be46c4d] was not registered for synchronization because synchronization is not active
2026-03-18 00:58:27 [DEBUG] [org.springframework.jdbc.datasource.DataSourceUtils] [doGetConnection] [117] -> Fetching JDBC Connection from DataSource
2026-03-18 00:58:27 [DEBUG] [org.mybatis.spring.transaction.SpringManagedTransaction] [debug] [49] -> JDBC Connection [HikariProxyConnection@1881543026 wrapping com.mysql.cj.jdbc.ConnectionImpl@39f84635] will not be managed by Spring
2026-03-18 00:58:27 [DEBUG] [com.javastudy.vocabease_common.mappers.AppAccountMapper.updateByUserId] [debug] [135] -> ==>  Preparing: UPDATE app_account SET last_login_time = ?, last_use_device_id = ?, last_use_device_brand = ?, last_login_ip = ? where user_id=?
2026-03-18 00:58:27 [DEBUG] [com.javastudy.vocabease_common.mappers.AppAccountMapper.updateByUserId] [debug] [135] -> ==> Parameters: 2026-03-18 00:58:27.531(Timestamp), 17736468502392105274(String), devtools(String), 0:0:0:0:0:0:0:1(String), DGRFD56pVa(String)
2026-03-18 00:58:27 [DEBUG] [com.javastudy.vocabease_common.mappers.AppAccountMapper.updateByUserId] [debug] [135] -> <==    Updates: 1
2026-03-18 00:58:27 [DEBUG] [org.mybatis.spring.SqlSessionUtils] [debug] [49] -> Closing non transactional SqlSession [org.apache.ibatis.session.defaults.DefaultSqlSession@6be46c4d]
2026-03-18 00:58:27 [INFO] [com.javastudy.vocabease_common.utils.JWTUtil] [createToken] [32] -> === [生成 Token] 过期天数=604800, 计算出的毫秒增量=52254720000000, 过期时间=Wed Feb 04 00:58:27 CST 3682
2026-03-18 00:58:27 [INFO] [com.javastudy.vocabease_api.controller.WechatLoginController] [wxLogin] [84] -> === [登录接口] 生成 Token 使用的密钥：[test123456]
2026-03-18 00:58:27 [INFO] [com.javastudy.vocabease_api.controller.WechatLoginController] [wxLogin] [85] -> === [登录接口] 生成的 Token 前缀：[eyJ0eXAiOiJKV1QiLCJh...]
2026-03-18 00:58:27 [DEBUG] [org.springframework.web.servlet.mvc.method.annotation.RequestResponseBodyMethodProcessor] [writeWithMessageConverters] [275] -> Using 'application/json', given [*/*] and supported [application/json, application/*+json]
2026-03-18 00:58:27 [DEBUG] [org.springframework.web.servlet.mvc.method.annotation.RequestResponseBodyMethodProcessor] [traceDebug] [120] -> Writing [com.javastudy.vocabease_common.entity.vo.ResponseVO@4e3e0d1]
2026-03-18 00:58:27 [DEBUG] [org.springframework.web.servlet.DispatcherServlet] [logResult] [1138] -> Completed 200 OK
2026-03-18 00:58:27 [DEBUG] [org.springframework.session.web.http.SessionRepositoryFilter.SESSION_LOGGER] [getSession] [301] -> No session found by id: Caching result for getSession(false) for this HttpServletRequest.
2026-03-18 00:58:30 [DEBUG] [org.springframework.web.servlet.DispatcherServlet] [traceDebug] [120] -> GET "/myInfo/loadMyInfo", parameters={}
2026-03-18 00:58:30 [DEBUG] [org.springframework.session.web.http.SessionRepositoryFilter.SESSION_LOGGER] [getSession] [301] -> No session found by id: Caching result for getSession(false) for this HttpServletRequest.
2026-03-18 00:58:30 [DEBUG] [org.springframework.web.servlet.mvc.method.annotation.RequestMappingHandlerMapping] [getHandler] [531] -> Mapped to com.javastudy.vocabease_api.controller.MyInfoController#loadMyInfo(String)
2026-03-18 00:58:30 [INFO] [com.javastudy.vocabease_common.utils.JWTUtil] [getTokenData] [51] -> === [验证接口] 验证 Token 使用的密钥：[test123456]
2026-03-18 00:58:30 [INFO] [com.javastudy.vocabease_common.utils.JWTUtil] [getTokenData] [52] -> === [验证接口] 待验证 Token 前缀：[eyJ0eXAiOiJKV1QiLCJh...]
2026-03-18 00:58:30 [DEBUG] [org.mybatis.spring.SqlSessionUtils] [debug] [49] -> Creating a new SqlSession
2026-03-18 00:58:30 [DEBUG] [org.mybatis.spring.SqlSessionUtils] [debug] [49] -> SqlSession [org.apache.ibatis.session.defaults.DefaultSqlSession@30ec3945] was not registered for synchronization because synchronization is not active
2026-03-18 00:58:30 [DEBUG] [org.springframework.jdbc.datasource.DataSourceUtils] [doGetConnection] [117] -> Fetching JDBC Connection from DataSource
2026-03-18 00:58:30 [DEBUG] [org.mybatis.spring.transaction.SpringManagedTransaction] [debug] [49] -> JDBC Connection [HikariProxyConnection@1043054888 wrapping com.mysql.cj.jdbc.ConnectionImpl@39f84635] will not be managed by Spring
2026-03-18 00:58:30 [DEBUG] [com.javastudy.vocabease_common.mappers.AppAccountMapper.selectByUserId] [debug] [135] -> ==>  Preparing: select a.user_id,a.open_id,a.email,a.nick_name,a.avatar,a.password, a.gender,a.create_time,a.last_login_time,a.last_use_device_id,a.last_use_device_brand, a.last_login_ip,a.status from app_account a where user_id=?
2026-03-18 00:58:30 [DEBUG] [com.javastudy.vocabease_common.mappers.AppAccountMapper.selectByUserId] [debug] [135] -> ==> Parameters: DGRFD56pVa(String)
2026-03-18 00:58:30 [DEBUG] [com.javastudy.vocabease_common.mappers.AppAccountMapper.selectByUserId] [debug] [135] -> <==      Total: 1
2026-03-18 00:58:30 [DEBUG] [org.mybatis.spring.SqlSessionUtils] [debug] [49] -> Closing non transactional SqlSession [org.apache.ibatis.session.defaults.DefaultSqlSession@30ec3945]
2026-03-18 00:58:30 [DEBUG] [org.springframework.web.servlet.mvc.method.annotation.RequestResponseBodyMethodProcessor] [writeWithMessageConverters] [275] -> Using 'application/json', given [*/*] and supported [application/json, application/*+json]
2026-03-18 00:58:30 [DEBUG] [org.springframework.web.servlet.mvc.method.annotation.RequestResponseBodyMethodProcessor] [traceDebug] [120] -> Writing [com.javastudy.vocabease_common.entity.vo.ResponseVO@7f16cb13]
2026-03-18 00:58:30 [DEBUG] [org.springframework.web.servlet.DispatcherServlet] [logResult] [1138] -> Completed 200 OK
2026-03-18 00:58:30 [DEBUG] [org.springframework.session.web.http.SessionRepositoryFilter.SESSION_LOGGER] [getSession] [301] -> No session found by id: Caching result for getSession(false) for this HttpServletRequest.
2026-03-18 00:58:31 [DEBUG] [org.springframework.web.servlet.DispatcherServlet] [traceDebug] [120] -> GET "/myInfo/loadMyCollect?collectType=1&PageNum=1", parameters={masked}
2026-03-18 00:58:31 [DEBUG] [org.springframework.session.web.http.SessionRepositoryFilter.SESSION_LOGGER] [getSession] [301] -> No session found by id: Caching result for getSession(false) for this HttpServletRequest.
2026-03-18 00:58:31 [DEBUG] [org.springframework.web.servlet.mvc.method.annotation.RequestMappingHandlerMapping] [getHandler] [531] -> Mapped to com.javastudy.vocabease_api.controller.MyInfoController#loadMyCollect(String, Integer)
2026-03-18 00:58:31 [INFO] [com.javastudy.vocabease_common.utils.JWTUtil] [getTokenData] [51] -> === [验证接口] 验证 Token 使用的密钥：[test123456]
2026-03-18 00:58:31 [INFO] [com.javastudy.vocabease_common.utils.JWTUtil] [getTokenData] [52] -> === [验证接口] 待验证 Token 前缀：[eyJ0eXAiOiJKV1QiLCJh...]
2026-03-18 00:58:31 [INFO] [com.javastudy.vocabease_common.utils.JWTUtil] [getTokenData] [51] -> === [验证接口] 验证 Token 使用的密钥：[test123456]
2026-03-18 00:58:31 [INFO] [com.javastudy.vocabease_common.utils.JWTUtil] [getTokenData] [52] -> === [验证接口] 待验证 Token 前缀：[eyJ0eXAiOiJKV1QiLCJh...]
2026-03-18 00:58:31 [DEBUG] [org.mybatis.spring.SqlSessionUtils] [debug] [49] -> Creating a new SqlSession
2026-03-18 00:58:31 [DEBUG] [org.mybatis.spring.SqlSessionUtils] [debug] [49] -> SqlSession [org.apache.ibatis.session.defaults.DefaultSqlSession@3d4c4c55] was not registered for synchronization because synchronization is not active
2026-03-18 00:58:31 [DEBUG] [org.springframework.jdbc.datasource.DataSourceUtils] [doGetConnection] [117] -> Fetching JDBC Connection from DataSource
2026-03-18 00:58:31 [DEBUG] [org.mybatis.spring.transaction.SpringManagedTransaction] [debug] [49] -> JDBC Connection [HikariProxyConnection@461386205 wrapping com.mysql.cj.jdbc.ConnectionImpl@39f84635] will not be managed by Spring
2026-03-18 00:58:31 [DEBUG] [com.javastudy.vocabease_common.mappers.AppCollectMapper.selectCount] [debug] [135] -> ==>  Preparing: SELECT count(1) FROM app_collect a WHERE a.user_id = ? and a.collect_type = ?
2026-03-18 00:58:31 [DEBUG] [com.javastudy.vocabease_common.mappers.AppCollectMapper.selectCount] [debug] [135] -> ==> Parameters: DGRFD56pVa(String), 1(Integer)
2026-03-18 00:58:31 [DEBUG] [com.javastudy.vocabease_common.mappers.AppCollectMapper.selectCount] [debug] [135] -> <==      Total: 1
2026-03-18 00:58:31 [DEBUG] [org.mybatis.spring.SqlSessionUtils] [debug] [49] -> Closing non transactional SqlSession [org.apache.ibatis.session.defaults.DefaultSqlSession@3d4c4c55]
2026-03-18 00:58:31 [DEBUG] [org.mybatis.spring.SqlSessionUtils] [debug] [49] -> Creating a new SqlSession
2026-03-18 00:58:31 [DEBUG] [org.mybatis.spring.SqlSessionUtils] [debug] [49] -> SqlSession [org.apache.ibatis.session.defaults.DefaultSqlSession@37fce37f] was not registered for synchronization because synchronization is not active
2026-03-18 00:58:31 [DEBUG] [org.springframework.jdbc.datasource.DataSourceUtils] [doGetConnection] [117] -> Fetching JDBC Connection from DataSource
2026-03-18 00:58:31 [DEBUG] [org.mybatis.spring.transaction.SpringManagedTransaction] [debug] [49] -> JDBC Connection [HikariProxyConnection@1745698609 wrapping com.mysql.cj.jdbc.ConnectionImpl@39f84635] will not be managed by Spring
2026-03-18 00:58:31 [DEBUG] [com.javastudy.vocabease_common.mappers.AppCollectMapper.selectList] [debug] [135] -> ==>  Preparing: SELECT a.collect_id,a.user_id,a.object_id,a.collect_type,a.collect_time FROM app_collect a WHERE a.user_id = ? and a.collect_type = ? order by collect_time desc limit ?,?
2026-03-18 00:58:31 [DEBUG] [com.javastudy.vocabease_common.mappers.AppCollectMapper.selectList] [debug] [135] -> ==> Parameters: DGRFD56pVa(String), 1(Integer), 0(Integer), 15(Integer)
2026-03-18 00:58:31 [DEBUG] [com.javastudy.vocabease_common.mappers.AppCollectMapper.selectList] [debug] [135] -> <==      Total: 2
2026-03-18 00:58:31 [DEBUG] [org.mybatis.spring.SqlSessionUtils] [debug] [49] -> Closing non transactional SqlSession [org.apache.ibatis.session.defaults.DefaultSqlSession@37fce37f]
2026-03-18 00:58:31 [DEBUG] [org.mybatis.spring.SqlSessionUtils] [debug] [49] -> Creating a new SqlSession
2026-03-18 00:58:31 [DEBUG] [org.mybatis.spring.SqlSessionUtils] [debug] [49] -> SqlSession [org.apache.ibatis.session.defaults.DefaultSqlSession@71de6429] was not registered for synchronization because synchronization is not active
2026-03-18 00:58:31 [DEBUG] [org.springframework.jdbc.datasource.DataSourceUtils] [doGetConnection] [117] -> Fetching JDBC Connection from DataSource
2026-03-18 00:58:31 [DEBUG] [org.mybatis.spring.transaction.SpringManagedTransaction] [debug] [49] -> JDBC Connection [HikariProxyConnection@915378632 wrapping com.mysql.cj.jdbc.ConnectionImpl@39f84635] will not be managed by Spring
2026-03-18 00:58:31 [DEBUG] [com.javastudy.vocabease_common.mappers.WordMapper.selectList] [debug] [135] -> ==>  Preparing: SELECT w.word_id,w.word,w.phonetic,w.part_of_speech,w.definition, w.example_sentence,w.audio_url,w.image_url,w.level,w.status, w.creator_id,w.create_time,w.update_time,w.post_type, c.category_name as category_name FROM word w LEFT JOIN word2category w2c ON w.word_id = w2c.word_id LEFT JOIN category c ON w2c.category_id = c.category_id WHERE w.word_id in(?,? ) order by field(w.word_id,3,1)
2026-03-18 00:58:31 [DEBUG] [com.javastudy.vocabease_common.mappers.WordMapper.selectList] [debug] [135] -> ==> Parameters: 3(String), 1(String)
2026-03-18 00:58:31 [DEBUG] [com.javastudy.vocabease_common.mappers.WordMapper.selectList] [debug] [135] -> <==      Total: 2
2026-03-18 00:58:31 [DEBUG] [org.mybatis.spring.SqlSessionUtils] [debug] [49] -> Closing non transactional SqlSession [org.apache.ibatis.session.defaults.DefaultSqlSession@71de6429]
2026-03-18 00:58:31 [DEBUG] [org.springframework.web.servlet.mvc.method.annotation.RequestResponseBodyMethodProcessor] [writeWithMessageConverters] [275] -> Using 'application/json', given [*/*] and supported [application/json, application/*+json]
2026-03-18 00:58:31 [DEBUG] [org.springframework.web.servlet.mvc.method.annotation.RequestResponseBodyMethodProcessor] [traceDebug] [120] -> Writing [com.javastudy.vocabease_common.entity.vo.ResponseVO@563357b7]
2026-03-18 00:58:31 [DEBUG] [org.springframework.web.servlet.DispatcherServlet] [logResult] [1138] -> Completed 200 OK
2026-03-18 00:58:31 [DEBUG] [org.springframework.session.web.http.SessionRepositoryFilter.SESSION_LOGGER] [getSession] [301] -> No session found by id: Caching result for getSession(false) for this HttpServletRequest.
2026-03-18 00:58:38 [DEBUG] [org.springframework.web.servlet.DispatcherServlet] [traceDebug] [120] -> GET "/myInfo/loadMyInfo", parameters={}
2026-03-18 00:58:38 [DEBUG] [org.springframework.session.web.http.SessionRepositoryFilter.SESSION_LOGGER] [getSession] [301] -> No session found by id: Caching result for getSession(false) for this HttpServletRequest.
2026-03-18 00:58:38 [DEBUG] [org.springframework.web.servlet.mvc.method.annotation.RequestMappingHandlerMapping] [getHandler] [531] -> Mapped to com.javastudy.vocabease_api.controller.MyInfoController#loadMyInfo(String)
2026-03-18 00:58:38 [INFO] [com.javastudy.vocabease_common.utils.JWTUtil] [getTokenData] [51] -> === [验证接口] 验证 Token 使用的密钥：[test123456]
2026-03-18 00:58:38 [INFO] [com.javastudy.vocabease_common.utils.JWTUtil] [getTokenData] [52] -> === [验证接口] 待验证 Token 前缀：[eyJ0eXAiOiJKV1QiLCJh...]
2026-03-18 00:58:38 [DEBUG] [org.mybatis.spring.SqlSessionUtils] [debug] [49] -> Creating a new SqlSession
2026-03-18 00:58:38 [DEBUG] [org.mybatis.spring.SqlSessionUtils] [debug] [49] -> SqlSession [org.apache.ibatis.session.defaults.DefaultSqlSession@4f9f1bc0] was not registered for synchronization because synchronization is not active
2026-03-18 00:58:38 [DEBUG] [org.springframework.jdbc.datasource.DataSourceUtils] [doGetConnection] [117] -> Fetching JDBC Connection from DataSource
2026-03-18 00:58:38 [DEBUG] [org.mybatis.spring.transaction.SpringManagedTransaction] [debug] [49] -> JDBC Connection [HikariProxyConnection@1096350787 wrapping com.mysql.cj.jdbc.ConnectionImpl@39f84635] will not be managed by Spring
2026-03-18 00:58:38 [DEBUG] [com.javastudy.vocabease_common.mappers.AppAccountMapper.selectByUserId] [debug] [135] -> ==>  Preparing: select a.user_id,a.open_id,a.email,a.nick_name,a.avatar,a.password, a.gender,a.create_time,a.last_login_time,a.last_use_device_id,a.last_use_device_brand, a.last_login_ip,a.status from app_account a where user_id=?
2026-03-18 00:58:38 [DEBUG] [com.javastudy.vocabease_common.mappers.AppAccountMapper.selectByUserId] [debug] [135] -> ==> Parameters: DGRFD56pVa(String)
2026-03-18 00:58:38 [DEBUG] [com.javastudy.vocabease_common.mappers.AppAccountMapper.selectByUserId] [debug] [135] -> <==      Total: 1
2026-03-18 00:58:38 [DEBUG] [org.mybatis.spring.SqlSessionUtils] [debug] [49] -> Closing non transactional SqlSession [org.apache.ibatis.session.defaults.DefaultSqlSession@4f9f1bc0]
2026-03-18 00:58:38 [DEBUG] [org.springframework.web.servlet.mvc.method.annotation.RequestResponseBodyMethodProcessor] [writeWithMessageConverters] [275] -> Using 'application/json', given [*/*] and supported [application/json, application/*+json]
2026-03-18 00:58:38 [DEBUG] [org.springframework.web.servlet.mvc.method.annotation.RequestResponseBodyMethodProcessor] [traceDebug] [120] -> Writing [com.javastudy.vocabease_common.entity.vo.ResponseVO@65f678]
2026-03-18 00:58:38 [DEBUG] [org.springframework.web.servlet.DispatcherServlet] [logResult] [1138] -> Completed 200 OK
2026-03-18 00:58:38 [DEBUG] [org.springframework.session.web.http.SessionRepositoryFilter.SESSION_LOGGER] [getSession] [301] -> No session found by id: Caching result for getSession(false) for this HttpServletRequest.
2026-03-18 00:58:39 [DEBUG] [org.springframework.web.servlet.DispatcherServlet] [traceDebug] [120] -> GET "/myInfo/loadMyCollect?collectType=2&PageNum=1", parameters={masked}
2026-03-18 00:58:39 [DEBUG] [org.springframework.session.web.http.SessionRepositoryFilter.SESSION_LOGGER] [getSession] [301] -> No session found by id: Caching result for getSession(false) for this HttpServletRequest.
2026-03-18 00:58:39 [DEBUG] [org.springframework.web.servlet.mvc.method.annotation.RequestMappingHandlerMapping] [getHandler] [531] -> Mapped to com.javastudy.vocabease_api.controller.MyInfoController#loadMyCollect(String, Integer)
2026-03-18 00:58:39 [INFO] [com.javastudy.vocabease_common.utils.JWTUtil] [getTokenData] [51] -> === [验证接口] 验证 Token 使用的密钥：[test123456]
2026-03-18 00:58:39 [INFO] [com.javastudy.vocabease_common.utils.JWTUtil] [getTokenData] [52] -> === [验证接口] 待验证 Token 前缀：[eyJ0eXAiOiJKV1QiLCJh...]
2026-03-18 00:58:39 [INFO] [com.javastudy.vocabease_common.utils.JWTUtil] [getTokenData] [51] -> === [验证接口] 验证 Token 使用的密钥：[test123456]
2026-03-18 00:58:39 [INFO] [com.javastudy.vocabease_common.utils.JWTUtil] [getTokenData] [52] -> === [验证接口] 待验证 Token 前缀：[eyJ0eXAiOiJKV1QiLCJh...]
2026-03-18 00:58:39 [DEBUG] [org.mybatis.spring.SqlSessionUtils] [debug] [49] -> Creating a new SqlSession
2026-03-18 00:58:39 [DEBUG] [org.mybatis.spring.SqlSessionUtils] [debug] [49] -> SqlSession [org.apache.ibatis.session.defaults.DefaultSqlSession@6eb4c3c2] was not registered for synchronization because synchronization is not active
2026-03-18 00:58:39 [DEBUG] [org.springframework.jdbc.datasource.DataSourceUtils] [doGetConnection] [117] -> Fetching JDBC Connection from DataSource
2026-03-18 00:58:39 [DEBUG] [org.mybatis.spring.transaction.SpringManagedTransaction] [debug] [49] -> JDBC Connection [HikariProxyConnection@305755801 wrapping com.mysql.cj.jdbc.ConnectionImpl@39f84635] will not be managed by Spring
2026-03-18 00:58:39 [DEBUG] [com.javastudy.vocabease_common.mappers.AppCollectMapper.selectCount] [debug] [135] -> ==>  Preparing: SELECT count(1) FROM app_collect a WHERE a.user_id = ? and a.collect_type = ?
2026-03-18 00:58:39 [DEBUG] [com.javastudy.vocabease_common.mappers.AppCollectMapper.selectCount] [debug] [135] -> ==> Parameters: DGRFD56pVa(String), 2(Integer)
2026-03-18 00:58:39 [DEBUG] [com.javastudy.vocabease_common.mappers.AppCollectMapper.selectCount] [debug] [135] -> <==      Total: 1
2026-03-18 00:58:39 [DEBUG] [org.mybatis.spring.SqlSessionUtils] [debug] [49] -> Closing non transactional SqlSession [org.apache.ibatis.session.defaults.DefaultSqlSession@6eb4c3c2]
2026-03-18 00:58:39 [DEBUG] [org.mybatis.spring.SqlSessionUtils] [debug] [49] -> Creating a new SqlSession
2026-03-18 00:58:39 [DEBUG] [org.mybatis.spring.SqlSessionUtils] [debug] [49] -> SqlSession [org.apache.ibatis.session.defaults.DefaultSqlSession@6344fbd4] was not registered for synchronization because synchronization is not active
2026-03-18 00:58:39 [DEBUG] [org.springframework.jdbc.datasource.DataSourceUtils] [doGetConnection] [117] -> Fetching JDBC Connection from DataSource
2026-03-18 00:58:39 [DEBUG] [org.mybatis.spring.transaction.SpringManagedTransaction] [debug] [49] -> JDBC Connection [HikariProxyConnection@732335789 wrapping com.mysql.cj.jdbc.ConnectionImpl@39f84635] will not be managed by Spring
2026-03-18 00:58:39 [DEBUG] [com.javastudy.vocabease_common.mappers.AppCollectMapper.selectList] [debug] [135] -> ==>  Preparing: SELECT a.collect_id,a.user_id,a.object_id,a.collect_type,a.collect_time FROM app_collect a WHERE a.user_id = ? and a.collect_type = ? order by collect_time desc limit ?,?
2026-03-18 00:58:39 [DEBUG] [com.javastudy.vocabease_common.mappers.AppCollectMapper.selectList] [debug] [135] -> ==> Parameters: DGRFD56pVa(String), 2(Integer), 0(Integer), 15(Integer)
2026-03-18 00:58:39 [DEBUG] [com.javastudy.vocabease_common.mappers.AppCollectMapper.selectList] [debug] [135] -> <==      Total: 2
2026-03-18 00:58:39 [DEBUG] [org.mybatis.spring.SqlSessionUtils] [debug] [49] -> Closing non transactional SqlSession [org.apache.ibatis.session.defaults.DefaultSqlSession@6344fbd4]
2026-03-18 00:58:39 [DEBUG] [org.mybatis.spring.SqlSessionUtils] [debug] [49] -> Creating a new SqlSession
2026-03-18 00:58:39 [DEBUG] [org.mybatis.spring.SqlSessionUtils] [debug] [49] -> SqlSession [org.apache.ibatis.session.defaults.DefaultSqlSession@5f07b3bf] was not registered for synchronization because synchronization is not active
2026-03-18 00:58:39 [DEBUG] [org.springframework.jdbc.datasource.DataSourceUtils] [doGetConnection] [117] -> Fetching JDBC Connection from DataSource
2026-03-18 00:58:39 [DEBUG] [org.mybatis.spring.transaction.SpringManagedTransaction] [debug] [49] -> JDBC Connection [HikariProxyConnection@467237328 wrapping com.mysql.cj.jdbc.ConnectionImpl@39f84635] will not be managed by Spring
2026-03-18 00:58:39 [DEBUG] [com.javastudy.vocabease_common.mappers.ArticleMapper.selectList] [debug] [135] -> ==>  Preparing: SELECT a.article_id,a.title,a.level, a.create_time,a.status,a.creater_id,a.read_count,a.collect_count, a.post_type,c.category_name as category_name,u.user_name as user_name FROM article a LEFT JOIN article2category a2c ON a.article_id = a2c.article_id LEFT JOIN category c ON a2c.category_id = c.category_id LEFT JOIN account u ON a.creater_id = u.user_id WHERE a.article_id in(?,? ) order by field(a.article_id,6,1)
2026-03-18 00:58:39 [DEBUG] [com.javastudy.vocabease_common.mappers.ArticleMapper.selectList] [debug] [135] -> ==> Parameters: 6(String), 1(String)
2026-03-18 00:58:39 [DEBUG] [com.javastudy.vocabease_common.mappers.ArticleMapper.selectList] [debug] [135] -> <==      Total: 2
2026-03-18 00:58:39 [DEBUG] [org.mybatis.spring.SqlSessionUtils] [debug] [49] -> Closing non transactional SqlSession [org.apache.ibatis.session.defaults.DefaultSqlSession@5f07b3bf]
2026-03-18 00:58:39 [DEBUG] [org.springframework.web.servlet.mvc.method.annotation.RequestResponseBodyMethodProcessor] [writeWithMessageConverters] [275] -> Using 'application/json', given [*/*] and supported [application/json, application/*+json]
2026-03-18 00:58:39 [DEBUG] [org.springframework.web.servlet.mvc.method.annotation.RequestResponseBodyMethodProcessor] [traceDebug] [120] -> Writing [com.javastudy.vocabease_common.entity.vo.ResponseVO@6347b2d4]
2026-03-18 00:58:39 [DEBUG] [org.springframework.web.servlet.DispatcherServlet] [logResult] [1138] -> Completed 200 OK
2026-03-18 00:58:39 [DEBUG] [org.springframework.session.web.http.SessionRepositoryFilter.SESSION_LOGGER] [getSession] [301] -> No session found by id: Caching result for getSession(false) for this HttpServletRequest.
2026-03-18 00:58:43 [DEBUG] [org.springframework.web.servlet.DispatcherServlet] [traceDebug] [120] -> GET "/myInfo/loadMyInfo", parameters={}
2026-03-18 00:58:43 [DEBUG] [org.springframework.session.web.http.SessionRepositoryFilter.SESSION_LOGGER] [getSession] [301] -> No session found by id: Caching result for getSession(false) for this HttpServletRequest.
2026-03-18 00:58:43 [DEBUG] [org.springframework.web.servlet.mvc.method.annotation.RequestMappingHandlerMapping] [getHandler] [531] -> Mapped to com.javastudy.vocabease_api.controller.MyInfoController#loadMyInfo(String)
2026-03-18 00:58:43 [INFO] [com.javastudy.vocabease_common.utils.JWTUtil] [getTokenData] [51] -> === [验证接口] 验证 Token 使用的密钥：[test123456]
2026-03-18 00:58:43 [INFO] [com.javastudy.vocabease_common.utils.JWTUtil] [getTokenData] [52] -> === [验证接口] 待验证 Token 前缀：[eyJ0eXAiOiJKV1QiLCJh...]
2026-03-18 00:58:43 [DEBUG] [org.mybatis.spring.SqlSessionUtils] [debug] [49] -> Creating a new SqlSession
2026-03-18 00:58:43 [DEBUG] [org.mybatis.spring.SqlSessionUtils] [debug] [49] -> SqlSession [org.apache.ibatis.session.defaults.DefaultSqlSession@1d7a3968] was not registered for synchronization because synchronization is not active
2026-03-18 00:58:43 [DEBUG] [org.springframework.jdbc.datasource.DataSourceUtils] [doGetConnection] [117] -> Fetching JDBC Connection from DataSource
2026-03-18 00:58:43 [DEBUG] [org.mybatis.spring.transaction.SpringManagedTransaction] [debug] [49] -> JDBC Connection [HikariProxyConnection@1198736153 wrapping com.mysql.cj.jdbc.ConnectionImpl@39f84635] will not be managed by Spring
2026-03-18 00:58:43 [DEBUG] [com.javastudy.vocabease_common.mappers.AppAccountMapper.selectByUserId] [debug] [135] -> ==>  Preparing: select a.user_id,a.open_id,a.email,a.nick_name,a.avatar,a.password, a.gender,a.create_time,a.last_login_time,a.last_use_device_id,a.last_use_device_brand, a.last_login_ip,a.status from app_account a where user_id=?
2026-03-18 00:58:43 [DEBUG] [com.javastudy.vocabease_common.mappers.AppAccountMapper.selectByUserId] [debug] [135] -> ==> Parameters: DGRFD56pVa(String)
2026-03-18 00:58:43 [DEBUG] [com.javastudy.vocabease_common.mappers.AppAccountMapper.selectByUserId] [debug] [135] -> <==      Total: 1
2026-03-18 00:58:43 [DEBUG] [org.mybatis.spring.SqlSessionUtils] [debug] [49] -> Closing non transactional SqlSession [org.apache.ibatis.session.defaults.DefaultSqlSession@1d7a3968]
2026-03-18 00:58:43 [DEBUG] [org.springframework.web.servlet.mvc.method.annotation.RequestResponseBodyMethodProcessor] [writeWithMessageConverters] [275] -> Using 'application/json', given [*/*] and supported [application/json, application/*+json]
2026-03-18 00:58:43 [DEBUG] [org.springframework.web.servlet.mvc.method.annotation.RequestResponseBodyMethodProcessor] [traceDebug] [120] -> Writing [com.javastudy.vocabease_common.entity.vo.ResponseVO@59831484]
2026-03-18 00:58:43 [DEBUG] [org.springframework.web.servlet.DispatcherServlet] [logResult] [1138] -> Completed 200 OK
2026-03-18 00:58:43 [DEBUG] [org.springframework.session.web.http.SessionRepositoryFilter.SESSION_LOGGER] [getSession] [301] -> No session found by id: Caching result for getSession(false) for this HttpServletRequest.
2026-03-18 00:58:45 [DEBUG] [org.springframework.web.servlet.DispatcherServlet] [traceDebug] [120] -> GET "/myInfo/loadMyCollect?collectType=1&PageNum=1", parameters={masked}
2026-03-18 00:58:45 [DEBUG] [org.springframework.session.web.http.SessionRepositoryFilter.SESSION_LOGGER] [getSession] [301] -> No session found by id: Caching result for getSession(false) for this HttpServletRequest.
2026-03-18 00:58:45 [DEBUG] [org.springframework.web.servlet.mvc.method.annotation.RequestMappingHandlerMapping] [getHandler] [531] -> Mapped to com.javastudy.vocabease_api.controller.MyInfoController#loadMyCollect(String, Integer)
2026-03-18 00:58:45 [INFO] [com.javastudy.vocabease_common.utils.JWTUtil] [getTokenData] [51] -> === [验证接口] 验证 Token 使用的密钥：[test123456]
2026-03-18 00:58:45 [INFO] [com.javastudy.vocabease_common.utils.JWTUtil] [getTokenData] [52] -> === [验证接口] 待验证 Token 前缀：[eyJ0eXAiOiJKV1QiLCJh...]
2026-03-18 00:58:45 [INFO] [com.javastudy.vocabease_common.utils.JWTUtil] [getTokenData] [51] -> === [验证接口] 验证 Token 使用的密钥：[test123456]
2026-03-18 00:58:45 [INFO] [com.javastudy.vocabease_common.utils.JWTUtil] [getTokenData] [52] -> === [验证接口] 待验证 Token 前缀：[eyJ0eXAiOiJKV1QiLCJh...]
2026-03-18 00:58:45 [DEBUG] [org.mybatis.spring.SqlSessionUtils] [debug] [49] -> Creating a new SqlSession
2026-03-18 00:58:45 [DEBUG] [org.mybatis.spring.SqlSessionUtils] [debug] [49] -> SqlSession [org.apache.ibatis.session.defaults.DefaultSqlSession@1c97f87e] was not registered for synchronization because synchronization is not active
2026-03-18 00:58:45 [DEBUG] [org.springframework.jdbc.datasource.DataSourceUtils] [doGetConnection] [117] -> Fetching JDBC Connection from DataSource
2026-03-18 00:58:45 [DEBUG] [org.mybatis.spring.transaction.SpringManagedTransaction] [debug] [49] -> JDBC Connection [HikariProxyConnection@1466745541 wrapping com.mysql.cj.jdbc.ConnectionImpl@39f84635] will not be managed by Spring
2026-03-18 00:58:45 [DEBUG] [com.javastudy.vocabease_common.mappers.AppCollectMapper.selectCount] [debug] [135] -> ==>  Preparing: SELECT count(1) FROM app_collect a WHERE a.user_id = ? and a.collect_type = ?
2026-03-18 00:58:45 [DEBUG] [com.javastudy.vocabease_common.mappers.AppCollectMapper.selectCount] [debug] [135] -> ==> Parameters: DGRFD56pVa(String), 1(Integer)
2026-03-18 00:58:45 [DEBUG] [com.javastudy.vocabease_common.mappers.AppCollectMapper.selectCount] [debug] [135] -> <==      Total: 1
2026-03-18 00:58:45 [DEBUG] [org.mybatis.spring.SqlSessionUtils] [debug] [49] -> Closing non transactional SqlSession [org.apache.ibatis.session.defaults.DefaultSqlSession@1c97f87e]
2026-03-18 00:58:45 [DEBUG] [org.mybatis.spring.SqlSessionUtils] [debug] [49] -> Creating a new SqlSession
2026-03-18 00:58:45 [DEBUG] [org.mybatis.spring.SqlSessionUtils] [debug] [49] -> SqlSession [org.apache.ibatis.session.defaults.DefaultSqlSession@6ef7cd4] was not registered for synchronization because synchronization is not active
2026-03-18 00:58:45 [DEBUG] [org.springframework.jdbc.datasource.DataSourceUtils] [doGetConnection] [117] -> Fetching JDBC Connection from DataSource
2026-03-18 00:58:45 [DEBUG] [org.mybatis.spring.transaction.SpringManagedTransaction] [debug] [49] -> JDBC Connection [HikariProxyConnection@622338175 wrapping com.mysql.cj.jdbc.ConnectionImpl@39f84635] will not be managed by Spring
2026-03-18 00:58:45 [DEBUG] [com.javastudy.vocabease_common.mappers.AppCollectMapper.selectList] [debug] [135] -> ==>  Preparing: SELECT a.collect_id,a.user_id,a.object_id,a.collect_type,a.collect_time FROM app_collect a WHERE a.user_id = ? and a.collect_type = ? order by collect_time desc limit ?,?
2026-03-18 00:58:45 [DEBUG] [com.javastudy.vocabease_common.mappers.AppCollectMapper.selectList] [debug] [135] -> ==> Parameters: DGRFD56pVa(String), 1(Integer), 0(Integer), 15(Integer)
2026-03-18 00:58:45 [DEBUG] [com.javastudy.vocabease_common.mappers.AppCollectMapper.selectList] [debug] [135] -> <==      Total: 2
2026-03-18 00:58:45 [DEBUG] [org.mybatis.spring.SqlSessionUtils] [debug] [49] -> Closing non transactional SqlSession [org.apache.ibatis.session.defaults.DefaultSqlSession@6ef7cd4]
2026-03-18 00:58:45 [DEBUG] [org.mybatis.spring.SqlSessionUtils] [debug] [49] -> Creating a new SqlSession
2026-03-18 00:58:45 [DEBUG] [org.mybatis.spring.SqlSessionUtils] [debug] [49] -> SqlSession [org.apache.ibatis.session.defaults.DefaultSqlSession@7fd5cc60] was not registered for synchronization because synchronization is not active
2026-03-18 00:58:45 [DEBUG] [org.springframework.jdbc.datasource.DataSourceUtils] [doGetConnection] [117] -> Fetching JDBC Connection from DataSource
2026-03-18 00:58:45 [DEBUG] [org.mybatis.spring.transaction.SpringManagedTransaction] [debug] [49] -> JDBC Connection [HikariProxyConnection@44107410 wrapping com.mysql.cj.jdbc.ConnectionImpl@39f84635] will not be managed by Spring
2026-03-18 00:58:45 [DEBUG] [com.javastudy.vocabease_common.mappers.WordMapper.selectList] [debug] [135] -> ==>  Preparing: SELECT w.word_id,w.word,w.phonetic,w.part_of_speech,w.definition, w.example_sentence,w.audio_url,w.image_url,w.level,w.status, w.creator_id,w.create_time,w.update_time,w.post_type, c.category_name as category_name FROM word w LEFT JOIN word2category w2c ON w.word_id = w2c.word_id LEFT JOIN category c ON w2c.category_id = c.category_id WHERE w.word_id in(?,? ) order by field(w.word_id,3,1)
2026-03-18 00:58:45 [DEBUG] [com.javastudy.vocabease_common.mappers.WordMapper.selectList] [debug] [135] -> ==> Parameters: 3(String), 1(String)
2026-03-18 00:58:45 [DEBUG] [com.javastudy.vocabease_common.mappers.WordMapper.selectList] [debug] [135] -> <==      Total: 2
2026-03-18 00:58:45 [DEBUG] [org.mybatis.spring.SqlSessionUtils] [debug] [49] -> Closing non transactional SqlSession [org.apache.ibatis.session.defaults.DefaultSqlSession@7fd5cc60]
2026-03-18 00:58:45 [DEBUG] [org.springframework.web.servlet.mvc.method.annotation.RequestResponseBodyMethodProcessor] [writeWithMessageConverters] [275] -> Using 'application/json', given [*/*] and supported [application/json, application/*+json]
2026-03-18 00:58:45 [DEBUG] [org.springframework.web.servlet.mvc.method.annotation.RequestResponseBodyMethodProcessor] [traceDebug] [120] -> Writing [com.javastudy.vocabease_common.entity.vo.ResponseVO@3e44e62d]
2026-03-18 00:58:45 [DEBUG] [org.springframework.web.servlet.DispatcherServlet] [logResult] [1138] -> Completed 200 OK
2026-03-18 00:58:45 [DEBUG] [org.springframework.session.web.http.SessionRepositoryFilter.SESSION_LOGGER] [getSession] [301] -> No session found by id: Caching result for getSession(false) for this HttpServletRequest.
2026-03-18 00:58:46 [DEBUG] [org.springframework.web.servlet.DispatcherServlet] [traceDebug] [120] -> GET "/myInfo/loadMyInfo", parameters={}
2026-03-18 00:58:46 [DEBUG] [org.springframework.session.web.http.SessionRepositoryFilter.SESSION_LOGGER] [getSession] [301] -> No session found by id: Caching result for getSession(false) for this HttpServletRequest.
2026-03-18 00:58:46 [DEBUG] [org.springframework.web.servlet.mvc.method.annotation.RequestMappingHandlerMapping] [getHandler] [531] -> Mapped to com.javastudy.vocabease_api.controller.MyInfoController#loadMyInfo(String)
2026-03-18 00:58:46 [INFO] [com.javastudy.vocabease_common.utils.JWTUtil] [getTokenData] [51] -> === [验证接口] 验证 Token 使用的密钥：[test123456]
2026-03-18 00:58:46 [INFO] [com.javastudy.vocabease_common.utils.JWTUtil] [getTokenData] [52] -> === [验证接口] 待验证 Token 前缀：[eyJ0eXAiOiJKV1QiLCJh...]
2026-03-18 00:58:46 [DEBUG] [org.mybatis.spring.SqlSessionUtils] [debug] [49] -> Creating a new SqlSession
2026-03-18 00:58:46 [DEBUG] [org.mybatis.spring.SqlSessionUtils] [debug] [49] -> SqlSession [org.apache.ibatis.session.defaults.DefaultSqlSession@7878dd0] was not registered for synchronization because synchronization is not active
2026-03-18 00:58:46 [DEBUG] [org.springframework.jdbc.datasource.DataSourceUtils] [doGetConnection] [117] -> Fetching JDBC Connection from DataSource
2026-03-18 00:58:46 [DEBUG] [org.mybatis.spring.transaction.SpringManagedTransaction] [debug] [49] -> JDBC Connection [HikariProxyConnection@155214672 wrapping com.mysql.cj.jdbc.ConnectionImpl@39f84635] will not be managed by Spring
2026-03-18 00:58:46 [DEBUG] [com.javastudy.vocabease_common.mappers.AppAccountMapper.selectByUserId] [debug] [135] -> ==>  Preparing: select a.user_id,a.open_id,a.email,a.nick_name,a.avatar,a.password, a.gender,a.create_time,a.last_login_time,a.last_use_device_id,a.last_use_device_brand, a.last_login_ip,a.status from app_account a where user_id=?
2026-03-18 00:58:46 [DEBUG] [com.javastudy.vocabease_common.mappers.AppAccountMapper.selectByUserId] [debug] [135] -> ==> Parameters: DGRFD56pVa(String)
2026-03-18 00:58:46 [DEBUG] [com.javastudy.vocabease_common.mappers.AppAccountMapper.selectByUserId] [debug] [135] -> <==      Total: 1
2026-03-18 00:58:46 [DEBUG] [org.mybatis.spring.SqlSessionUtils] [debug] [49] -> Closing non transactional SqlSession [org.apache.ibatis.session.defaults.DefaultSqlSession@7878dd0]
2026-03-18 00:58:46 [DEBUG] [org.springframework.web.servlet.mvc.method.annotation.RequestResponseBodyMethodProcessor] [writeWithMessageConverters] [275] -> Using 'application/json', given [*/*] and supported [application/json, application/*+json]
2026-03-18 00:58:46 [DEBUG] [org.springframework.web.servlet.mvc.method.annotation.RequestResponseBodyMethodProcessor] [traceDebug] [120] -> Writing [com.javastudy.vocabease_common.entity.vo.ResponseVO@487d696b]
2026-03-18 00:58:46 [DEBUG] [org.springframework.web.servlet.DispatcherServlet] [logResult] [1138] -> Completed 200 OK
2026-03-18 00:58:46 [DEBUG] [org.springframework.session.web.http.SessionRepositoryFilter.SESSION_LOGGER] [getSession] [301] -> No session found by id: Caching result for getSession(false) for this HttpServletRequest.
2026-03-18 00:58:46 [DEBUG] [com.zaxxer.hikari.pool.HikariPool] [logPoolState] [405] -> HikariPool-1 - Pool stats (total=10, active=0, idle=10, waiting=0)
2026-03-18 00:58:46 [DEBUG] [com.zaxxer.hikari.pool.HikariPool] [fillPool] [510] -> HikariPool-1 - Fill pool skipped, pool has sufficient level or currently being filled.
2026-03-18 00:58:47 [DEBUG] [org.springframework.web.servlet.DispatcherServlet] [traceDebug] [120] -> GET "/myInfo/loadMyCollect?collectType=2&PageNum=1", parameters={masked}
2026-03-18 00:58:47 [DEBUG] [org.springframework.session.web.http.SessionRepositoryFilter.SESSION_LOGGER] [getSession] [301] -> No session found by id: Caching result for getSession(false) for this HttpServletRequest.
2026-03-18 00:58:47 [DEBUG] [org.springframework.web.servlet.mvc.method.annotation.RequestMappingHandlerMapping] [getHandler] [531] -> Mapped to com.javastudy.vocabease_api.controller.MyInfoController#loadMyCollect(String, Integer)
2026-03-18 00:58:47 [INFO] [com.javastudy.vocabease_common.utils.JWTUtil] [getTokenData] [51] -> === [验证接口] 验证 Token 使用的密钥：[test123456]
2026-03-18 00:58:47 [INFO] [com.javastudy.vocabease_common.utils.JWTUtil] [getTokenData] [52] -> === [验证接口] 待验证 Token 前缀：[eyJ0eXAiOiJKV1QiLCJh...]
2026-03-18 00:58:47 [INFO] [com.javastudy.vocabease_common.utils.JWTUtil] [getTokenData] [51] -> === [验证接口] 验证 Token 使用的密钥：[test123456]
2026-03-18 00:58:47 [INFO] [com.javastudy.vocabease_common.utils.JWTUtil] [getTokenData] [52] -> === [验证接口] 待验证 Token 前缀：[eyJ0eXAiOiJKV1QiLCJh...]
2026-03-18 00:58:47 [DEBUG] [org.mybatis.spring.SqlSessionUtils] [debug] [49] -> Creating a new SqlSession
2026-03-18 00:58:47 [DEBUG] [org.mybatis.spring.SqlSessionUtils] [debug] [49] -> SqlSession [org.apache.ibatis.session.defaults.DefaultSqlSession@3596f99e] was not registered for synchronization because synchronization is not active
2026-03-18 00:58:47 [DEBUG] [org.springframework.jdbc.datasource.DataSourceUtils] [doGetConnection] [117] -> Fetching JDBC Connection from DataSource
2026-03-18 00:58:47 [DEBUG] [org.mybatis.spring.transaction.SpringManagedTransaction] [debug] [49] -> JDBC Connection [HikariProxyConnection@2092907727 wrapping com.mysql.cj.jdbc.ConnectionImpl@39f84635] will not be managed by Spring
2026-03-18 00:58:47 [DEBUG] [com.javastudy.vocabease_common.mappers.AppCollectMapper.selectCount] [debug] [135] -> ==>  Preparing: SELECT count(1) FROM app_collect a WHERE a.user_id = ? and a.collect_type = ?
2026-03-18 00:58:47 [DEBUG] [com.javastudy.vocabease_common.mappers.AppCollectMapper.selectCount] [debug] [135] -> ==> Parameters: DGRFD56pVa(String), 2(Integer)
2026-03-18 00:58:47 [DEBUG] [com.javastudy.vocabease_common.mappers.AppCollectMapper.selectCount] [debug] [135] -> <==      Total: 1
2026-03-18 00:58:47 [DEBUG] [org.mybatis.spring.SqlSessionUtils] [debug] [49] -> Closing non transactional SqlSession [org.apache.ibatis.session.defaults.DefaultSqlSession@3596f99e]
2026-03-18 00:58:47 [DEBUG] [org.mybatis.spring.SqlSessionUtils] [debug] [49] -> Creating a new SqlSession
2026-03-18 00:58:47 [DEBUG] [org.mybatis.spring.SqlSessionUtils] [debug] [49] -> SqlSession [org.apache.ibatis.session.defaults.DefaultSqlSession@2778703f] was not registered for synchronization because synchronization is not active
2026-03-18 00:58:47 [DEBUG] [org.springframework.jdbc.datasource.DataSourceUtils] [doGetConnection] [117] -> Fetching JDBC Connection from DataSource
2026-03-18 00:58:47 [DEBUG] [org.mybatis.spring.transaction.SpringManagedTransaction] [debug] [49] -> JDBC Connection [HikariProxyConnection@622864199 wrapping com.mysql.cj.jdbc.ConnectionImpl@39f84635] will not be managed by Spring
2026-03-18 00:58:47 [DEBUG] [com.javastudy.vocabease_common.mappers.AppCollectMapper.selectList] [debug] [135] -> ==>  Preparing: SELECT a.collect_id,a.user_id,a.object_id,a.collect_type,a.collect_time FROM app_collect a WHERE a.user_id = ? and a.collect_type = ? order by collect_time desc limit ?,?
2026-03-18 00:58:47 [DEBUG] [com.javastudy.vocabease_common.mappers.AppCollectMapper.selectList] [debug] [135] -> ==> Parameters: DGRFD56pVa(String), 2(Integer), 0(Integer), 15(Integer)
2026-03-18 00:58:47 [DEBUG] [com.javastudy.vocabease_common.mappers.AppCollectMapper.selectList] [debug] [135] -> <==      Total: 2
2026-03-18 00:58:47 [DEBUG] [org.mybatis.spring.SqlSessionUtils] [debug] [49] -> Closing non transactional SqlSession [org.apache.ibatis.session.defaults.DefaultSqlSession@2778703f]
2026-03-18 00:58:47 [DEBUG] [org.mybatis.spring.SqlSessionUtils] [debug] [49] -> Creating a new SqlSession
2026-03-18 00:58:47 [DEBUG] [org.mybatis.spring.SqlSessionUtils] [debug] [49] -> SqlSession [org.apache.ibatis.session.defaults.DefaultSqlSession@216bf0d] was not registered for synchronization because synchronization is not active
2026-03-18 00:58:47 [DEBUG] [org.springframework.jdbc.datasource.DataSourceUtils] [doGetConnection] [117] -> Fetching JDBC Connection from DataSource
2026-03-18 00:58:47 [DEBUG] [org.mybatis.spring.transaction.SpringManagedTransaction] [debug] [49] -> JDBC Connection [HikariProxyConnection@1712054008 wrapping com.mysql.cj.jdbc.ConnectionImpl@39f84635] will not be managed by Spring
2026-03-18 00:58:47 [DEBUG] [com.javastudy.vocabease_common.mappers.ArticleMapper.selectList] [debug] [135] -> ==>  Preparing: SELECT a.article_id,a.title,a.level, a.create_time,a.status,a.creater_id,a.read_count,a.collect_count, a.post_type,c.category_name as category_name,u.user_name as user_name FROM article a LEFT JOIN article2category a2c ON a.article_id = a2c.article_id LEFT JOIN category c ON a2c.category_id = c.category_id LEFT JOIN account u ON a.creater_id = u.user_id WHERE a.article_id in(?,? ) order by field(a.article_id,6,1)
2026-03-18 00:58:47 [DEBUG] [com.javastudy.vocabease_common.mappers.ArticleMapper.selectList] [debug] [135] -> ==> Parameters: 6(String), 1(String)
2026-03-18 00:58:47 [DEBUG] [com.javastudy.vocabease_common.mappers.ArticleMapper.selectList] [debug] [135] -> <==      Total: 2
2026-03-18 00:58:47 [DEBUG] [org.mybatis.spring.SqlSessionUtils] [debug] [49] -> Closing non transactional SqlSession [org.apache.ibatis.session.defaults.DefaultSqlSession@216bf0d]
2026-03-18 00:58:47 [DEBUG] [org.springframework.web.servlet.mvc.method.annotation.RequestResponseBodyMethodProcessor] [writeWithMessageConverters] [275] -> Using 'application/json', given [*/*] and supported [application/json, application/*+json]
2026-03-18 00:58:47 [DEBUG] [org.springframework.web.servlet.mvc.method.annotation.RequestResponseBodyMethodProcessor] [traceDebug] [120] -> Writing [com.javastudy.vocabease_common.entity.vo.ResponseVO@37b2e31]
2026-03-18 00:58:47 [DEBUG] [org.springframework.web.servlet.DispatcherServlet] [logResult] [1138] -> Completed 200 OK
2026-03-18 00:58:47 [DEBUG] [org.springframework.session.web.http.SessionRepositoryFilter.SESSION_LOGGER] [getSession] [301] -> No session found by id: Caching result for getSession(false) for this HttpServletRequest.
2026-03-18 00:58:51 [DEBUG] [org.springframework.web.servlet.DispatcherServlet] [traceDebug] [120] -> GET "/myInfo/loadMyInfo", parameters={}
2026-03-18 00:58:51 [DEBUG] [org.springframework.session.web.http.SessionRepositoryFilter.SESSION_LOGGER] [getSession] [301] -> No session found by id: Caching result for getSession(false) for this HttpServletRequest.
2026-03-18 00:58:51 [DEBUG] [org.springframework.web.servlet.mvc.method.annotation.RequestMappingHandlerMapping] [getHandler] [531] -> Mapped to com.javastudy.vocabease_api.controller.MyInfoController#loadMyInfo(String)
2026-03-18 00:58:51 [INFO] [com.javastudy.vocabease_common.utils.JWTUtil] [getTokenData] [51] -> === [验证接口] 验证 Token 使用的密钥：[test123456]
2026-03-18 00:58:51 [INFO] [com.javastudy.vocabease_common.utils.JWTUtil] [getTokenData] [52] -> === [验证接口] 待验证 Token 前缀：[eyJ0eXAiOiJKV1QiLCJh...]
2026-03-18 00:58:51 [DEBUG] [org.mybatis.spring.SqlSessionUtils] [debug] [49] -> Creating a new SqlSession
2026-03-18 00:58:51 [DEBUG] [org.mybatis.spring.SqlSessionUtils] [debug] [49] -> SqlSession [org.apache.ibatis.session.defaults.DefaultSqlSession@17a7570d] was not registered for synchronization because synchronization is not active
2026-03-18 00:58:51 [DEBUG] [org.springframework.jdbc.datasource.DataSourceUtils] [doGetConnection] [117] -> Fetching JDBC Connection from DataSource
2026-03-18 00:58:51 [DEBUG] [org.mybatis.spring.transaction.SpringManagedTransaction] [debug] [49] -> JDBC Connection [HikariProxyConnection@425769865 wrapping com.mysql.cj.jdbc.ConnectionImpl@39f84635] will not be managed by Spring
2026-03-18 00:58:51 [DEBUG] [com.javastudy.vocabease_common.mappers.AppAccountMapper.selectByUserId] [debug] [135] -> ==>  Preparing: select a.user_id,a.open_id,a.email,a.nick_name,a.avatar,a.password, a.gender,a.create_time,a.last_login_time,a.last_use_device_id,a.last_use_device_brand, a.last_login_ip,a.status from app_account a where user_id=?
2026-03-18 00:58:51 [DEBUG] [com.javastudy.vocabease_common.mappers.AppAccountMapper.selectByUserId] [debug] [135] -> ==> Parameters: DGRFD56pVa(String)
2026-03-18 00:58:51 [DEBUG] [com.javastudy.vocabease_common.mappers.AppAccountMapper.selectByUserId] [debug] [135] -> <==      Total: 1
2026-03-18 00:58:51 [DEBUG] [org.mybatis.spring.SqlSessionUtils] [debug] [49] -> Closing non transactional SqlSession [org.apache.ibatis.session.defaults.DefaultSqlSession@17a7570d]
2026-03-18 00:58:51 [DEBUG] [org.springframework.web.servlet.mvc.method.annotation.RequestResponseBodyMethodProcessor] [writeWithMessageConverters] [275] -> Using 'application/json', given [*/*] and supported [application/json, application/*+json]
2026-03-18 00:58:51 [DEBUG] [org.springframework.web.servlet.mvc.method.annotation.RequestResponseBodyMethodProcessor] [traceDebug] [120] -> Writing [com.javastudy.vocabease_common.entity.vo.ResponseVO@585db1b2]
2026-03-18 00:58:51 [DEBUG] [org.springframework.web.servlet.DispatcherServlet] [logResult] [1138] -> Completed 200 OK
2026-03-18 00:58:51 [DEBUG] [org.springframework.session.web.http.SessionRepositoryFilter.SESSION_LOGGER] [getSession] [301] -> No session found by id: Caching result for getSession(false) for this HttpServletRequest.
2026-03-18 00:58:53 [DEBUG] [org.springframework.web.servlet.DispatcherServlet] [traceDebug] [120] -> GET "/myInfo/loadMyCollect?collectType=3&PageNum=1", parameters={masked}
2026-03-18 00:58:53 [DEBUG] [org.springframework.session.web.http.SessionRepositoryFilter.SESSION_LOGGER] [getSession] [301] -> No session found by id: Caching result for getSession(false) for this HttpServletRequest.
2026-03-18 00:58:53 [DEBUG] [org.springframework.web.servlet.mvc.method.annotation.RequestMappingHandlerMapping] [getHandler] [531] -> Mapped to com.javastudy.vocabease_api.controller.MyInfoController#loadMyCollect(String, Integer)
2026-03-18 00:58:53 [INFO] [com.javastudy.vocabease_common.utils.JWTUtil] [getTokenData] [51] -> === [验证接口] 验证 Token 使用的密钥：[test123456]
2026-03-18 00:58:53 [INFO] [com.javastudy.vocabease_common.utils.JWTUtil] [getTokenData] [52] -> === [验证接口] 待验证 Token 前缀：[eyJ0eXAiOiJKV1QiLCJh...]
2026-03-18 00:58:53 [INFO] [com.javastudy.vocabease_common.utils.JWTUtil] [getTokenData] [51] -> === [验证接口] 验证 Token 使用的密钥：[test123456]
2026-03-18 00:58:53 [INFO] [com.javastudy.vocabease_common.utils.JWTUtil] [getTokenData] [52] -> === [验证接口] 待验证 Token 前缀：[eyJ0eXAiOiJKV1QiLCJh...]
2026-03-18 00:58:53 [DEBUG] [org.mybatis.spring.SqlSessionUtils] [debug] [49] -> Creating a new SqlSession
2026-03-18 00:58:53 [DEBUG] [org.mybatis.spring.SqlSessionUtils] [debug] [49] -> SqlSession [org.apache.ibatis.session.defaults.DefaultSqlSession@48c8883] was not registered for synchronization because synchronization is not active
2026-03-18 00:58:53 [DEBUG] [org.springframework.jdbc.datasource.DataSourceUtils] [doGetConnection] [117] -> Fetching JDBC Connection from DataSource
2026-03-18 00:58:53 [DEBUG] [org.mybatis.spring.transaction.SpringManagedTransaction] [debug] [49] -> JDBC Connection [HikariProxyConnection@1321682955 wrapping com.mysql.cj.jdbc.ConnectionImpl@39f84635] will not be managed by Spring
2026-03-18 00:58:53 [DEBUG] [com.javastudy.vocabease_common.mappers.AppCollectMapper.selectCount] [debug] [135] -> ==>  Preparing: SELECT count(1) FROM app_collect a WHERE a.user_id = ? and a.collect_type = ?
2026-03-18 00:58:53 [DEBUG] [com.javastudy.vocabease_common.mappers.AppCollectMapper.selectCount] [debug] [135] -> ==> Parameters: DGRFD56pVa(String), 3(Integer)
2026-03-18 00:58:53 [DEBUG] [com.javastudy.vocabease_common.mappers.AppCollectMapper.selectCount] [debug] [135] -> <==      Total: 1
2026-03-18 00:58:53 [DEBUG] [org.mybatis.spring.SqlSessionUtils] [debug] [49] -> Closing non transactional SqlSession [org.apache.ibatis.session.defaults.DefaultSqlSession@48c8883]
2026-03-18 00:58:53 [DEBUG] [org.mybatis.spring.SqlSessionUtils] [debug] [49] -> Creating a new SqlSession
2026-03-18 00:58:53 [DEBUG] [org.mybatis.spring.SqlSessionUtils] [debug] [49] -> SqlSession [org.apache.ibatis.session.defaults.DefaultSqlSession@7f391155] was not registered for synchronization because synchronization is not active
2026-03-18 00:58:53 [DEBUG] [org.springframework.jdbc.datasource.DataSourceUtils] [doGetConnection] [117] -> Fetching JDBC Connection from DataSource
2026-03-18 00:58:53 [DEBUG] [org.mybatis.spring.transaction.SpringManagedTransaction] [debug] [49] -> JDBC Connection [HikariProxyConnection@521225889 wrapping com.mysql.cj.jdbc.ConnectionImpl@39f84635] will not be managed by Spring
2026-03-18 00:58:53 [DEBUG] [com.javastudy.vocabease_common.mappers.AppCollectMapper.selectList] [debug] [135] -> ==>  Preparing: SELECT a.collect_id,a.user_id,a.object_id,a.collect_type,a.collect_time FROM app_collect a WHERE a.user_id = ? and a.collect_type = ? order by collect_time desc limit ?,?
2026-03-18 00:58:53 [DEBUG] [com.javastudy.vocabease_common.mappers.AppCollectMapper.selectList] [debug] [135] -> ==> Parameters: DGRFD56pVa(String), 3(Integer), 0(Integer), 15(Integer)
2026-03-18 00:58:53 [DEBUG] [com.javastudy.vocabease_common.mappers.AppCollectMapper.selectList] [debug] [135] -> <==      Total: 2
2026-03-18 00:58:53 [DEBUG] [org.mybatis.spring.SqlSessionUtils] [debug] [49] -> Closing non transactional SqlSession [org.apache.ibatis.session.defaults.DefaultSqlSession@7f391155]
2026-03-18 00:58:53 [DEBUG] [org.mybatis.spring.SqlSessionUtils] [debug] [49] -> Creating a new SqlSession
2026-03-18 00:58:53 [DEBUG] [org.mybatis.spring.SqlSessionUtils] [debug] [49] -> SqlSession [org.apache.ibatis.session.defaults.DefaultSqlSession@3c261a0] was not registered for synchronization because synchronization is not active
2026-03-18 00:58:53 [DEBUG] [org.springframework.jdbc.datasource.DataSourceUtils] [doGetConnection] [117] -> Fetching JDBC Connection from DataSource
2026-03-18 00:58:53 [DEBUG] [org.mybatis.spring.transaction.SpringManagedTransaction] [debug] [49] -> JDBC Connection [HikariProxyConnection@885422900 wrapping com.mysql.cj.jdbc.ConnectionImpl@39f84635] will not be managed by Spring
2026-03-18 00:58:53 [DEBUG] [com.javastudy.vocabease_common.mappers.QuestionMapper.selectList] [debug] [135] -> ==>  Preparing: SELECT q.question_id,q.title,q.question,q.level, q.create_time,q.status,q.creater_id,q.read_count,q.collect_count, q.post_type,q.question_type,c.category_name as category_name FROM question q LEFT JOIN question2category q2c ON q.question_id = q2c.question_id LEFT JOIN category c ON q2c.category_id = c.category_id WHERE q.question_id in ( ?,?) order by field(q.question_id,2,1)
2026-03-18 00:58:53 [DEBUG] [com.javastudy.vocabease_common.mappers.QuestionMapper.selectList] [debug] [135] -> ==> Parameters: 2(String), 1(String)
2026-03-18 00:58:53 [DEBUG] [com.javastudy.vocabease_common.mappers.QuestionMapper.selectList] [debug] [135] -> <==      Total: 2
2026-03-18 00:58:53 [DEBUG] [org.mybatis.spring.SqlSessionUtils] [debug] [49] -> Closing non transactional SqlSession [org.apache.ibatis.session.defaults.DefaultSqlSession@3c261a0]
2026-03-18 00:58:53 [DEBUG] [org.springframework.web.servlet.mvc.method.annotation.RequestResponseBodyMethodProcessor] [writeWithMessageConverters] [275] -> Using 'application/json', given [*/*] and supported [application/json, application/*+json]
2026-03-18 00:58:53 [DEBUG] [org.springframework.web.servlet.mvc.method.annotation.RequestResponseBodyMethodProcessor] [traceDebug] [120] -> Writing [com.javastudy.vocabease_common.entity.vo.ResponseVO@4ca5c479]
2026-03-18 00:58:53 [DEBUG] [org.springframework.web.servlet.DispatcherServlet] [logResult] [1138] -> Completed 200 OK
2026-03-18 00:58:53 [DEBUG] [org.springframework.session.web.http.SessionRepositoryFilter.SESSION_LOGGER] [getSession] [301] -> No session found by id: Caching result for getSession(false) for this HttpServletRequest.
2026-03-18 00:59:00 [DEBUG] [org.springframework.web.servlet.DispatcherServlet] [traceDebug] [120] -> GET "/myInfo/loadMyInfo", parameters={}
2026-03-18 00:59:00 [DEBUG] [org.springframework.session.web.http.SessionRepositoryFilter.SESSION_LOGGER] [getSession] [301] -> No session found by id: Caching result for getSession(false) for this HttpServletRequest.
2026-03-18 00:59:00 [DEBUG] [org.springframework.web.servlet.mvc.method.annotation.RequestMappingHandlerMapping] [getHandler] [531] -> Mapped to com.javastudy.vocabease_api.controller.MyInfoController#loadMyInfo(String)
2026-03-18 00:59:00 [INFO] [com.javastudy.vocabease_common.utils.JWTUtil] [getTokenData] [51] -> === [验证接口] 验证 Token 使用的密钥：[test123456]
2026-03-18 00:59:00 [INFO] [com.javastudy.vocabease_common.utils.JWTUtil] [getTokenData] [52] -> === [验证接口] 待验证 Token 前缀：[eyJ0eXAiOiJKV1QiLCJh...]
2026-03-18 00:59:00 [DEBUG] [org.mybatis.spring.SqlSessionUtils] [debug] [49] -> Creating a new SqlSession
2026-03-18 00:59:00 [DEBUG] [org.mybatis.spring.SqlSessionUtils] [debug] [49] -> SqlSession [org.apache.ibatis.session.defaults.DefaultSqlSession@3713acaf] was not registered for synchronization because synchronization is not active
2026-03-18 00:59:00 [DEBUG] [org.springframework.jdbc.datasource.DataSourceUtils] [doGetConnection] [117] -> Fetching JDBC Connection from DataSource
2026-03-18 00:59:00 [DEBUG] [org.mybatis.spring.transaction.SpringManagedTransaction] [debug] [49] -> JDBC Connection [HikariProxyConnection@825226474 wrapping com.mysql.cj.jdbc.ConnectionImpl@39f84635] will not be managed by Spring
2026-03-18 00:59:00 [DEBUG] [com.javastudy.vocabease_common.mappers.AppAccountMapper.selectByUserId] [debug] [135] -> ==>  Preparing: select a.user_id,a.open_id,a.email,a.nick_name,a.avatar,a.password, a.gender,a.create_time,a.last_login_time,a.last_use_device_id,a.last_use_device_brand, a.last_login_ip,a.status from app_account a where user_id=?
2026-03-18 00:59:00 [DEBUG] [com.javastudy.vocabease_common.mappers.AppAccountMapper.selectByUserId] [debug] [135] -> ==> Parameters: DGRFD56pVa(String)
2026-03-18 00:59:00 [DEBUG] [com.javastudy.vocabease_common.mappers.AppAccountMapper.selectByUserId] [debug] [135] -> <==      Total: 1
2026-03-18 00:59:00 [DEBUG] [org.mybatis.spring.SqlSessionUtils] [debug] [49] -> Closing non transactional SqlSession [org.apache.ibatis.session.defaults.DefaultSqlSession@3713acaf]
2026-03-18 00:59:00 [DEBUG] [org.springframework.web.servlet.mvc.method.annotation.RequestResponseBodyMethodProcessor] [writeWithMessageConverters] [275] -> Using 'application/json', given [*/*] and supported [application/json, application/*+json]
2026-03-18 00:59:00 [DEBUG] [org.springframework.web.servlet.mvc.method.annotation.RequestResponseBodyMethodProcessor] [traceDebug] [120] -> Writing [com.javastudy.vocabease_common.entity.vo.ResponseVO@604a0937]
2026-03-18 00:59:00 [DEBUG] [org.springframework.web.servlet.DispatcherServlet] [logResult] [1138] -> Completed 200 OK
2026-03-18 00:59:00 [DEBUG] [org.springframework.session.web.http.SessionRepositoryFilter.SESSION_LOGGER] [getSession] [301] -> No session found by id: Caching result for getSession(false) for this HttpServletRequest.
2026-03-18 00:59:01 [DEBUG] [org.springframework.web.servlet.DispatcherServlet] [traceDebug] [120] -> GET "/myInfo/loadMyCollect?collectType=0&PageNum=1", parameters={masked}
2026-03-18 00:59:01 [DEBUG] [org.springframework.session.web.http.SessionRepositoryFilter.SESSION_LOGGER] [getSession] [301] -> No session found by id: Caching result for getSession(false) for this HttpServletRequest.
2026-03-18 00:59:01 [DEBUG] [org.springframework.web.servlet.mvc.method.annotation.RequestMappingHandlerMapping] [getHandler] [531] -> Mapped to com.javastudy.vocabease_api.controller.MyInfoController#loadMyCollect(String, Integer)
2026-03-18 00:59:01 [INFO] [com.javastudy.vocabease_common.utils.JWTUtil] [getTokenData] [51] -> === [验证接口] 验证 Token 使用的密钥：[test123456]
2026-03-18 00:59:01 [INFO] [com.javastudy.vocabease_common.utils.JWTUtil] [getTokenData] [52] -> === [验证接口] 待验证 Token 前缀：[eyJ0eXAiOiJKV1QiLCJh...]
2026-03-18 00:59:01 [INFO] [com.javastudy.vocabease_common.utils.JWTUtil] [getTokenData] [51] -> === [验证接口] 验证 Token 使用的密钥：[test123456]
2026-03-18 00:59:01 [INFO] [com.javastudy.vocabease_common.utils.JWTUtil] [getTokenData] [52] -> === [验证接口] 待验证 Token 前缀：[eyJ0eXAiOiJKV1QiLCJh...]
2026-03-18 00:59:01 [DEBUG] [org.mybatis.spring.SqlSessionUtils] [debug] [49] -> Creating a new SqlSession
2026-03-18 00:59:01 [DEBUG] [org.mybatis.spring.SqlSessionUtils] [debug] [49] -> SqlSession [org.apache.ibatis.session.defaults.DefaultSqlSession@257eadd3] was not registered for synchronization because synchronization is not active
2026-03-18 00:59:01 [DEBUG] [org.springframework.jdbc.datasource.DataSourceUtils] [doGetConnection] [117] -> Fetching JDBC Connection from DataSource
2026-03-18 00:59:01 [DEBUG] [org.mybatis.spring.transaction.SpringManagedTransaction] [debug] [49] -> JDBC Connection [HikariProxyConnection@733562636 wrapping com.mysql.cj.jdbc.ConnectionImpl@39f84635] will not be managed by Spring
2026-03-18 00:59:01 [DEBUG] [com.javastudy.vocabease_common.mappers.AppCollectMapper.selectCount] [debug] [135] -> ==>  Preparing: SELECT count(1) FROM app_collect a WHERE a.user_id = ? and a.collect_type = ?
2026-03-18 00:59:01 [DEBUG] [com.javastudy.vocabease_common.mappers.AppCollectMapper.selectCount] [debug] [135] -> ==> Parameters: DGRFD56pVa(String), 0(Integer)
2026-03-18 00:59:01 [DEBUG] [com.javastudy.vocabease_common.mappers.AppCollectMapper.selectCount] [debug] [135] -> <==      Total: 1
2026-03-18 00:59:01 [DEBUG] [org.mybatis.spring.SqlSessionUtils] [debug] [49] -> Closing non transactional SqlSession [org.apache.ibatis.session.defaults.DefaultSqlSession@257eadd3]
2026-03-18 00:59:01 [DEBUG] [org.mybatis.spring.SqlSessionUtils] [debug] [49] -> Creating a new SqlSession
2026-03-18 00:59:01 [DEBUG] [org.mybatis.spring.SqlSessionUtils] [debug] [49] -> SqlSession [org.apache.ibatis.session.defaults.DefaultSqlSession@6a844d37] was not registered for synchronization because synchronization is not active
2026-03-18 00:59:01 [DEBUG] [org.springframework.jdbc.datasource.DataSourceUtils] [doGetConnection] [117] -> Fetching JDBC Connection from DataSource
2026-03-18 00:59:01 [DEBUG] [org.mybatis.spring.transaction.SpringManagedTransaction] [debug] [49] -> JDBC Connection [HikariProxyConnection@985949569 wrapping com.mysql.cj.jdbc.ConnectionImpl@39f84635] will not be managed by Spring
2026-03-18 00:59:01 [DEBUG] [com.javastudy.vocabease_common.mappers.AppCollectMapper.selectList] [debug] [135] -> ==>  Preparing: SELECT a.collect_id,a.user_id,a.object_id,a.collect_type,a.collect_time FROM app_collect a WHERE a.user_id = ? and a.collect_type = ? order by collect_time desc limit ?,?
2026-03-18 00:59:01 [DEBUG] [com.javastudy.vocabease_common.mappers.AppCollectMapper.selectList] [debug] [135] -> ==> Parameters: DGRFD56pVa(String), 0(Integer), 0(Integer), 15(Integer)
2026-03-18 00:59:01 [DEBUG] [com.javastudy.vocabease_common.mappers.AppCollectMapper.selectList] [debug] [135] -> <==      Total: 0
2026-03-18 00:59:01 [DEBUG] [org.mybatis.spring.SqlSessionUtils] [debug] [49] -> Closing non transactional SqlSession [org.apache.ibatis.session.defaults.DefaultSqlSession@6a844d37]
2026-03-18 00:59:01 [DEBUG] [org.springframework.web.servlet.mvc.method.annotation.RequestResponseBodyMethodProcessor] [writeWithMessageConverters] [275] -> Using 'application/json', given [*/*] and supported [application/json, application/*+json]
2026-03-18 00:59:01 [DEBUG] [org.springframework.web.servlet.mvc.method.annotation.RequestResponseBodyMethodProcessor] [traceDebug] [120] -> Writing [com.javastudy.vocabease_common.entity.vo.ResponseVO@420eb2fb]
2026-03-18 00:59:01 [DEBUG] [org.springframework.web.servlet.DispatcherServlet] [logResult] [1138] -> Completed 200 OK
2026-03-18 00:59:01 [DEBUG] [org.springframework.session.web.http.SessionRepositoryFilter.SESSION_LOGGER] [getSession] [301] -> No session found by id: Caching result for getSession(false) for this HttpServletRequest.
2026-03-18 00:59:04 [DEBUG] [org.springframework.web.servlet.DispatcherServlet] [traceDebug] [120] -> GET "/myInfo/loadMyInfo", parameters={}
2026-03-18 00:59:04 [DEBUG] [org.springframework.session.web.http.SessionRepositoryFilter.SESSION_LOGGER] [getSession] [301] -> No session found by id: Caching result for getSession(false) for this HttpServletRequest.
2026-03-18 00:59:04 [DEBUG] [org.springframework.web.servlet.mvc.method.annotation.RequestMappingHandlerMapping] [getHandler] [531] -> Mapped to com.javastudy.vocabease_api.controller.MyInfoController#loadMyInfo(String)
2026-03-18 00:59:04 [INFO] [com.javastudy.vocabease_common.utils.JWTUtil] [getTokenData] [51] -> === [验证接口] 验证 Token 使用的密钥：[test123456]
2026-03-18 00:59:04 [INFO] [com.javastudy.vocabease_common.utils.JWTUtil] [getTokenData] [52] -> === [验证接口] 待验证 Token 前缀：[eyJ0eXAiOiJKV1QiLCJh...]
2026-03-18 00:59:04 [DEBUG] [org.mybatis.spring.SqlSessionUtils] [debug] [49] -> Creating a new SqlSession
2026-03-18 00:59:04 [DEBUG] [org.mybatis.spring.SqlSessionUtils] [debug] [49] -> SqlSession [org.apache.ibatis.session.defaults.DefaultSqlSession@15fed7a5] was not registered for synchronization because synchronization is not active
2026-03-18 00:59:04 [DEBUG] [org.springframework.jdbc.datasource.DataSourceUtils] [doGetConnection] [117] -> Fetching JDBC Connection from DataSource
2026-03-18 00:59:04 [DEBUG] [org.mybatis.spring.transaction.SpringManagedTransaction] [debug] [49] -> JDBC Connection [HikariProxyConnection@1221076360 wrapping com.mysql.cj.jdbc.ConnectionImpl@39f84635] will not be managed by Spring
2026-03-18 00:59:04 [DEBUG] [com.javastudy.vocabease_common.mappers.AppAccountMapper.selectByUserId] [debug] [135] -> ==>  Preparing: select a.user_id,a.open_id,a.email,a.nick_name,a.avatar,a.password, a.gender,a.create_time,a.last_login_time,a.last_use_device_id,a.last_use_device_brand, a.last_login_ip,a.status from app_account a where user_id=?
2026-03-18 00:59:04 [DEBUG] [com.javastudy.vocabease_common.mappers.AppAccountMapper.selectByUserId] [debug] [135] -> ==> Parameters: DGRFD56pVa(String)
2026-03-18 00:59:04 [DEBUG] [com.javastudy.vocabease_common.mappers.AppAccountMapper.selectByUserId] [debug] [135] -> <==      Total: 1
2026-03-18 00:59:04 [DEBUG] [org.mybatis.spring.SqlSessionUtils] [debug] [49] -> Closing non transactional SqlSession [org.apache.ibatis.session.defaults.DefaultSqlSession@15fed7a5]
2026-03-18 00:59:04 [DEBUG] [org.springframework.web.servlet.mvc.method.annotation.RequestResponseBodyMethodProcessor] [writeWithMessageConverters] [275] -> Using 'application/json', given [*/*] and supported [application/json, application/*+json]
2026-03-18 00:59:04 [DEBUG] [org.springframework.web.servlet.mvc.method.annotation.RequestResponseBodyMethodProcessor] [traceDebug] [120] -> Writing [com.javastudy.vocabease_common.entity.vo.ResponseVO@76b64733]
2026-03-18 00:59:04 [DEBUG] [org.springframework.web.servlet.DispatcherServlet] [logResult] [1138] -> Completed 200 OK
2026-03-18 00:59:04 [DEBUG] [org.springframework.session.web.http.SessionRepositoryFilter.SESSION_LOGGER] [getSession] [301] -> No session found by id: Caching result for getSession(false) for this HttpServletRequest.
2026-03-18 00:59:05 [DEBUG] [org.springframework.web.servlet.DispatcherServlet] [traceDebug] [120] -> GET "/myInfo/loadMyCollect?collectType=3&PageNum=1", parameters={masked}
2026-03-18 00:59:05 [DEBUG] [org.springframework.session.web.http.SessionRepositoryFilter.SESSION_LOGGER] [getSession] [301] -> No session found by id: Caching result for getSession(false) for this HttpServletRequest.
2026-03-18 00:59:05 [DEBUG] [org.springframework.web.servlet.mvc.method.annotation.RequestMappingHandlerMapping] [getHandler] [531] -> Mapped to com.javastudy.vocabease_api.controller.MyInfoController#loadMyCollect(String, Integer)
2026-03-18 00:59:05 [INFO] [com.javastudy.vocabease_common.utils.JWTUtil] [getTokenData] [51] -> === [验证接口] 验证 Token 使用的密钥：[test123456]
2026-03-18 00:59:05 [INFO] [com.javastudy.vocabease_common.utils.JWTUtil] [getTokenData] [52] -> === [验证接口] 待验证 Token 前缀：[eyJ0eXAiOiJKV1QiLCJh...]
2026-03-18 00:59:05 [INFO] [com.javastudy.vocabease_common.utils.JWTUtil] [getTokenData] [51] -> === [验证接口] 验证 Token 使用的密钥：[test123456]
2026-03-18 00:59:05 [INFO] [com.javastudy.vocabease_common.utils.JWTUtil] [getTokenData] [52] -> === [验证接口] 待验证 Token 前缀：[eyJ0eXAiOiJKV1QiLCJh...]
2026-03-18 00:59:05 [DEBUG] [org.mybatis.spring.SqlSessionUtils] [debug] [49] -> Creating a new SqlSession
2026-03-18 00:59:05 [DEBUG] [org.mybatis.spring.SqlSessionUtils] [debug] [49] -> SqlSession [org.apache.ibatis.session.defaults.DefaultSqlSession@345bf2e1] was not registered for synchronization because synchronization is not active
2026-03-18 00:59:05 [DEBUG] [org.springframework.jdbc.datasource.DataSourceUtils] [doGetConnection] [117] -> Fetching JDBC Connection from DataSource
2026-03-18 00:59:05 [DEBUG] [org.mybatis.spring.transaction.SpringManagedTransaction] [debug] [49] -> JDBC Connection [HikariProxyConnection@608066774 wrapping com.mysql.cj.jdbc.ConnectionImpl@39f84635] will not be managed by Spring
2026-03-18 00:59:05 [DEBUG] [com.javastudy.vocabease_common.mappers.AppCollectMapper.selectCount] [debug] [135] -> ==>  Preparing: SELECT count(1) FROM app_collect a WHERE a.user_id = ? and a.collect_type = ?
2026-03-18 00:59:05 [DEBUG] [com.javastudy.vocabease_common.mappers.AppCollectMapper.selectCount] [debug] [135] -> ==> Parameters: DGRFD56pVa(String), 3(Integer)
2026-03-18 00:59:05 [DEBUG] [com.javastudy.vocabease_common.mappers.AppCollectMapper.selectCount] [debug] [135] -> <==      Total: 1
2026-03-18 00:59:05 [DEBUG] [org.mybatis.spring.SqlSessionUtils] [debug] [49] -> Closing non transactional SqlSession [org.apache.ibatis.session.defaults.DefaultSqlSession@345bf2e1]
2026-03-18 00:59:05 [DEBUG] [org.mybatis.spring.SqlSessionUtils] [debug] [49] -> Creating a new SqlSession
2026-03-18 00:59:05 [DEBUG] [org.mybatis.spring.SqlSessionUtils] [debug] [49] -> SqlSession [org.apache.ibatis.session.defaults.DefaultSqlSession@4e893842] was not registered for synchronization because synchronization is not active
2026-03-18 00:59:05 [DEBUG] [org.springframework.jdbc.datasource.DataSourceUtils] [doGetConnection] [117] -> Fetching JDBC Connection from DataSource
2026-03-18 00:59:05 [DEBUG] [org.mybatis.spring.transaction.SpringManagedTransaction] [debug] [49] -> JDBC Connection [HikariProxyConnection@632162184 wrapping com.mysql.cj.jdbc.ConnectionImpl@39f84635] will not be managed by Spring
2026-03-18 00:59:05 [DEBUG] [com.javastudy.vocabease_common.mappers.AppCollectMapper.selectList] [debug] [135] -> ==>  Preparing: SELECT a.collect_id,a.user_id,a.object_id,a.collect_type,a.collect_time FROM app_collect a WHERE a.user_id = ? and a.collect_type = ? order by collect_time desc limit ?,?
2026-03-18 00:59:05 [DEBUG] [com.javastudy.vocabease_common.mappers.AppCollectMapper.selectList] [debug] [135] -> ==> Parameters: DGRFD56pVa(String), 3(Integer), 0(Integer), 15(Integer)
2026-03-18 00:59:05 [DEBUG] [com.javastudy.vocabease_common.mappers.AppCollectMapper.selectList] [debug] [135] -> <==      Total: 2
2026-03-18 00:59:05 [DEBUG] [org.mybatis.spring.SqlSessionUtils] [debug] [49] -> Closing non transactional SqlSession [org.apache.ibatis.session.defaults.DefaultSqlSession@4e893842]
2026-03-18 00:59:05 [DEBUG] [org.mybatis.spring.SqlSessionUtils] [debug] [49] -> Creating a new SqlSession
2026-03-18 00:59:05 [DEBUG] [org.mybatis.spring.SqlSessionUtils] [debug] [49] -> SqlSession [org.apache.ibatis.session.defaults.DefaultSqlSession@af435cf] was not registered for synchronization because synchronization is not active
2026-03-18 00:59:05 [DEBUG] [org.springframework.jdbc.datasource.DataSourceUtils] [doGetConnection] [117] -> Fetching JDBC Connection from DataSource
2026-03-18 00:59:05 [DEBUG] [org.mybatis.spring.transaction.SpringManagedTransaction] [debug] [49] -> JDBC Connection [HikariProxyConnection@230180859 wrapping com.mysql.cj.jdbc.ConnectionImpl@39f84635] will not be managed by Spring
2026-03-18 00:59:05 [DEBUG] [com.javastudy.vocabease_common.mappers.QuestionMapper.selectList] [debug] [135] -> ==>  Preparing: SELECT q.question_id,q.title,q.question,q.level, q.create_time,q.status,q.creater_id,q.read_count,q.collect_count, q.post_type,q.question_type,c.category_name as category_name FROM question q LEFT JOIN question2category q2c ON q.question_id = q2c.question_id LEFT JOIN category c ON q2c.category_id = c.category_id WHERE q.question_id in ( ?,?) order by field(q.question_id,2,1)
2026-03-18 00:59:05 [DEBUG] [com.javastudy.vocabease_common.mappers.QuestionMapper.selectList] [debug] [135] -> ==> Parameters: 2(String), 1(String)
2026-03-18 00:59:05 [DEBUG] [com.javastudy.vocabease_common.mappers.QuestionMapper.selectList] [debug] [135] -> <==      Total: 2
2026-03-18 00:59:05 [DEBUG] [org.mybatis.spring.SqlSessionUtils] [debug] [49] -> Closing non transactional SqlSession [org.apache.ibatis.session.defaults.DefaultSqlSession@af435cf]
2026-03-18 00:59:05 [DEBUG] [org.springframework.web.servlet.mvc.method.annotation.RequestResponseBodyMethodProcessor] [writeWithMessageConverters] [275] -> Using 'application/json', given [*/*] and supported [application/json, application/*+json]
2026-03-18 00:59:05 [DEBUG] [org.springframework.web.servlet.mvc.method.annotation.RequestResponseBodyMethodProcessor] [traceDebug] [120] -> Writing [com.javastudy.vocabease_common.entity.vo.ResponseVO@2a150f84]
2026-03-18 00:59:05 [DEBUG] [org.springframework.web.servlet.DispatcherServlet] [logResult] [1138] -> Completed 200 OK
2026-03-18 00:59:05 [DEBUG] [org.springframework.session.web.http.SessionRepositoryFilter.SESSION_LOGGER] [getSession] [301] -> No session found by id: Caching result for getSession(false) for this HttpServletRequest.
2026-03-18 00:59:16 [DEBUG] [com.zaxxer.hikari.pool.HikariPool] [logPoolState] [405] -> HikariPool-1 - Pool stats (total=10, active=0, idle=10, waiting=0)
2026-03-18 00:59:16 [DEBUG] [com.zaxxer.hikari.pool.HikariPool] [fillPool] [510] -> HikariPool-1 - Fill pool skipped, pool has sufficient level or currently being filled.
2026-03-18 00:59:46 [DEBUG] [com.zaxxer.hikari.pool.HikariPool] [logPoolState] [405] -> HikariPool-1 - Pool stats (total=10, active=0, idle=10, waiting=0)
2026-03-18 00:59:46 [DEBUG] [com.zaxxer.hikari.pool.HikariPool] [fillPool] [510] -> HikariPool-1 - Fill pool skipped, pool has sufficient level or currently being filled.
2026-03-18 01:00:16 [DEBUG] [com.zaxxer.hikari.pool.HikariPool] [logPoolState] [405] -> HikariPool-1 - Pool stats (total=10, active=0, idle=10, waiting=0)
2026-03-18 01:00:16 [DEBUG] [com.zaxxer.hikari.pool.HikariPool] [fillPool] [510] -> HikariPool-1 - Fill pool skipped, pool has sufficient level or currently being filled.
2026-03-18 01:00:46 [DEBUG] [com.zaxxer.hikari.pool.HikariPool] [logPoolState] [405] -> HikariPool-1 - Pool stats (total=10, active=0, idle=10, waiting=0)
2026-03-18 01:00:46 [DEBUG] [com.zaxxer.hikari.pool.HikariPool] [fillPool] [510] -> HikariPool-1 - Fill pool skipped, pool has sufficient level or currently being filled.
2026-03-18 01:01:16 [DEBUG] [com.zaxxer.hikari.pool.HikariPool] [logPoolState] [405] -> HikariPool-1 - Pool stats (total=10, active=0, idle=10, waiting=0)
2026-03-18 01:01:16 [DEBUG] [com.zaxxer.hikari.pool.HikariPool] [fillPool] [510] -> HikariPool-1 - Fill pool skipped, pool has sufficient level or currently being filled.
2026-03-18 01:01:46 [DEBUG] [com.zaxxer.hikari.pool.HikariPool] [logPoolState] [405] -> HikariPool-1 - Pool stats (total=10, active=0, idle=10, waiting=0)
2026-03-18 01:01:46 [DEBUG] [com.zaxxer.hikari.pool.HikariPool] [fillPool] [510] -> HikariPool-1 - Fill pool skipped, pool has sufficient level or currently being filled.
2026-03-18 01:02:16 [DEBUG] [com.zaxxer.hikari.pool.HikariPool] [logPoolState] [405] -> HikariPool-1 - Pool stats (total=10, active=0, idle=10, waiting=0)
2026-03-18 01:02:16 [DEBUG] [com.zaxxer.hikari.pool.HikariPool] [fillPool] [510] -> HikariPool-1 - Fill pool skipped, pool has sufficient level or currently being filled.
2026-03-18 01:02:46 [DEBUG] [com.zaxxer.hikari.pool.HikariPool] [logPoolState] [405] -> HikariPool-1 - Pool stats (total=10, active=0, idle=10, waiting=0)
2026-03-18 01:02:46 [DEBUG] [com.zaxxer.hikari.pool.HikariPool] [fillPool] [510] -> HikariPool-1 - Fill pool skipped, pool has sufficient level or currently being filled.
2026-03-18 01:03:16 [DEBUG] [com.zaxxer.hikari.pool.HikariPool] [logPoolState] [405] -> HikariPool-1 - Pool stats (total=10, active=0, idle=10, waiting=0)
2026-03-18 01:03:16 [DEBUG] [com.zaxxer.hikari.pool.HikariPool] [fillPool] [510] -> HikariPool-1 - Fill pool skipped, pool has sufficient level or currently being filled.
2026-03-18 01:03:47 [DEBUG] [com.zaxxer.hikari.pool.HikariPool] [logPoolState] [405] -> HikariPool-1 - Pool stats (total=10, active=0, idle=10, waiting=0)
2026-03-18 01:03:47 [DEBUG] [com.zaxxer.hikari.pool.HikariPool] [fillPool] [510] -> HikariPool-1 - Fill pool skipped, pool has sufficient level or currently being filled.
2026-03-18 01:04:17 [DEBUG] [com.zaxxer.hikari.pool.HikariPool] [logPoolState] [405] -> HikariPool-1 - Pool stats (total=10, active=0, idle=10, waiting=0)
2026-03-18 01:04:17 [DEBUG] [com.zaxxer.hikari.pool.HikariPool] [fillPool] [510] -> HikariPool-1 - Fill pool skipped, pool has sufficient level or currently being filled.
2026-03-18 01:04:47 [DEBUG] [com.zaxxer.hikari.pool.HikariPool] [logPoolState] [405] -> HikariPool-1 - Pool stats (total=10, active=0, idle=10, waiting=0)
2026-03-18 01:04:47 [DEBUG] [com.zaxxer.hikari.pool.HikariPool] [fillPool] [510] -> HikariPool-1 - Fill pool skipped, pool has sufficient level or currently being filled.
2026-03-18 01:05:17 [DEBUG] [com.zaxxer.hikari.pool.HikariPool] [logPoolState] [405] -> HikariPool-1 - Pool stats (total=10, active=0, idle=10, waiting=0)
2026-03-18 01:05:17 [DEBUG] [com.zaxxer.hikari.pool.HikariPool] [fillPool] [510] -> HikariPool-1 - Fill pool skipped, pool has sufficient level or currently being filled.
2026-03-18 01:05:47 [DEBUG] [com.zaxxer.hikari.pool.HikariPool] [logPoolState] [405] -> HikariPool-1 - Pool stats (total=10, active=0, idle=10, waiting=0)
2026-03-18 01:05:47 [DEBUG] [com.zaxxer.hikari.pool.HikariPool] [fillPool] [510] -> HikariPool-1 - Fill pool skipped, pool has sufficient level or currently being filled.
2026-03-18 01:06:17 [DEBUG] [com.zaxxer.hikari.pool.HikariPool] [logPoolState] [405] -> HikariPool-1 - Pool stats (total=10, active=0, idle=10, waiting=0)
2026-03-18 01:06:17 [DEBUG] [com.zaxxer.hikari.pool.HikariPool] [fillPool] [510] -> HikariPool-1 - Fill pool skipped, pool has sufficient level or currently being filled.
2026-03-18 01:06:47 [DEBUG] [com.zaxxer.hikari.pool.HikariPool] [logPoolState] [405] -> HikariPool-1 - Pool stats (total=10, active=0, idle=10, waiting=0)
2026-03-18 01:06:47 [DEBUG] [com.zaxxer.hikari.pool.HikariPool] [fillPool] [510] -> HikariPool-1 - Fill pool skipped, pool has sufficient level or currently being filled.
2026-03-18 01:07:17 [DEBUG] [com.zaxxer.hikari.pool.HikariPool] [logPoolState] [405] -> HikariPool-1 - Pool stats (total=10, active=0, idle=10, waiting=0)
2026-03-18 01:07:17 [DEBUG] [com.zaxxer.hikari.pool.HikariPool] [fillPool] [510] -> HikariPool-1 - Fill pool skipped, pool has sufficient level or currently being filled.
2026-03-18 01:07:47 [DEBUG] [com.zaxxer.hikari.pool.HikariPool] [logPoolState] [405] -> HikariPool-1 - Pool stats (total=10, active=0, idle=10, waiting=0)
2026-03-18 01:07:47 [DEBUG] [com.zaxxer.hikari.pool.HikariPool] [fillPool] [510] -> HikariPool-1 - Fill pool skipped, pool has sufficient level or currently being filled.
2026-03-18 01:08:17 [DEBUG] [com.zaxxer.hikari.pool.HikariPool] [logPoolState] [405] -> HikariPool-1 - Pool stats (total=10, active=0, idle=10, waiting=0)
2026-03-18 01:08:17 [DEBUG] [com.zaxxer.hikari.pool.HikariPool] [fillPool] [510] -> HikariPool-1 - Fill pool skipped, pool has sufficient level or currently being filled.
2026-03-18 01:08:38 [DEBUG] [org.springframework.boot.availability.ApplicationAvailabilityBean] [onApplicationEvent] [77] -> Application availability state ReadinessState changed from ACCEPTING_TRAFFIC to REFUSING_TRAFFIC
2026-03-18 01:08:38 [DEBUG] [org.springframework.boot.web.servlet.context.AnnotationConfigServletWebServerApplicationContext] [doClose] [1125] -> Closing org.springframework.boot.web.servlet.context.AnnotationConfigServletWebServerApplicationContext@1d470d0, started on Wed Mar 18 00:56:07 CST 2026
2026-03-18 01:08:38 [DEBUG] [org.springframework.context.support.DefaultLifecycleProcessor] [stop] [480] -> Stopping beans in phase 2147483647
2026-03-18 01:08:38 [DEBUG] [org.springframework.context.support.DefaultLifecycleProcessor] [lambda$doStop$4] [352] -> Bean 'applicationTaskExecutor' completed its stop procedure
2026-03-18 01:08:38 [DEBUG] [org.springframework.context.support.DefaultLifecycleProcessor] [stop] [480] -> Stopping beans in phase 2147482623
2026-03-18 01:08:38 [DEBUG] [org.springframework.context.support.DefaultLifecycleProcessor] [lambda$doStop$4] [352] -> Bean 'webServerGracefulShutdown' completed its stop procedure
2026-03-18 01:08:38 [DEBUG] [org.springframework.context.support.DefaultLifecycleProcessor] [stop] [480] -> Stopping beans in phase 2147481599
2026-03-18 01:08:38 [DEBUG] [org.springframework.context.support.DefaultLifecycleProcessor] [lambda$doStop$4] [352] -> Bean 'webServerStartStop' completed its stop procedure
2026-03-18 01:08:38 [DEBUG] [org.springframework.context.support.DefaultLifecycleProcessor] [stop] [480] -> Stopping beans in phase 0
2026-03-18 01:08:38 [DEBUG] [io.lettuce.core.AbstractRedisClient] [shutdownAsync] [564] -> Initiate shutdown (100, 100, MILLISECONDS)
2026-03-18 01:08:38 [DEBUG] [org.springframework.context.support.DefaultLifecycleProcessor] [lambda$doStop$4] [352] -> Bean 'redisConnectionFactory' completed its stop procedure
2026-03-18 01:08:38 [DEBUG] [org.springframework.context.support.DefaultLifecycleProcessor] [stop] [480] -> Stopping beans in phase -2147483647
2026-03-18 01:08:38 [DEBUG] [org.springframework.context.support.DefaultLifecycleProcessor] [lambda$doStop$4] [352] -> Bean 'springBootLoggingLifecycle' completed its stop procedure
2026-03-18 01:08:38 [DEBUG] [org.springframework.data.redis.listener.RedisMessageListenerContainer] [logDebug] [1007] -> Stopped RedisMessageListenerContainer
2026-03-18 01:08:38 [DEBUG] [org.springframework.jmx.export.annotation.AnnotationMBeanExporter] [destroy] [468] -> Unregistering JMX-exposed beans on shutdown
2026-03-18 01:08:38 [DEBUG] [org.springframework.jmx.export.annotation.AnnotationMBeanExporter] [unregisterBeans] [186] -> Unregistering JMX-exposed beans
2026-03-18 01:08:38 [DEBUG] [org.springframework.scheduling.concurrent.ThreadPoolTaskExecutor] [shutdown] [328] -> Shutting down ExecutorService 'applicationTaskExecutor'
2026-03-18 01:08:38 [INFO] [com.zaxxer.hikari.HikariDataSource] [close] [349] -> HikariPool-1 - Shutdown initiated...
2026-03-18 01:08:38 [DEBUG] [com.zaxxer.hikari.pool.HikariPool] [logPoolState] [405] -> HikariPool-1 - Before shutdown stats (total=10, active=0, idle=10, waiting=0)
2026-03-18 01:08:38 [DEBUG] [com.zaxxer.hikari.pool.PoolBase] [quietlyCloseConnection] [133] -> HikariPool-1 - Closing connection com.mysql.cj.jdbc.ConnectionImpl@39f84635: (connection evicted)
2026-03-18 01:08:38 [DEBUG] [com.zaxxer.hikari.pool.PoolBase] [quietlyCloseConnection] [133] -> HikariPool-1 - Closing connection com.mysql.cj.jdbc.ConnectionImpl@2603d448: (connection evicted)
2026-03-18 01:08:38 [DEBUG] [com.zaxxer.hikari.pool.PoolBase] [quietlyCloseConnection] [133] -> HikariPool-1 - Closing connection com.mysql.cj.jdbc.ConnectionImpl@673ede73: (connection evicted)
2026-03-18 01:08:38 [DEBUG] [com.zaxxer.hikari.pool.PoolBase] [quietlyCloseConnection] [133] -> HikariPool-1 - Closing connection com.mysql.cj.jdbc.ConnectionImpl@56937896: (connection evicted)
2026-03-18 01:08:38 [DEBUG] [com.zaxxer.hikari.pool.PoolBase] [quietlyCloseConnection] [133] -> HikariPool-1 - Closing connection com.mysql.cj.jdbc.ConnectionImpl@711213c: (connection evicted)
2026-03-18 01:08:38 [DEBUG] [com.zaxxer.hikari.pool.PoolBase] [quietlyCloseConnection] [133] -> HikariPool-1 - Closing connection com.mysql.cj.jdbc.ConnectionImpl@76392fe7: (connection evicted)
2026-03-18 01:08:38 [DEBUG] [com.zaxxer.hikari.pool.PoolBase] [quietlyCloseConnection] [133] -> HikariPool-1 - Closing connection com.mysql.cj.jdbc.ConnectionImpl@35f5a9c: (connection evicted)
2026-03-18 01:08:38 [DEBUG] [com.zaxxer.hikari.pool.PoolBase] [quietlyCloseConnection] [133] -> HikariPool-1 - Closing connection com.mysql.cj.jdbc.ConnectionImpl@1a9d4da9: (connection evicted)
2026-03-18 01:08:38 [DEBUG] [com.zaxxer.hikari.pool.PoolBase] [quietlyCloseConnection] [133] -> HikariPool-1 - Closing connection com.mysql.cj.jdbc.ConnectionImpl@22f1e926: (connection evicted)
2026-03-18 01:08:38 [DEBUG] [com.zaxxer.hikari.pool.PoolBase] [quietlyCloseConnection] [133] -> HikariPool-1 - Closing connection com.mysql.cj.jdbc.ConnectionImpl@57d70f7b: (connection evicted)
2026-03-18 01:08:38 [DEBUG] [com.zaxxer.hikari.pool.HikariPool] [logPoolState] [405] -> HikariPool-1 - After shutdown stats (total=0, active=0, idle=0, waiting=0)
2026-03-18 01:08:38 [INFO] [com.zaxxer.hikari.HikariDataSource] [close] [351] -> HikariPool-1 - Shutdown completed.
2026-03-18 01:08:38 [DEBUG] [io.lettuce.core.resource.DefaultClientResources] [shutdown] [735] -> Initiate shutdown (0, 2, SECONDS)
2026-03-18 01:08:38 [DEBUG] [io.lettuce.core.resource.DefaultEventLoopGroupProvider] [shutdown] [317] -> Initiate shutdown (0, 2, SECONDS)
2026-03-18 01:08:38 [DEBUG] [org.springframework.beans.factory.support.DisposableBeanAdapter] [logDestroyMethodCompletion] [361] -> Custom destroy method 'shutdown' on bean with name 'lettuceClientResources' completed asynchronously
